country_region_code,country_region,sub_region_1,sub_region_2,metro_area,iso_3166_2_code,census_fips_code,place_id,date,retail_and_recreation_percent_change_from_baseline,grocery_and_pharmacy_percent_change_from_baseline,parks_percent_change_from_baseline,transit_stations_percent_change_from_baseline,workplaces_percent_change_from_baseline,residential_percent_change_from_baseline
FJ,Fiji,,,,,,ChIJXdw8cP2QGW4Rk1vvRpkxnJ4,2020-02-15,4,1,1,4,4,1
FJ,Fiji,,,,,,ChIJXdw8cP2QGW4Rk1vvRpkxnJ4,2020-02-16,2,1,0,3,2,2
FJ,Fiji,,,,,,ChIJXdw8cP2QGW4Rk1vvRpkxnJ4,2020-02-17,-4,-3,-3,-2,9,0
FJ,Fiji,,,,,,ChIJXdw8cP2QGW4Rk1vvRpkxnJ4,2020-02-18,-2,-5,-4,6,8,1
FJ,Fiji,,,,,,ChIJXdw8cP2QGW4Rk1vvRpkxnJ4,2020-02-19,-2,-4,-2,4,8,0
FJ,Fiji,,,,,,ChIJXdw8cP2QGW4Rk1vvRpkxnJ4,2020-02-20,2,1,0,0,9,0
FJ,Fiji,,,,,,ChIJXdw8cP2QGW4Rk1vvRpkxnJ4,2020-02-21,2,2,-1,10,11,0
FJ,Fiji,,,,,,ChIJXdw8cP2QGW4Rk1vvRpkxnJ4,2020-02-22,0,-1,-1,7,5,2
FJ,Fiji,,,,,,ChIJXdw8cP2QGW4Rk1vvRpkxnJ4,2020-02-23,3,6,2,2,4,1
FJ,Fiji,,,,,,ChIJXdw8cP2QGW4Rk1vvRpkxnJ4,2020-02-24,-2,-6,0,0,9,0
FJ,Fiji,,,,,,ChIJXdw8cP2QGW4Rk1vvRpkxnJ4,2020-02-25,2,-7,2,5,9,-1
FJ,Fiji,,,,,,ChIJXdw8cP2QGW4Rk1vvRpkxnJ4,2020-02-26,1,-6,-2,4,8,-1
FJ,Fiji,,,,,,ChIJXdw8cP2QGW4Rk1vvRpkxnJ4,2020-02-27,1,-8,-2,-1,9,1
FJ,Fiji,,,,,,ChIJXdw8cP2QGW4Rk1vvRpkxnJ4,2020-02-28,3,-3,-3,6,12,0
FJ,Fiji,,,,,,ChIJXdw8cP2QGW4Rk1vvRpkxnJ4,2020-02-29,4,-1,0,2,8,0
FJ,Fiji,,,,,,ChIJXdw8cP2QGW4Rk1vvRpkxnJ4,2020-03-01,4,0,1,-1,6,0
FJ,Fiji,,,,,,ChIJXdw8cP2QGW4Rk1vvRpkxnJ4,2020-03-02,-3,-7,-6,-2,11,1
FJ,Fiji,,,,,,ChIJXdw8cP2QGW4Rk1vvRpkxnJ4,2020-03-03,2,-7,-2,4,11,0
FJ,Fiji,,,,,,ChIJXdw8cP2QGW4Rk1vvRpkxnJ4,2020-03-04,1,-6,-3,2,10,1
FJ,Fiji,,,,,,ChIJXdw8cP2QGW4Rk1vvRpkxnJ4,2020-03-05,9,0,0,2,10,1
FJ,Fiji,,,,,,ChIJXdw8cP2QGW4Rk1vvRpkxnJ4,2020-03-06,9,0,-3,6,14,1
FJ,Fiji,,,,,,ChIJXdw8cP2QGW4Rk1vvRpkxnJ4,2020-03-07,11,1,-2,5,8,0
FJ,Fiji,,,,,,ChIJXdw8cP2QGW4Rk1vvRpkxnJ4,2020-03-08,10,2,0,3,8,2
FJ,Fiji,,,,,,ChIJXdw8cP2QGW4Rk1vvRpkxnJ4,2020-03-09,0,-5,-5,0,10,1
FJ,Fiji,,,,,,ChIJXdw8cP2QGW4Rk1vvRpkxnJ4,2020-03-10,5,-6,-3,2,6,2
FJ,Fiji,,,,,,ChIJXdw8cP2QGW4Rk1vvRpkxnJ4,2020-03-11,3,-4,-6,0,9,1
FJ,Fiji,,,,,,ChIJXdw8cP2QGW4Rk1vvRpkxnJ4,2020-03-12,-1,-10,-10,-9,8,3
FJ,Fiji,,,,,,ChIJXdw8cP2QGW4Rk1vvRpkxnJ4,2020-03-13,2,-4,-7,-2,11,2
FJ,Fiji,,,,,,ChIJXdw8cP2QGW4Rk1vvRpkxnJ4,2020-03-14,5,-5,-7,0,7,2
FJ,Fiji,,,,,,ChIJXdw8cP2QGW4Rk1vvRpkxnJ4,2020-03-15,3,2,-2,-6,4,3
FJ,Fiji,,,,,,ChIJXdw8cP2QGW4Rk1vvRpkxnJ4,2020-03-16,-3,-6,-5,-5,9,2
FJ,Fiji,,,,,,ChIJXdw8cP2QGW4Rk1vvRpkxnJ4,2020-03-17,-2,-7,-7,-7,7,2
FJ,Fiji,,,,,,ChIJXdw8cP2QGW4Rk1vvRpkxnJ4,2020-03-18,-4,-8,-13,-5,7,3
FJ,Fiji,,,,,,ChIJXdw8cP2QGW4Rk1vvRpkxnJ4,2020-03-19,5,23,-9,-2,7,3
FJ,Fiji,,,,,,ChIJXdw8cP2QGW4Rk1vvRpkxnJ4,2020-03-20,-13,6,-15,-15,-3,11
FJ,Fiji,,,,,,ChIJXdw8cP2QGW4Rk1vvRpkxnJ4,2020-03-21,-26,-14,-23,-28,-11,12
FJ,Fiji,,,,,,ChIJXdw8cP2QGW4Rk1vvRpkxnJ4,2020-03-22,-30,-18,-18,-32,-2,11
FJ,Fiji,,,,,,ChIJXdw8cP2QGW4Rk1vvRpkxnJ4,2020-03-23,-19,-9,4,-26,-8,9
FJ,Fiji,,,,,,ChIJXdw8cP2QGW4Rk1vvRpkxnJ4,2020-03-24,-18,-8,0,-26,-10,10
FJ,Fiji,,,,,,ChIJXdw8cP2QGW4Rk1vvRpkxnJ4,2020-03-25,-24,-11,-3,-28,-15,12
FJ,Fiji,,,,,,ChIJXdw8cP2QGW4Rk1vvRpkxnJ4,2020-03-26,-28,-15,-7,-37,-17,16
FJ,Fiji,,,,,,ChIJXdw8cP2QGW4Rk1vvRpkxnJ4,2020-03-27,-29,-16,-10,-34,-15,17
FJ,Fiji,,,,,,ChIJXdw8cP2QGW4Rk1vvRpkxnJ4,2020-03-28,-34,-21,-21,-40,-15,15
FJ,Fiji,,,,,,ChIJXdw8cP2QGW4Rk1vvRpkxnJ4,2020-03-29,-39,-25,-13,-59,-6,12
FJ,Fiji,,,,,,ChIJXdw8cP2QGW4Rk1vvRpkxnJ4,2020-03-30,-33,-21,-12,-46,-22,15
FJ,Fiji,,,,,,ChIJXdw8cP2QGW4Rk1vvRpkxnJ4,2020-03-31,-34,-27,-14,-47,-26,15
FJ,Fiji,,,,,,ChIJXdw8cP2QGW4Rk1vvRpkxnJ4,2020-04-01,-32,-22,-15,-44,-23,16
FJ,Fiji,,,,,,ChIJXdw8cP2QGW4Rk1vvRpkxnJ4,2020-04-02,-26,-11,-16,-43,-24,16
FJ,Fiji,,,,,,ChIJXdw8cP2QGW4Rk1vvRpkxnJ4,2020-04-03,-47,-23,-26,-55,-41,29
FJ,Fiji,,,,,,ChIJXdw8cP2QGW4Rk1vvRpkxnJ4,2020-04-04,-50,-27,-31,-56,-32,22
FJ,Fiji,,,,,,ChIJXdw8cP2QGW4Rk1vvRpkxnJ4,2020-04-05,-52,-33,-28,-66,-17,18
FJ,Fiji,,,,,,ChIJXdw8cP2QGW4Rk1vvRpkxnJ4,2020-04-06,-46,-27,-22,-59,-43,24
FJ,Fiji,,,,,,ChIJXdw8cP2QGW4Rk1vvRpkxnJ4,2020-04-07,-39,-20,-23,-54,-42,21
FJ,Fiji,,,,,,ChIJXdw8cP2QGW4Rk1vvRpkxnJ4,2020-04-08,-76,-73,-36,-85,-73,23
FJ,Fiji,,,,,,ChIJXdw8cP2QGW4Rk1vvRpkxnJ4,2020-04-09,-42,-33,-30,-63,-50,18
FJ,Fiji,,,,,,ChIJXdw8cP2QGW4Rk1vvRpkxnJ4,2020-04-10,-64,-56,-37,-80,-71,35
FJ,Fiji,,,,,,ChIJXdw8cP2QGW4Rk1vvRpkxnJ4,2020-04-11,-47,-29,-35,-55,-36,19
FJ,Fiji,,,,,,ChIJXdw8cP2QGW4Rk1vvRpkxnJ4,2020-04-12,-54,-36,-31,-69,-21,16
FJ,Fiji,,,,,,ChIJXdw8cP2QGW4Rk1vvRpkxnJ4,2020-04-13,-66,-58,-31,-83,-73,32
FJ,Fiji,,,,,,ChIJXdw8cP2QGW4Rk1vvRpkxnJ4,2020-04-14,-39,-24,-23,-52,-39,20
FJ,Fiji,,,,,,ChIJXdw8cP2QGW4Rk1vvRpkxnJ4,2020-04-15,-43,-26,-26,-55,-40,23
FJ,Fiji,,,,,,ChIJXdw8cP2QGW4Rk1vvRpkxnJ4,2020-04-16,-38,-23,-21,-55,-38,23
FJ,Fiji,,,,,,ChIJXdw8cP2QGW4Rk1vvRpkxnJ4,2020-04-17,-30,-23,-21,-43,-26,21
FJ,Fiji,,,,,,ChIJXdw8cP2QGW4Rk1vvRpkxnJ4,2020-04-18,-29,-16,-23,-32,-18,15
FJ,Fiji,,,,,,ChIJXdw8cP2QGW4Rk1vvRpkxnJ4,2020-04-19,-38,-20,-21,-59,-14,13
FJ,Fiji,,,,,,ChIJXdw8cP2QGW4Rk1vvRpkxnJ4,2020-04-20,-29,-20,-17,-42,-20,14
FJ,Fiji,,,,,,ChIJXdw8cP2QGW4Rk1vvRpkxnJ4,2020-04-21,-28,-22,-18,-41,-22,15
FJ,Fiji,,,,,,ChIJXdw8cP2QGW4Rk1vvRpkxnJ4,2020-04-22,-31,-24,-20,-43,-22,16
FJ,Fiji,,,,,,ChIJXdw8cP2QGW4Rk1vvRpkxnJ4,2020-04-23,-30,-23,-18,-42,-21,18
FJ,Fiji,,,,,,ChIJXdw8cP2QGW4Rk1vvRpkxnJ4,2020-04-24,-31,-21,-22,-41,-18,18
FJ,Fiji,,,,,,ChIJXdw8cP2QGW4Rk1vvRpkxnJ4,2020-04-25,-24,-13,-21,-32,-14,14
FJ,Fiji,,,,,,ChIJXdw8cP2QGW4Rk1vvRpkxnJ4,2020-04-26,-40,-23,-22,-59,-16,13
FJ,Fiji,,,,,,ChIJXdw8cP2QGW4Rk1vvRpkxnJ4,2020-04-27,-31,-24,-19,-43,-20,15
FJ,Fiji,,,,,,ChIJXdw8cP2QGW4Rk1vvRpkxnJ4,2020-04-28,-30,-22,-18,-40,-20,15
FJ,Fiji,,,,,,ChIJXdw8cP2QGW4Rk1vvRpkxnJ4,2020-04-29,-29,-23,-18,-38,-23,9
FJ,Fiji,,,,,,ChIJXdw8cP2QGW4Rk1vvRpkxnJ4,2020-04-30,-21,-14,-16,-34,-19,15
FJ,Fiji,,,,,,ChIJXdw8cP2QGW4Rk1vvRpkxnJ4,2020-05-01,-21,-10,-14,-29,-14,15
FJ,Fiji,,,,,,ChIJXdw8cP2QGW4Rk1vvRpkxnJ4,2020-05-02,-17,-5,-13,-19,-12,11
FJ,Fiji,,,,,,ChIJXdw8cP2QGW4Rk1vvRpkxnJ4,2020-05-03,-30,-12,-12,-52,-11,11
FJ,Fiji,,,,,,ChIJXdw8cP2QGW4Rk1vvRpkxnJ4,2020-05-04,-19,-9,-4,-30,-14,11
FJ,Fiji,,,,,,ChIJXdw8cP2QGW4Rk1vvRpkxnJ4,2020-05-05,-18,-12,-9,-29,-14,13
FJ,Fiji,,,,,,ChIJXdw8cP2QGW4Rk1vvRpkxnJ4,2020-05-06,-21,-10,-8,-29,-15,15
FJ,Fiji,,,,,,ChIJXdw8cP2QGW4Rk1vvRpkxnJ4,2020-05-07,-19,-12,-8,-25,-15,14
FJ,Fiji,,,,,,ChIJXdw8cP2QGW4Rk1vvRpkxnJ4,2020-05-08,-22,-10,-15,-26,-13,18
FJ,Fiji,,,,,,ChIJXdw8cP2QGW4Rk1vvRpkxnJ4,2020-05-09,-8,5,-11,-12,-10,10
FJ,Fiji,,,,,,ChIJXdw8cP2QGW4Rk1vvRpkxnJ4,2020-05-10,-13,4,-2,-37,-11,6
FJ,Fiji,,,,,,ChIJXdw8cP2QGW4Rk1vvRpkxnJ4,2020-05-11,-22,-12,-9,-30,-17,12
FJ,Fiji,,,,,,ChIJXdw8cP2QGW4Rk1vvRpkxnJ4,2020-05-12,-18,-11,-10,-25,-15,13
FJ,Fiji,,,,,,ChIJXdw8cP2QGW4Rk1vvRpkxnJ4,2020-05-13,-22,-14,-12,-26,-14,13
FJ,Fiji,,,,,,ChIJXdw8cP2QGW4Rk1vvRpkxnJ4,2020-05-14,-16,-7,-11,-23,-15,13
FJ,Fiji,,,,,,ChIJXdw8cP2QGW4Rk1vvRpkxnJ4,2020-05-15,-16,-4,-10,-22,-12,14
FJ,Fiji,,,,,,ChIJXdw8cP2QGW4Rk1vvRpkxnJ4,2020-05-16,-14,-1,-9,-18,-10,10
FJ,Fiji,,,,,,ChIJXdw8cP2QGW4Rk1vvRpkxnJ4,2020-05-17,-24,-8,-7,-39,-9,8
FJ,Fiji,,,,,,ChIJXdw8cP2QGW4Rk1vvRpkxnJ4,2020-05-18,-18,-11,-10,-29,-14,12
FJ,Fiji,,,,,,ChIJXdw8cP2QGW4Rk1vvRpkxnJ4,2020-05-19,-17,-11,-12,-24,-14,12
FJ,Fiji,,,,,,ChIJXdw8cP2QGW4Rk1vvRpkxnJ4,2020-05-20,-18,-8,-8,-25,-14,14
FJ,Fiji,,,,,,ChIJXdw8cP2QGW4Rk1vvRpkxnJ4,2020-05-21,-18,-11,-11,-29,-14,14
FJ,Fiji,,,,,,ChIJXdw8cP2QGW4Rk1vvRpkxnJ4,2020-05-22,-19,-8,-14,-22,-11,15
FJ,Fiji,,,,,,ChIJXdw8cP2QGW4Rk1vvRpkxnJ4,2020-05-23,-17,-1,-13,-19,-10,11
FJ,Fiji,,,,,,ChIJXdw8cP2QGW4Rk1vvRpkxnJ4,2020-05-24,-24,-9,1,-36,-10,7
FJ,Fiji,,,,,,ChIJXdw8cP2QGW4Rk1vvRpkxnJ4,2020-05-25,-23,-15,-9,-32,-17,12
FJ,Fiji,,,,,,ChIJXdw8cP2QGW4Rk1vvRpkxnJ4,2020-05-26,-19,-13,-10,-27,-12,11
FJ,Fiji,,,,,,ChIJXdw8cP2QGW4Rk1vvRpkxnJ4,2020-05-27,-20,-13,-12,-27,-12,13
FJ,Fiji,,,,,,ChIJXdw8cP2QGW4Rk1vvRpkxnJ4,2020-05-28,-15,-7,-11,-25,-11,12
FJ,Fiji,,,,,,ChIJXdw8cP2QGW4Rk1vvRpkxnJ4,2020-05-29,-15,-2,-11,-20,-8,13
FJ,Fiji,,,,,,ChIJXdw8cP2QGW4Rk1vvRpkxnJ4,2020-05-30,-15,-2,-13,-19,-8,9
FJ,Fiji,,,,,,ChIJXdw8cP2QGW4Rk1vvRpkxnJ4,2020-05-31,-28,-10,-14,-40,-7,9
FJ,Fiji,,,,,,ChIJXdw8cP2QGW4Rk1vvRpkxnJ4,2020-06-01,-15,-5,-3,-28,-10,10
FJ,Fiji,,,,,,ChIJXdw8cP2QGW4Rk1vvRpkxnJ4,2020-06-02,-13,-4,0,-23,-8,11
FJ,Fiji,,,,,,ChIJXdw8cP2QGW4Rk1vvRpkxnJ4,2020-06-03,-13,-3,-2,-22,-8,12
FJ,Fiji,,,,,,ChIJXdw8cP2QGW4Rk1vvRpkxnJ4,2020-06-04,-13,-5,-5,-24,-9,12
FJ,Fiji,,,,,,ChIJXdw8cP2QGW4Rk1vvRpkxnJ4,2020-06-05,-14,0,-2,-17,-6,13
FJ,Fiji,,,,,,ChIJXdw8cP2QGW4Rk1vvRpkxnJ4,2020-06-06,-15,0,-6,-16,-6,9
FJ,Fiji,,,,,,ChIJXdw8cP2QGW4Rk1vvRpkxnJ4,2020-06-07,-23,-3,-2,-34,-5,7
FJ,Fiji,,,,,,ChIJXdw8cP2QGW4Rk1vvRpkxnJ4,2020-06-08,-16,-6,-3,-28,-10,10
FJ,Fiji,,,,,,ChIJXdw8cP2QGW4Rk1vvRpkxnJ4,2020-06-09,-16,-8,-8,-24,-10,11
FJ,Fiji,,,,,,ChIJXdw8cP2QGW4Rk1vvRpkxnJ4,2020-06-10,-12,-6,-4,-22,-10,12
FJ,Fiji,,,,,,ChIJXdw8cP2QGW4Rk1vvRpkxnJ4,2020-06-11,-6,-3,-8,-25,-10,12
FJ,Fiji,,,,,,ChIJXdw8cP2QGW4Rk1vvRpkxnJ4,2020-06-12,-8,-1,-6,-22,-8,13
FJ,Fiji,,,,,,ChIJXdw8cP2QGW4Rk1vvRpkxnJ4,2020-06-13,-9,0,-10,-20,-5,9
FJ,Fiji,,,,,,ChIJXdw8cP2QGW4Rk1vvRpkxnJ4,2020-06-14,-14,-5,-8,-36,-3,8
FJ,Fiji,,,,,,ChIJXdw8cP2QGW4Rk1vvRpkxnJ4,2020-06-15,-17,-8,-7,-31,-11,11
FJ,Fiji,,,,,,ChIJXdw8cP2QGW4Rk1vvRpkxnJ4,2020-06-16,-15,-6,-10,-26,-10,12
FJ,Fiji,,,,,,ChIJXdw8cP2QGW4Rk1vvRpkxnJ4,2020-06-17,-16,-5,-6,-28,-11,12
FJ,Fiji,,,,,,ChIJXdw8cP2QGW4Rk1vvRpkxnJ4,2020-06-18,-18,-10,-7,-30,-10,12
FJ,Fiji,,,,,,ChIJXdw8cP2QGW4Rk1vvRpkxnJ4,2020-06-19,-17,-7,-8,-25,-8,14
FJ,Fiji,,,,,,ChIJXdw8cP2QGW4Rk1vvRpkxnJ4,2020-06-20,-15,-2,-8,-24,-6,9
FJ,Fiji,,,,,,ChIJXdw8cP2QGW4Rk1vvRpkxnJ4,2020-06-21,-23,-4,-1,-38,-1,7
FJ,Fiji,,,,,,ChIJXdw8cP2QGW4Rk1vvRpkxnJ4,2020-06-22,-18,-9,-3,-31,-12,10
FJ,Fiji,,,,,,ChIJXdw8cP2QGW4Rk1vvRpkxnJ4,2020-06-23,-11,-7,-5,-28,-10,10
FJ,Fiji,,,,,,ChIJXdw8cP2QGW4Rk1vvRpkxnJ4,2020-06-24,-12,-3,-4,-25,-12,10
FJ,Fiji,,,,,,ChIJXdw8cP2QGW4Rk1vvRpkxnJ4,2020-06-25,-7,-1,-5,-23,-11,10
FJ,Fiji,,,,,,ChIJXdw8cP2QGW4Rk1vvRpkxnJ4,2020-06-26,-9,0,-7,-18,-8,11
FJ,Fiji,,,,,,ChIJXdw8cP2QGW4Rk1vvRpkxnJ4,2020-06-27,-8,2,-7,-19,-5,7
FJ,Fiji,,,,,,ChIJXdw8cP2QGW4Rk1vvRpkxnJ4,2020-06-28,-14,-1,-2,-27,-6,5
FJ,Fiji,,,,,,ChIJXdw8cP2QGW4Rk1vvRpkxnJ4,2020-06-29,-13,-6,-5,-24,-10,8
FJ,Fiji,,,,,,ChIJXdw8cP2QGW4Rk1vvRpkxnJ4,2020-06-30,-10,-1,-11,-23,-9,9
FJ,Fiji,,,,,,ChIJXdw8cP2QGW4Rk1vvRpkxnJ4,2020-07-01,-11,-2,-8,-22,-7,8
FJ,Fiji,,,,,,ChIJXdw8cP2QGW4Rk1vvRpkxnJ4,2020-07-02,-12,-8,-10,-24,-9,10
FJ,Fiji,,,,,,ChIJXdw8cP2QGW4Rk1vvRpkxnJ4,2020-07-03,-11,-2,-10,-19,-7,11
FJ,Fiji,,,,,,ChIJXdw8cP2QGW4Rk1vvRpkxnJ4,2020-07-04,-8,2,-6,-16,-9,8
FJ,Fiji,,,,,,ChIJXdw8cP2QGW4Rk1vvRpkxnJ4,2020-07-05,-12,4,-3,-29,-5,6
FJ,Fiji,,,,,,ChIJXdw8cP2QGW4Rk1vvRpkxnJ4,2020-07-06,-11,0,-7,-24,-9,8
FJ,Fiji,,,,,,ChIJXdw8cP2QGW4Rk1vvRpkxnJ4,2020-07-07,-7,4,-7,-21,-9,9
FJ,Fiji,,,,,,ChIJXdw8cP2QGW4Rk1vvRpkxnJ4,2020-07-08,-10,2,-12,-24,-7,9
FJ,Fiji,,,,,,ChIJXdw8cP2QGW4Rk1vvRpkxnJ4,2020-07-09,-5,7,-8,-22,-8,8
FJ,Fiji,,,,,,ChIJXdw8cP2QGW4Rk1vvRpkxnJ4,2020-07-10,-5,8,-10,-16,-4,8
FJ,Fiji,,,,,,ChIJXdw8cP2QGW4Rk1vvRpkxnJ4,2020-07-11,-3,10,-12,-27,-8,7
FJ,Fiji,,,,,,ChIJXdw8cP2QGW4Rk1vvRpkxnJ4,2020-07-12,-12,13,-7,-40,-5,7
FJ,Fiji,,,,,,ChIJXdw8cP2QGW4Rk1vvRpkxnJ4,2020-07-13,-10,4,-13,-30,-8,8
FJ,Fiji,,,,,,ChIJXdw8cP2QGW4Rk1vvRpkxnJ4,2020-07-14,-9,3,-12,-31,-7,7
FJ,Fiji,,,,,,ChIJXdw8cP2QGW4Rk1vvRpkxnJ4,2020-07-15,-8,6,-14,-29,-6,8
FJ,Fiji,,,,,,ChIJXdw8cP2QGW4Rk1vvRpkxnJ4,2020-07-16,-10,1,-13,-29,-6,8
FJ,Fiji,,,,,,ChIJXdw8cP2QGW4Rk1vvRpkxnJ4,2020-07-17,-9,6,-10,-19,-3,8
FJ,Fiji,,,,,,ChIJXdw8cP2QGW4Rk1vvRpkxnJ4,2020-07-18,-8,4,-11,-22,-8,7
FJ,Fiji,,,,,,ChIJXdw8cP2QGW4Rk1vvRpkxnJ4,2020-07-19,-13,7,-6,-33,-5,6
FJ,Fiji,,,,,,ChIJXdw8cP2QGW4Rk1vvRpkxnJ4,2020-07-20,-13,2,-11,-27,-8,7
FJ,Fiji,,,,,,ChIJXdw8cP2QGW4Rk1vvRpkxnJ4,2020-07-21,-7,4,-10,-20,-6,6
FJ,Fiji,,,,,,ChIJXdw8cP2QGW4Rk1vvRpkxnJ4,2020-07-22,-4,7,-8,-17,-4,7
FJ,Fiji,,,,,,ChIJXdw8cP2QGW4Rk1vvRpkxnJ4,2020-07-23,0,10,-6,-15,-4,6
FJ,Fiji,,,,,,ChIJXdw8cP2QGW4Rk1vvRpkxnJ4,2020-07-24,-1,14,-4,-10,-2,6
FJ,Fiji,,,,,,ChIJXdw8cP2QGW4Rk1vvRpkxnJ4,2020-07-25,2,14,-4,-11,-9,5
FJ,Fiji,,,,,,ChIJXdw8cP2QGW4Rk1vvRpkxnJ4,2020-07-26,-7,14,0,-28,-6,5
FJ,Fiji,,,,,,ChIJXdw8cP2QGW4Rk1vvRpkxnJ4,2020-07-27,-9,5,-7,-20,-8,7
FJ,Fiji,,,,,,ChIJXdw8cP2QGW4Rk1vvRpkxnJ4,2020-07-28,-4,7,-10,-17,-4,7
FJ,Fiji,,,,,,ChIJXdw8cP2QGW4Rk1vvRpkxnJ4,2020-07-29,-6,8,-8,-17,-4,6
FJ,Fiji,,,,,,ChIJXdw8cP2QGW4Rk1vvRpkxnJ4,2020-07-30,-6,4,-13,-19,-5,6
FJ,Fiji,,,,,,ChIJXdw8cP2QGW4Rk1vvRpkxnJ4,2020-07-31,-2,10,-9,-12,-2,5
FJ,Fiji,,,,,,ChIJXdw8cP2QGW4Rk1vvRpkxnJ4,2020-08-01,-4,8,-7,-19,-13,5
FJ,Fiji,,,,,,ChIJXdw8cP2QGW4Rk1vvRpkxnJ4,2020-08-02,-8,12,-5,-31,-9,5
FJ,Fiji,,,,,,ChIJXdw8cP2QGW4Rk1vvRpkxnJ4,2020-08-03,-6,6,-11,-21,-6,6
FJ,Fiji,,,,,,ChIJXdw8cP2QGW4Rk1vvRpkxnJ4,2020-08-04,0,7,-12,-15,-5,7
FJ,Fiji,,,,,,ChIJXdw8cP2QGW4Rk1vvRpkxnJ4,2020-08-05,0,11,-9,-13,-3,6
FJ,Fiji,,,,,,ChIJXdw8cP2QGW4Rk1vvRpkxnJ4,2020-08-06,5,11,-8,-10,-3,6
FJ,Fiji,,,,,,ChIJXdw8cP2QGW4Rk1vvRpkxnJ4,2020-08-07,4,11,-1,-9,0,3
FJ,Fiji,,,,,,ChIJXdw8cP2QGW4Rk1vvRpkxnJ4,2020-08-08,4,12,-1,-11,-8,5
FJ,Fiji,,,,,,ChIJXdw8cP2QGW4Rk1vvRpkxnJ4,2020-08-09,-2,14,2,-25,-5,4
FJ,Fiji,,,,,,ChIJXdw8cP2QGW4Rk1vvRpkxnJ4,2020-08-10,-2,7,-5,-15,-4,5
FJ,Fiji,,,,,,ChIJXdw8cP2QGW4Rk1vvRpkxnJ4,2020-08-11,1,7,-5,-15,-3,4
FJ,Fiji,,,,,,ChIJXdw8cP2QGW4Rk1vvRpkxnJ4,2020-08-12,-1,8,-5,-17,-2,5
FJ,Fiji,,,,,,ChIJXdw8cP2QGW4Rk1vvRpkxnJ4,2020-08-13,-3,4,-8,-16,-4,5
FJ,Fiji,,,,,,ChIJXdw8cP2QGW4Rk1vvRpkxnJ4,2020-08-14,-3,8,-9,-12,-1,5
FJ,Fiji,,,,,,ChIJXdw8cP2QGW4Rk1vvRpkxnJ4,2020-08-15,2,10,-4,-17,-9,4
FJ,Fiji,,,,,,ChIJXdw8cP2QGW4Rk1vvRpkxnJ4,2020-08-16,-3,15,0,-29,-8,3
FJ,Fiji,,,,,,ChIJXdw8cP2QGW4Rk1vvRpkxnJ4,2020-08-17,,,-10,-24,-5,5
FJ,Fiji,,,,,,ChIJXdw8cP2QGW4Rk1vvRpkxnJ4,2020-08-18,,,-9,-20,-1,4
FJ,Fiji,,,,,,ChIJXdw8cP2QGW4Rk1vvRpkxnJ4,2020-08-19,,,-9,-18,-1,4
FJ,Fiji,,,,,,ChIJXdw8cP2QGW4Rk1vvRpkxnJ4,2020-08-20,,5,-9,-15,0,3
FJ,Fiji,,,,,,ChIJXdw8cP2QGW4Rk1vvRpkxnJ4,2020-08-21,4,10,-5,-11,0,4
FJ,Fiji,,,,,,ChIJXdw8cP2QGW4Rk1vvRpkxnJ4,2020-08-22,2,12,-2,-14,-9,2
FJ,Fiji,,,,,,ChIJXdw8cP2QGW4Rk1vvRpkxnJ4,2020-08-23,,,3,,,2
FJ,Fiji,,,,,,ChIJXdw8cP2QGW4Rk1vvRpkxnJ4,2020-08-24,,,,-16,-2,5
FJ,Fiji,,,,,,ChIJXdw8cP2QGW4Rk1vvRpkxnJ4,2020-08-25,,,,-13,-1,4
FJ,Fiji,,,,,,ChIJXdw8cP2QGW4Rk1vvRpkxnJ4,2020-08-26,,,-5,-15,1,3
FJ,Fiji,,,,,,ChIJXdw8cP2QGW4Rk1vvRpkxnJ4,2020-08-27,,4,-6,-16,0,3
FJ,Fiji,,,,,,ChIJXdw8cP2QGW4Rk1vvRpkxnJ4,2020-08-28,2,9,-3,-12,1,2
FJ,Fiji,,,,,,ChIJXdw8cP2QGW4Rk1vvRpkxnJ4,2020-08-29,2,9,-3,-19,-8,1
FJ,Fiji,,,,,,ChIJXdw8cP2QGW4Rk1vvRpkxnJ4,2020-08-30,,,5,,,1
FJ,Fiji,,,,,,ChIJXdw8cP2QGW4Rk1vvRpkxnJ4,2020-08-31,,,,-24,-5,4
FJ,Fiji,,,,,,ChIJXdw8cP2QGW4Rk1vvRpkxnJ4,2020-09-01,,,,-18,-3,4
FJ,Fiji,,,,,,ChIJXdw8cP2QGW4Rk1vvRpkxnJ4,2020-09-02,,,-6,-19,-2,5
FJ,Fiji,,,,,,ChIJXdw8cP2QGW4Rk1vvRpkxnJ4,2020-09-03,,4,-8,-16,-1,6
FJ,Fiji,,,,,,ChIJXdw8cP2QGW4Rk1vvRpkxnJ4,2020-09-04,,10,-6,-9,1,7
FJ,Fiji,,,,,,ChIJXdw8cP2QGW4Rk1vvRpkxnJ4,2020-09-05,16,17,-2,-8,-11,4
FJ,Fiji,,,,,,ChIJXdw8cP2QGW4Rk1vvRpkxnJ4,2020-09-06,,,10,,,2
FJ,Fiji,,,,,,ChIJXdw8cP2QGW4Rk1vvRpkxnJ4,2020-09-07,-28,-24,,-60,-72,18
FJ,Fiji,,,,,,ChIJXdw8cP2QGW4Rk1vvRpkxnJ4,2020-09-08,,,,-6,0,4
FJ,Fiji,,,,,,ChIJXdw8cP2QGW4Rk1vvRpkxnJ4,2020-09-09,,,-7,-12,1,6
FJ,Fiji,,,,,,ChIJXdw8cP2QGW4Rk1vvRpkxnJ4,2020-09-10,,0,-5,-18,-1,8
FJ,Fiji,,,,,,ChIJXdw8cP2QGW4Rk1vvRpkxnJ4,2020-09-11,8,6,-5,-12,2,6
FJ,Fiji,,,,,,ChIJXdw8cP2QGW4Rk1vvRpkxnJ4,2020-09-12,8,7,-6,-21,-10,7
FJ,Fiji,,,,,,ChIJXdw8cP2QGW4Rk1vvRpkxnJ4,2020-09-13,-2,7,0,-30,-17,6
FJ,Fiji,,,,,,ChIJXdw8cP2QGW4Rk1vvRpkxnJ4,2020-09-14,3,4,-1,-19,3,7
FJ,Fiji,,,,,,ChIJXdw8cP2QGW4Rk1vvRpkxnJ4,2020-09-15,12,10,-1,-12,4,6
FJ,Fiji,,,,,,ChIJXdw8cP2QGW4Rk1vvRpkxnJ4,2020-09-16,13,13,2,-9,4,7
FJ,Fiji,,,,,,ChIJXdw8cP2QGW4Rk1vvRpkxnJ4,2020-09-17,14,9,-2,-9,2,7
FJ,Fiji,,,,,,ChIJXdw8cP2QGW4Rk1vvRpkxnJ4,2020-09-18,13,11,0,-5,4,7
FJ,Fiji,,,,,,ChIJXdw8cP2QGW4Rk1vvRpkxnJ4,2020-09-19,10,10,0,-11,-11,6
FJ,Fiji,,,,,,ChIJXdw8cP2QGW4Rk1vvRpkxnJ4,2020-09-20,8,11,5,-25,-17,6
FJ,Fiji,,,,,,ChIJXdw8cP2QGW4Rk1vvRpkxnJ4,2020-09-21,3,3,0,-19,-9,9
FJ,Fiji,,,,,,ChIJXdw8cP2QGW4Rk1vvRpkxnJ4,2020-09-22,6,4,-2,-13,-9,11
FJ,Fiji,,,,,,ChIJXdw8cP2QGW4Rk1vvRpkxnJ4,2020-09-23,6,9,2,-10,-7,9
FJ,Fiji,,,,,,ChIJXdw8cP2QGW4Rk1vvRpkxnJ4,2020-09-24,2,0,1,-11,-9,9
FJ,Fiji,,,,,,ChIJXdw8cP2QGW4Rk1vvRpkxnJ4,2020-09-25,3,4,-1,-10,-8,11
FJ,Fiji,,,,,,ChIJXdw8cP2QGW4Rk1vvRpkxnJ4,2020-09-26,2,4,0,-16,-13,8
FJ,Fiji,,,,,,ChIJXdw8cP2QGW4Rk1vvRpkxnJ4,2020-09-27,-5,5,5,-20,-20,7
FJ,Fiji,,,,,,ChIJXdw8cP2QGW4Rk1vvRpkxnJ4,2020-09-28,-1,4,0,-14,-1,9
FJ,Fiji,,,,,,ChIJXdw8cP2QGW4Rk1vvRpkxnJ4,2020-09-29,0,4,-4,-10,0,8
FJ,Fiji,,,,,,ChIJXdw8cP2QGW4Rk1vvRpkxnJ4,2020-09-30,-1,7,-9,-11,-1,6
FJ,Fiji,,,,,,ChIJXdw8cP2QGW4Rk1vvRpkxnJ4,2020-10-01,2,5,-17,-11,-1,3
FJ,Fiji,,,,,,ChIJXdw8cP2QGW4Rk1vvRpkxnJ4,2020-10-02,3,6,-18,-10,1,2
FJ,Fiji,,,,,,ChIJXdw8cP2QGW4Rk1vvRpkxnJ4,2020-10-03,-4,1,-25,-27,-16,6
FJ,Fiji,,,,,,ChIJXdw8cP2QGW4Rk1vvRpkxnJ4,2020-10-04,-4,9,-10,-33,-25,3
FJ,Fiji,,,,,,ChIJXdw8cP2QGW4Rk1vvRpkxnJ4,2020-10-05,-2,3,-15,-19,-2,2
FJ,Fiji,,,,,,ChIJXdw8cP2QGW4Rk1vvRpkxnJ4,2020-10-06,7,5,-13,-10,-1,1
FJ,Fiji,,,,,,ChIJXdw8cP2QGW4Rk1vvRpkxnJ4,2020-10-07,8,10,-14,-8,2,2
FJ,Fiji,,,,,,ChIJXdw8cP2QGW4Rk1vvRpkxnJ4,2020-10-08,14,9,-12,-7,2,4
FJ,Fiji,,,,,,ChIJXdw8cP2QGW4Rk1vvRpkxnJ4,2020-10-09,9,9,-11,-5,8,4
FJ,Fiji,,,,,,ChIJXdw8cP2QGW4Rk1vvRpkxnJ4,2020-10-10,-3,-2,-1,-39,-28,8
FJ,Fiji,,,,,,ChIJXdw8cP2QGW4Rk1vvRpkxnJ4,2020-10-11,-3,1,-6,-37,-24,7
FJ,Fiji,,,,,,ChIJXdw8cP2QGW4Rk1vvRpkxnJ4,2020-10-12,-4,0,-10,-20,-1,8
FJ,Fiji,,,,,,ChIJXdw8cP2QGW4Rk1vvRpkxnJ4,2020-10-13,1,3,-12,-15,3,7
FJ,Fiji,,,,,,ChIJXdw8cP2QGW4Rk1vvRpkxnJ4,2020-10-14,1,7,-12,-16,5,7
FJ,Fiji,,,,,,ChIJXdw8cP2QGW4Rk1vvRpkxnJ4,2020-10-15,7,9,-16,-17,4,8
FJ,Fiji,,,,,,ChIJXdw8cP2QGW4Rk1vvRpkxnJ4,2020-10-16,4,8,-18,-18,6,10
FJ,Fiji,,,,,,ChIJXdw8cP2QGW4Rk1vvRpkxnJ4,2020-10-17,-1,5,-18,-28,-12,10
FJ,Fiji,,,,,,ChIJXdw8cP2QGW4Rk1vvRpkxnJ4,2020-10-18,-5,6,-10,-35,-20,9
FJ,Fiji,,,,,,ChIJXdw8cP2QGW4Rk1vvRpkxnJ4,2020-10-19,-4,4,-17,-22,3,8
FJ,Fiji,,,,,,ChIJXdw8cP2QGW4Rk1vvRpkxnJ4,2020-10-20,2,4,-14,-16,4,8
FJ,Fiji,,,,,,ChIJXdw8cP2QGW4Rk1vvRpkxnJ4,2020-10-21,1,4,-14,-16,5,8
FJ,Fiji,,,,,,ChIJXdw8cP2QGW4Rk1vvRpkxnJ4,2020-10-22,2,2,-12,-17,5,7
FJ,Fiji,,,,,,ChIJXdw8cP2QGW4Rk1vvRpkxnJ4,2020-10-23,4,5,-11,-14,7,7
FJ,Fiji,,,,,,ChIJXdw8cP2QGW4Rk1vvRpkxnJ4,2020-10-24,1,5,-10,-27,-10,7
FJ,Fiji,,,,,,ChIJXdw8cP2QGW4Rk1vvRpkxnJ4,2020-10-25,-3,5,-8,-35,-17,6
FJ,Fiji,,,,,,ChIJXdw8cP2QGW4Rk1vvRpkxnJ4,2020-10-26,1,4,-9,-23,2,6
FJ,Fiji,,,,,,ChIJXdw8cP2QGW4Rk1vvRpkxnJ4,2020-10-27,6,6,-10,-17,2,7
FJ,Fiji,,,,,,ChIJXdw8cP2QGW4Rk1vvRpkxnJ4,2020-10-28,7,9,-12,-13,4,6
FJ,Fiji,,,,,,ChIJXdw8cP2QGW4Rk1vvRpkxnJ4,2020-10-29,13,7,-13,-7,3,6
FJ,Fiji,,,,,,ChIJXdw8cP2QGW4Rk1vvRpkxnJ4,2020-10-30,10,11,-16,-4,4,4
FJ,Fiji,,,,,,ChIJXdw8cP2QGW4Rk1vvRpkxnJ4,2020-10-31,7,8,-11,-16,-11,3
FJ,Fiji,,,,,,ChIJXdw8cP2QGW4Rk1vvRpkxnJ4,2020-11-01,5,14,-8,-30,-24,6
FJ,Fiji,,,,,,ChIJXdw8cP2QGW4Rk1vvRpkxnJ4,2020-11-02,-31,-26,-15,-61,-73,21
FJ,Fiji,,,,,,ChIJXdw8cP2QGW4Rk1vvRpkxnJ4,2020-11-03,9,10,-18,-7,0,6
FJ,Fiji,,,,,,ChIJXdw8cP2QGW4Rk1vvRpkxnJ4,2020-11-04,3,7,-19,-10,1,7
FJ,Fiji,,,,,,ChIJXdw8cP2QGW4Rk1vvRpkxnJ4,2020-11-05,2,2,-18,-14,2,7
FJ,Fiji,,,,,,ChIJXdw8cP2QGW4Rk1vvRpkxnJ4,2020-11-06,3,4,-18,-13,4,6
FJ,Fiji,,,,,,ChIJXdw8cP2QGW4Rk1vvRpkxnJ4,2020-11-07,2,4,-18,-26,-8,7
FJ,Fiji,,,,,,ChIJXdw8cP2QGW4Rk1vvRpkxnJ4,2020-11-08,0,10,-14,-32,-16,8
FJ,Fiji,,,,,,ChIJXdw8cP2QGW4Rk1vvRpkxnJ4,2020-11-09,2,4,-18,-20,1,7
FJ,Fiji,,,,,,ChIJXdw8cP2QGW4Rk1vvRpkxnJ4,2020-11-10,7,7,-15,-14,0,6
FJ,Fiji,,,,,,ChIJXdw8cP2QGW4Rk1vvRpkxnJ4,2020-11-11,9,12,-18,-11,1,6
FJ,Fiji,,,,,,ChIJXdw8cP2QGW4Rk1vvRpkxnJ4,2020-11-12,14,16,-21,-11,0,5
FJ,Fiji,,,,,,ChIJXdw8cP2QGW4Rk1vvRpkxnJ4,2020-11-13,8,13,-19,-8,1,6
FJ,Fiji,,,,,,ChIJXdw8cP2QGW4Rk1vvRpkxnJ4,2020-11-14,4,13,-19,-18,-17,5
FJ,Fiji,,,,,,ChIJXdw8cP2QGW4Rk1vvRpkxnJ4,2020-11-15,-19,-8,-5,-42,-33,7
FJ,Fiji,,,,,,ChIJXdw8cP2QGW4Rk1vvRpkxnJ4,2020-11-16,-34,-32,-10,-65,-77,20
FJ,Fiji,,,,,,ChIJXdw8cP2QGW4Rk1vvRpkxnJ4,2020-11-17,2,3,-16,-15,-4,6
FJ,Fiji,,,,,,ChIJXdw8cP2QGW4Rk1vvRpkxnJ4,2020-11-18,1,3,-17,-17,-2,7
FJ,Fiji,,,,,,ChIJXdw8cP2QGW4Rk1vvRpkxnJ4,2020-11-19,-5,-5,-23,-21,-3,8
FJ,Fiji,,,,,,ChIJXdw8cP2QGW4Rk1vvRpkxnJ4,2020-11-20,-2,-1,-22,-19,-1,7
FJ,Fiji,,,,,,ChIJXdw8cP2QGW4Rk1vvRpkxnJ4,2020-11-21,-5,-2,-19,-28,-13,7
FJ,Fiji,,,,,,ChIJXdw8cP2QGW4Rk1vvRpkxnJ4,2020-11-22,-8,-4,-17,-38,-24,8
FJ,Fiji,,,,,,ChIJXdw8cP2QGW4Rk1vvRpkxnJ4,2020-11-23,-5,-3,-16,-26,-3,7
FJ,Fiji,,,,,,ChIJXdw8cP2QGW4Rk1vvRpkxnJ4,2020-11-24,1,-1,-17,-20,-2,6
FJ,Fiji,,,,,,ChIJXdw8cP2QGW4Rk1vvRpkxnJ4,2020-11-25,2,7,-13,-16,-2,6
FJ,Fiji,,,,,,ChIJXdw8cP2QGW4Rk1vvRpkxnJ4,2020-11-26,9,9,-16,-13,-2,4
FJ,Fiji,,,,,,ChIJXdw8cP2QGW4Rk1vvRpkxnJ4,2020-11-27,4,6,-18,-12,0,4
FJ,Fiji,,,,,,ChIJXdw8cP2QGW4Rk1vvRpkxnJ4,2020-11-28,-2,2,-19,-27,-10,6
FJ,Fiji,,,,,,ChIJXdw8cP2QGW4Rk1vvRpkxnJ4,2020-11-29,-2,5,-10,-30,-18,4
FJ,Fiji,,,,,,ChIJXdw8cP2QGW4Rk1vvRpkxnJ4,2020-11-30,-1,2,-14,-21,-1,6
FJ,Fiji,,,,,,ChIJXdw8cP2QGW4Rk1vvRpkxnJ4,2020-12-01,8,8,-14,-14,-1,5
FJ,Fiji,,,,,,ChIJXdw8cP2QGW4Rk1vvRpkxnJ4,2020-12-02,5,8,-16,-15,0,6
FJ,Fiji,,,,,,ChIJXdw8cP2QGW4Rk1vvRpkxnJ4,2020-12-03,6,4,-15,-17,0,5
FJ,Fiji,,,,,,ChIJXdw8cP2QGW4Rk1vvRpkxnJ4,2020-12-04,3,5,-19,-17,0,6
FJ,Fiji,,,,,,ChIJXdw8cP2QGW4Rk1vvRpkxnJ4,2020-12-05,-2,4,-22,-29,-13,6
FJ,Fiji,,,,,,ChIJXdw8cP2QGW4Rk1vvRpkxnJ4,2020-12-06,-9,-2,-17,-37,-21,7
FJ,Fiji,,,,,,ChIJXdw8cP2QGW4Rk1vvRpkxnJ4,2020-12-07,-1,5,-17,-23,-3,6
FJ,Fiji,,,,,,ChIJXdw8cP2QGW4Rk1vvRpkxnJ4,2020-12-08,4,6,-15,-17,-1,7
FJ,Fiji,,,,,,ChIJXdw8cP2QGW4Rk1vvRpkxnJ4,2020-12-09,8,11,-8,-14,1,4
FJ,Fiji,,,,,,ChIJXdw8cP2QGW4Rk1vvRpkxnJ4,2020-12-10,14,13,-4,-8,-1,5
FJ,Fiji,,,,,,ChIJXdw8cP2QGW4Rk1vvRpkxnJ4,2020-12-11,12,12,-5,-8,-1,5
FJ,Fiji,,,,,,ChIJXdw8cP2QGW4Rk1vvRpkxnJ4,2020-12-12,6,10,-6,-21,-11,4
FJ,Fiji,,,,,,ChIJXdw8cP2QGW4Rk1vvRpkxnJ4,2020-12-13,0,11,4,-27,-19,5
FJ,Fiji,,,,,,ChIJXdw8cP2QGW4Rk1vvRpkxnJ4,2020-12-14,4,8,-1,-15,-2,6
FJ,Fiji,,,,,,ChIJXdw8cP2QGW4Rk1vvRpkxnJ4,2020-12-15,16,20,2,-6,-2,4
FJ,Fiji,,,,,,ChIJXdw8cP2QGW4Rk1vvRpkxnJ4,2020-12-16,15,42,-7,-6,-3,5
FJ,Fiji,,,,,,ChIJXdw8cP2QGW4Rk1vvRpkxnJ4,2020-12-17,-59,-45,-24,-81,-67,34
FJ,Fiji,,,,,,ChIJXdw8cP2QGW4Rk1vvRpkxnJ4,2020-12-18,-53,-48,-25,-79,-64,37
FJ,Fiji,,,,,,ChIJXdw8cP2QGW4Rk1vvRpkxnJ4,2020-12-19,3,2,-13,-39,-9,10
FJ,Fiji,,,,,,ChIJXdw8cP2QGW4Rk1vvRpkxnJ4,2020-12-20,2,5,5,-37,-11,8
FJ,Fiji,,,,,,ChIJXdw8cP2QGW4Rk1vvRpkxnJ4,2020-12-21,14,14,2,-14,-8,7
FJ,Fiji,,,,,,ChIJXdw8cP2QGW4Rk1vvRpkxnJ4,2020-12-22,23,21,6,-8,-11,6
FJ,Fiji,,,,,,ChIJXdw8cP2QGW4Rk1vvRpkxnJ4,2020-12-23,33,33,7,2,-11,5
FJ,Fiji,,,,,,ChIJXdw8cP2QGW4Rk1vvRpkxnJ4,2020-12-24,45,54,10,17,-18,1
FJ,Fiji,,,,,,ChIJXdw8cP2QGW4Rk1vvRpkxnJ4,2020-12-25,-39,-26,1,-62,-76,23
FJ,Fiji,,,,,,ChIJXdw8cP2QGW4Rk1vvRpkxnJ4,2020-12-26,-14,-10,-4,-40,-31,10
FJ,Fiji,,,,,,ChIJXdw8cP2QGW4Rk1vvRpkxnJ4,2020-12-27,-10,-10,9,-38,-29,7
FJ,Fiji,,,,,,ChIJXdw8cP2QGW4Rk1vvRpkxnJ4,2020-12-28,-34,-31,6,-62,-75,23
FJ,Fiji,,,,,,ChIJXdw8cP2QGW4Rk1vvRpkxnJ4,2020-12-29,12,10,2,-11,-26,10
FJ,Fiji,,,,,,ChIJXdw8cP2QGW4Rk1vvRpkxnJ4,2020-12-30,9,11,5,-15,-24,12
FJ,Fiji,,,,,,ChIJXdw8cP2QGW4Rk1vvRpkxnJ4,2020-12-31,21,25,8,-7,-24,6
FJ,Fiji,,,,,,ChIJXdw8cP2QGW4Rk1vvRpkxnJ4,2021-01-01,-44,-36,-3,-65,-76,28
FJ,Fiji,,,,,,ChIJXdw8cP2QGW4Rk1vvRpkxnJ4,2021-01-02,-14,-7,-8,-36,-24,11
FJ,Fiji,,,,,,ChIJXdw8cP2QGW4Rk1vvRpkxnJ4,2021-01-03,-16,-12,1,-37,-25,10
FJ,Fiji,,,,,,ChIJXdw8cP2QGW4Rk1vvRpkxnJ4,2021-01-04,-8,-3,-5,-29,-20,13
FJ,Fiji,,,,,,ChIJXdw8cP2QGW4Rk1vvRpkxnJ4,2021-01-05,3,3,0,-20,-17,13
FJ,Fiji,,,,,,ChIJXdw8cP2QGW4Rk1vvRpkxnJ4,2021-01-06,8,7,2,-15,-14,11
FJ,Fiji,,,,,,ChIJXdw8cP2QGW4Rk1vvRpkxnJ4,2021-01-07,12,8,1,-15,-13,11
FJ,Fiji,,,,,,ChIJXdw8cP2QGW4Rk1vvRpkxnJ4,2021-01-08,5,4,-3,-15,-13,11
FJ,Fiji,,,,,,ChIJXdw8cP2QGW4Rk1vvRpkxnJ4,2021-01-09,3,3,-2,-26,-10,6
FJ,Fiji,,,,,,ChIJXdw8cP2QGW4Rk1vvRpkxnJ4,2021-01-10,0,-1,2,-29,-20,5
FJ,Fiji,,,,,,ChIJXdw8cP2QGW4Rk1vvRpkxnJ4,2021-01-11,6,3,0,-18,-11,7
FJ,Fiji,,,,,,ChIJXdw8cP2QGW4Rk1vvRpkxnJ4,2021-01-12,11,3,0,-16,-10,7
FJ,Fiji,,,,,,ChIJXdw8cP2QGW4Rk1vvRpkxnJ4,2021-01-13,8,4,-4,-14,-10,7
FJ,Fiji,,,,,,ChIJXdw8cP2QGW4Rk1vvRpkxnJ4,2021-01-14,3,-7,-10,-21,-14,6
FJ,Fiji,,,,,,ChIJXdw8cP2QGW4Rk1vvRpkxnJ4,2021-01-15,2,-6,-17,-22,-14,8
FJ,Fiji,,,,,,ChIJXdw8cP2QGW4Rk1vvRpkxnJ4,2021-01-16,-4,-7,-18,-32,-19,4
FJ,Fiji,,,,,,ChIJXdw8cP2QGW4Rk1vvRpkxnJ4,2021-01-17,-8,-7,-12,-34,-26,5
FJ,Fiji,,,,,,ChIJXdw8cP2QGW4Rk1vvRpkxnJ4,2021-01-18,2,1,-15,-22,-13,5
FJ,Fiji,,,,,,ChIJXdw8cP2QGW4Rk1vvRpkxnJ4,2021-01-19,0,-5,-12,-20,-13,4
FJ,Fiji,,,,,,ChIJXdw8cP2QGW4Rk1vvRpkxnJ4,2021-01-20,-4,-5,-15,-19,-13,6
FJ,Fiji,,,,,,ChIJXdw8cP2QGW4Rk1vvRpkxnJ4,2021-01-21,-2,-6,-16,-19,-10,7
FJ,Fiji,,,,,,ChIJXdw8cP2QGW4Rk1vvRpkxnJ4,2021-01-22,-3,-6,-19,-19,-7,6
FJ,Fiji,,,,,,ChIJXdw8cP2QGW4Rk1vvRpkxnJ4,2021-01-23,-5,-6,-20,-31,-15,7
FJ,Fiji,,,,,,ChIJXdw8cP2QGW4Rk1vvRpkxnJ4,2021-01-24,-10,-8,-15,-37,-25,8
FJ,Fiji,,,,,,ChIJXdw8cP2QGW4Rk1vvRpkxnJ4,2021-01-25,-6,-5,-11,-23,-9,6
FJ,Fiji,,,,,,ChIJXdw8cP2QGW4Rk1vvRpkxnJ4,2021-01-26,-5,-7,-12,-22,-10,7
FJ,Fiji,,,,,,ChIJXdw8cP2QGW4Rk1vvRpkxnJ4,2021-01-27,-4,-5,-12,-21,-8,6
FJ,Fiji,,,,,,ChIJXdw8cP2QGW4Rk1vvRpkxnJ4,2021-01-28,-7,-11,-18,-25,-8,7
FJ,Fiji,,,,,,ChIJXdw8cP2QGW4Rk1vvRpkxnJ4,2021-01-29,-21,-18,-26,-47,-23,16
FJ,Fiji,,,,,,ChIJXdw8cP2QGW4Rk1vvRpkxnJ4,2021-01-30,-30,-18,-34,-61,-39,14
FJ,Fiji,,,,,,ChIJXdw8cP2QGW4Rk1vvRpkxnJ4,2021-01-31,-64,-63,-35,-76,-53,11
FJ,Fiji,,,,,,ChIJXdw8cP2QGW4Rk1vvRpkxnJ4,2021-02-01,-20,-22,-27,-56,-34,4
FJ,Fiji,,,,,,ChIJXdw8cP2QGW4Rk1vvRpkxnJ4,2021-02-02,-4,-11,-20,-36,-20,2
FJ,Fiji,,,,,,ChIJXdw8cP2QGW4Rk1vvRpkxnJ4,2021-02-03,-4,-8,-19,-30,-16,5
FJ,Fiji,,,,,,ChIJXdw8cP2QGW4Rk1vvRpkxnJ4,2021-02-04,4,-4,-17,-31,-16,5
FJ,Fiji,,,,,,ChIJXdw8cP2QGW4Rk1vvRpkxnJ4,2021-02-05,0,-5,-19,-29,-14,7
FJ,Fiji,,,,,,ChIJXdw8cP2QGW4Rk1vvRpkxnJ4,2021-02-06,-2,-5,-22,-42,-18,6
FJ,Fiji,,,,,,ChIJXdw8cP2QGW4Rk1vvRpkxnJ4,2021-02-07,-8,-6,-12,-47,-28,7
FJ,Fiji,,,,,,ChIJXdw8cP2QGW4Rk1vvRpkxnJ4,2021-02-08,-3,-1,-15,-32,-11,4
FJ,Fiji,,,,,,ChIJXdw8cP2QGW4Rk1vvRpkxnJ4,2021-02-09,1,1,-14,-29,-10,4
FJ,Fiji,,,,,,ChIJXdw8cP2QGW4Rk1vvRpkxnJ4,2021-02-10,2,1,-15,-29,-9,3
FJ,Fiji,,,,,,ChIJXdw8cP2QGW4Rk1vvRpkxnJ4,2021-02-11,-5,-7,-24,-35,-10,6
FJ,Fiji,,,,,,ChIJXdw8cP2QGW4Rk1vvRpkxnJ4,2021-02-12,-2,-1,-28,-29,-7,4
FJ,Fiji,,,,,,ChIJXdw8cP2QGW4Rk1vvRpkxnJ4,2021-02-13,2,3,-29,-42,-19,3
FJ,Fiji,,,,,,ChIJXdw8cP2QGW4Rk1vvRpkxnJ4,2021-02-14,7,3,-25,-41,-28,2
FJ,Fiji,,,,,,ChIJXdw8cP2QGW4Rk1vvRpkxnJ4,2021-02-15,-4,0,-30,-30,-10,1
FJ,Fiji,,,,,,ChIJXdw8cP2QGW4Rk1vvRpkxnJ4,2021-02-16,1,3,-29,-29,-10,1
FJ,Fiji,,,,,,ChIJXdw8cP2QGW4Rk1vvRpkxnJ4,2021-02-17,3,7,-26,-23,-8,0
FJ,Fiji,,,,,,ChIJXdw8cP2QGW4Rk1vvRpkxnJ4,2021-02-18,7,7,-27,-22,-8,1
FJ,Fiji,,,,,,ChIJXdw8cP2QGW4Rk1vvRpkxnJ4,2021-02-19,8,5,-29,-24,-6,1
FJ,Fiji,,,,,,ChIJXdw8cP2QGW4Rk1vvRpkxnJ4,2021-02-20,6,9,-26,-32,-16,1
FJ,Fiji,,,,,,ChIJXdw8cP2QGW4Rk1vvRpkxnJ4,2021-02-21,0,1,-26,-42,-30,3
FJ,Fiji,,,,,,ChIJXdw8cP2QGW4Rk1vvRpkxnJ4,2021-02-22,1,4,-28,-29,-9,2
FJ,Fiji,,,,,,ChIJXdw8cP2QGW4Rk1vvRpkxnJ4,2021-02-23,6,5,-25,-25,-9,1
FJ,Fiji,,,,,,ChIJXdw8cP2QGW4Rk1vvRpkxnJ4,2021-02-24,5,6,-25,-23,-6,2
FJ,Fiji,,,,,,ChIJXdw8cP2QGW4Rk1vvRpkxnJ4,2021-02-25,5,1,-28,-27,-7,3
FJ,Fiji,,,,,,ChIJXdw8cP2QGW4Rk1vvRpkxnJ4,2021-02-26,7,6,-27,-25,-5,2
FJ,Fiji,,,,,,ChIJXdw8cP2QGW4Rk1vvRpkxnJ4,2021-02-27,9,8,-29,-37,-16,1
FJ,Fiji,,,,,,ChIJXdw8cP2QGW4Rk1vvRpkxnJ4,2021-02-28,7,7,-24,-40,-27,3
FJ,Fiji,,,,,,ChIJXdw8cP2QGW4Rk1vvRpkxnJ4,2021-03-01,8,9,-32,-26,-7,2
FJ,Fiji,,,,,,ChIJXdw8cP2QGW4Rk1vvRpkxnJ4,2021-03-02,10,5,-27,-27,-10,4
FJ,Fiji,,,,,,ChIJXdw8cP2QGW4Rk1vvRpkxnJ4,2021-03-03,15,11,-25,-20,-6,2
FJ,Fiji,,,,,,ChIJXdw8cP2QGW4Rk1vvRpkxnJ4,2021-03-04,22,15,-26,-17,-6,0
FJ,Fiji,,,,,,ChIJXdw8cP2QGW4Rk1vvRpkxnJ4,2021-03-05,20,15,-23,-15,-4,0
