country_region_code,country_region,sub_region_1,sub_region_2,metro_area,iso_3166_2_code,census_fips_code,place_id,date,retail_and_recreation_percent_change_from_baseline,grocery_and_pharmacy_percent_change_from_baseline,parks_percent_change_from_baseline,transit_stations_percent_change_from_baseline,workplaces_percent_change_from_baseline,residential_percent_change_from_baseline
BY,Belarus,,,,,,ChIJgUit4oQl2kYREIzsgdGhAAA,2020-02-15,10,9,21,11,4,-1
BY,Belarus,,,,,,ChIJgUit4oQl2kYREIzsgdGhAAA,2020-02-16,1,2,5,3,4,0
BY,Belarus,,,,,,ChIJgUit4oQl2kYREIzsgdGhAAA,2020-02-17,1,2,9,4,5,0
BY,Belarus,,,,,,ChIJgUit4oQl2kYREIzsgdGhAAA,2020-02-18,3,3,2,4,5,0
BY,Belarus,,,,,,ChIJgUit4oQl2kYREIzsgdGhAAA,2020-02-19,6,7,6,6,5,-1
BY,Belarus,,,,,,ChIJgUit4oQl2kYREIzsgdGhAAA,2020-02-20,10,8,16,8,5,-1
BY,Belarus,,,,,,ChIJgUit4oQl2kYREIzsgdGhAAA,2020-02-21,9,8,15,8,5,-1
BY,Belarus,,,,,,ChIJgUit4oQl2kYREIzsgdGhAAA,2020-02-22,12,10,12,9,7,-2
BY,Belarus,,,,,,ChIJgUit4oQl2kYREIzsgdGhAAA,2020-02-23,7,6,8,6,6,-1
BY,Belarus,,,,,,ChIJgUit4oQl2kYREIzsgdGhAAA,2020-02-24,0,0,1,3,6,0
BY,Belarus,,,,,,ChIJgUit4oQl2kYREIzsgdGhAAA,2020-02-25,2,3,-4,3,6,0
BY,Belarus,,,,,,ChIJgUit4oQl2kYREIzsgdGhAAA,2020-02-26,5,7,9,7,7,-1
BY,Belarus,,,,,,ChIJgUit4oQl2kYREIzsgdGhAAA,2020-02-27,1,2,4,4,6,-1
BY,Belarus,,,,,,ChIJgUit4oQl2kYREIzsgdGhAAA,2020-02-28,0,6,8,6,6,-1
BY,Belarus,,,,,,ChIJgUit4oQl2kYREIzsgdGhAAA,2020-02-29,1,6,14,4,5,0
BY,Belarus,,,,,,ChIJgUit4oQl2kYREIzsgdGhAAA,2020-03-01,-4,1,9,0,5,0
BY,Belarus,,,,,,ChIJgUit4oQl2kYREIzsgdGhAAA,2020-03-02,-1,1,6,3,7,0
BY,Belarus,,,,,,ChIJgUit4oQl2kYREIzsgdGhAAA,2020-03-03,5,6,12,5,7,-1
BY,Belarus,,,,,,ChIJgUit4oQl2kYREIzsgdGhAAA,2020-03-04,5,7,5,6,7,-1
BY,Belarus,,,,,,ChIJgUit4oQl2kYREIzsgdGhAAA,2020-03-05,8,9,9,6,7,-1
BY,Belarus,,,,,,ChIJgUit4oQl2kYREIzsgdGhAAA,2020-03-06,11,11,15,10,8,-1
BY,Belarus,,,,,,ChIJgUit4oQl2kYREIzsgdGhAAA,2020-03-07,17,20,21,12,2,-2
BY,Belarus,,,,,,ChIJgUit4oQl2kYREIzsgdGhAAA,2020-03-08,12,20,34,19,4,-4
BY,Belarus,,,,,,ChIJgUit4oQl2kYREIzsgdGhAAA,2020-03-09,1,2,9,5,5,0
BY,Belarus,,,,,,ChIJgUit4oQl2kYREIzsgdGhAAA,2020-03-10,6,6,11,6,7,-1
BY,Belarus,,,,,,ChIJgUit4oQl2kYREIzsgdGhAAA,2020-03-11,1,4,-1,3,7,0
BY,Belarus,,,,,,ChIJgUit4oQl2kYREIzsgdGhAAA,2020-03-12,0,0,3,1,7,-1
BY,Belarus,,,,,,ChIJgUit4oQl2kYREIzsgdGhAAA,2020-03-13,2,8,12,3,5,-1
BY,Belarus,,,,,,ChIJgUit4oQl2kYREIzsgdGhAAA,2020-03-14,-6,0,-11,-8,2,1
BY,Belarus,,,,,,ChIJgUit4oQl2kYREIzsgdGhAAA,2020-03-15,-1,5,9,-2,5,0
BY,Belarus,,,,,,ChIJgUit4oQl2kYREIzsgdGhAAA,2020-03-16,-1,6,7,0,4,1
BY,Belarus,,,,,,ChIJgUit4oQl2kYREIzsgdGhAAA,2020-03-17,-2,7,6,-3,3,1
BY,Belarus,,,,,,ChIJgUit4oQl2kYREIzsgdGhAAA,2020-03-18,-1,10,17,0,2,1
BY,Belarus,,,,,,ChIJgUit4oQl2kYREIzsgdGhAAA,2020-03-19,-4,5,11,-4,1,1
BY,Belarus,,,,,,ChIJgUit4oQl2kYREIzsgdGhAAA,2020-03-20,-2,12,23,-1,1,1
BY,Belarus,,,,,,ChIJgUit4oQl2kYREIzsgdGhAAA,2020-03-21,-11,5,-2,-12,-1,1
BY,Belarus,,,,,,ChIJgUit4oQl2kYREIzsgdGhAAA,2020-03-22,-16,-1,-9,-18,1,2
BY,Belarus,,,,,,ChIJgUit4oQl2kYREIzsgdGhAAA,2020-03-23,-8,3,2,-9,-2,3
BY,Belarus,,,,,,ChIJgUit4oQl2kYREIzsgdGhAAA,2020-03-24,-5,5,6,-7,-2,3
BY,Belarus,,,,,,ChIJgUit4oQl2kYREIzsgdGhAAA,2020-03-25,-2,12,17,-2,-3,2
BY,Belarus,,,,,,ChIJgUit4oQl2kYREIzsgdGhAAA,2020-03-26,-3,8,29,-3,-4,2
BY,Belarus,,,,,,ChIJgUit4oQl2kYREIzsgdGhAAA,2020-03-27,-7,10,33,-3,-5,2
BY,Belarus,,,,,,ChIJgUit4oQl2kYREIzsgdGhAAA,2020-03-28,-13,7,55,-3,-4,-2
BY,Belarus,,,,,,ChIJgUit4oQl2kYREIzsgdGhAAA,2020-03-29,-14,5,41,-7,3,-2
BY,Belarus,,,,,,ChIJgUit4oQl2kYREIzsgdGhAAA,2020-03-30,-18,-2,-9,-17,-14,6
BY,Belarus,,,,,,ChIJgUit4oQl2kYREIzsgdGhAAA,2020-03-31,-15,2,-3,-14,-14,6
BY,Belarus,,,,,,ChIJgUit4oQl2kYREIzsgdGhAAA,2020-04-01,-22,-1,-14,-20,-17,7
BY,Belarus,,,,,,ChIJgUit4oQl2kYREIzsgdGhAAA,2020-04-02,-25,-4,-7,-21,-19,8
BY,Belarus,,,,,,ChIJgUit4oQl2kYREIzsgdGhAAA,2020-04-03,-30,-7,-8,-24,-20,10
BY,Belarus,,,,,,ChIJgUit4oQl2kYREIzsgdGhAAA,2020-04-04,-33,-5,-3,-20,43,1
BY,Belarus,,,,,,ChIJgUit4oQl2kYREIzsgdGhAAA,2020-04-05,-30,-4,19,-25,-9,3
BY,Belarus,,,,,,ChIJgUit4oQl2kYREIzsgdGhAAA,2020-04-06,-22,-2,23,-18,-22,7
BY,Belarus,,,,,,ChIJgUit4oQl2kYREIzsgdGhAAA,2020-04-07,-16,4,35,-16,-23,7
BY,Belarus,,,,,,ChIJgUit4oQl2kYREIzsgdGhAAA,2020-04-08,-20,0,24,-18,-24,7
BY,Belarus,,,,,,ChIJgUit4oQl2kYREIzsgdGhAAA,2020-04-09,-23,-4,19,-21,-25,7
BY,Belarus,,,,,,ChIJgUit4oQl2kYREIzsgdGhAAA,2020-04-10,-22,0,7,-23,-26,9
BY,Belarus,,,,,,ChIJgUit4oQl2kYREIzsgdGhAAA,2020-04-11,-31,-7,5,-27,-22,4
BY,Belarus,,,,,,ChIJgUit4oQl2kYREIzsgdGhAAA,2020-04-12,-30,-5,24,-27,-12,3
BY,Belarus,,,,,,ChIJgUit4oQl2kYREIzsgdGhAAA,2020-04-13,-24,-9,5,-25,-25,8
BY,Belarus,,,,,,ChIJgUit4oQl2kYREIzsgdGhAAA,2020-04-14,-22,-7,-7,-26,-25,9
BY,Belarus,,,,,,ChIJgUit4oQl2kYREIzsgdGhAAA,2020-04-15,-25,-6,-18,-28,-26,10
BY,Belarus,,,,,,ChIJgUit4oQl2kYREIzsgdGhAAA,2020-04-16,-24,-5,-9,-28,-26,10
BY,Belarus,,,,,,ChIJgUit4oQl2kYREIzsgdGhAAA,2020-04-17,-21,5,-3,-26,-27,10
BY,Belarus,,,,,,ChIJgUit4oQl2kYREIzsgdGhAAA,2020-04-18,-30,1,-4,-29,-25,7
BY,Belarus,,,,,,ChIJgUit4oQl2kYREIzsgdGhAAA,2020-04-19,-51,-28,-2,-39,-25,5
BY,Belarus,,,,,,ChIJgUit4oQl2kYREIzsgdGhAAA,2020-04-20,-26,-14,0,-27,-22,9
BY,Belarus,,,,,,ChIJgUit4oQl2kYREIzsgdGhAAA,2020-04-21,-20,-7,6,-23,-20,8
BY,Belarus,,,,,,ChIJgUit4oQl2kYREIzsgdGhAAA,2020-04-22,-18,-3,21,-20,-19,6
BY,Belarus,,,,,,ChIJgUit4oQl2kYREIzsgdGhAAA,2020-04-23,-18,-5,28,-19,-20,6
BY,Belarus,,,,,,ChIJgUit4oQl2kYREIzsgdGhAAA,2020-04-24,-20,-1,24,-19,-20,6
BY,Belarus,,,,,,ChIJgUit4oQl2kYREIzsgdGhAAA,2020-04-25,-28,-5,17,-20,4,-1
BY,Belarus,,,,,,ChIJgUit4oQl2kYREIzsgdGhAAA,2020-04-26,-24,-2,40,-24,-9,0
BY,Belarus,,,,,,ChIJgUit4oQl2kYREIzsgdGhAAA,2020-04-27,-24,-6,49,-39,-70,13
BY,Belarus,,,,,,ChIJgUit4oQl2kYREIzsgdGhAAA,2020-04-28,-30,-9,53,-38,-77,13
BY,Belarus,,,,,,ChIJgUit4oQl2kYREIzsgdGhAAA,2020-04-29,-22,-6,5,-25,-23,7
BY,Belarus,,,,,,ChIJgUit4oQl2kYREIzsgdGhAAA,2020-04-30,-16,1,16,-20,-25,6
BY,Belarus,,,,,,ChIJgUit4oQl2kYREIzsgdGhAAA,2020-05-01,-31,-11,42,-39,-66,15
BY,Belarus,,,,,,ChIJgUit4oQl2kYREIzsgdGhAAA,2020-05-02,-39,-18,15,-35,-30,4
BY,Belarus,,,,,,ChIJgUit4oQl2kYREIzsgdGhAAA,2020-05-03,-26,-5,56,-19,-6,-2
BY,Belarus,,,,,,ChIJgUit4oQl2kYREIzsgdGhAAA,2020-05-04,-20,-6,23,-22,-18,5
BY,Belarus,,,,,,ChIJgUit4oQl2kYREIzsgdGhAAA,2020-05-05,-19,-5,8,-23,-19,6
BY,Belarus,,,,,,ChIJgUit4oQl2kYREIzsgdGhAAA,2020-05-06,-22,-4,-4,-24,-19,7
BY,Belarus,,,,,,ChIJgUit4oQl2kYREIzsgdGhAAA,2020-05-07,-18,-1,16,-20,-19,6
BY,Belarus,,,,,,ChIJgUit4oQl2kYREIzsgdGhAAA,2020-05-08,-10,9,42,-12,-20,5
BY,Belarus,,,,,,ChIJgUit4oQl2kYREIzsgdGhAAA,2020-05-09,-28,-4,69,-22,-32,-1
BY,Belarus,,,,,,ChIJgUit4oQl2kYREIzsgdGhAAA,2020-05-10,-19,0,75,-14,-4,-5
BY,Belarus,,,,,,ChIJgUit4oQl2kYREIzsgdGhAAA,2020-05-11,-10,2,43,-13,-17,4
BY,Belarus,,,,,,ChIJgUit4oQl2kYREIzsgdGhAAA,2020-05-12,-20,-6,-14,-25,-19,8
BY,Belarus,,,,,,ChIJgUit4oQl2kYREIzsgdGhAAA,2020-05-13,-15,0,3,-18,-17,6
BY,Belarus,,,,,,ChIJgUit4oQl2kYREIzsgdGhAAA,2020-05-14,-13,-1,16,-16,-17,5
BY,Belarus,,,,,,ChIJgUit4oQl2kYREIzsgdGhAAA,2020-05-15,-11,5,32,-12,-17,4
BY,Belarus,,,,,,ChIJgUit4oQl2kYREIzsgdGhAAA,2020-05-16,-24,-5,17,-22,-15,0
BY,Belarus,,,,,,ChIJgUit4oQl2kYREIzsgdGhAAA,2020-05-17,-21,-4,24,-22,-4,-2
BY,Belarus,,,,,,ChIJgUit4oQl2kYREIzsgdGhAAA,2020-05-18,-16,-4,6,-20,-18,6
BY,Belarus,,,,,,ChIJgUit4oQl2kYREIzsgdGhAAA,2020-05-19,-13,-2,2,-18,-18,6
BY,Belarus,,,,,,ChIJgUit4oQl2kYREIzsgdGhAAA,2020-05-20,-8,5,13,-12,-17,5
BY,Belarus,,,,,,ChIJgUit4oQl2kYREIzsgdGhAAA,2020-05-21,-13,-1,1,-17,-18,6
BY,Belarus,,,,,,ChIJgUit4oQl2kYREIzsgdGhAAA,2020-05-22,-13,3,12,-16,-19,6
BY,Belarus,,,,,,ChIJgUit4oQl2kYREIzsgdGhAAA,2020-05-23,-18,0,51,-13,-12,-2
BY,Belarus,,,,,,ChIJgUit4oQl2kYREIzsgdGhAAA,2020-05-24,-17,-1,43,-15,-1,-4
BY,Belarus,,,,,,ChIJgUit4oQl2kYREIzsgdGhAAA,2020-05-25,-5,6,30,-11,-18,4
BY,Belarus,,,,,,ChIJgUit4oQl2kYREIzsgdGhAAA,2020-05-26,-4,5,33,-9,-17,4
BY,Belarus,,,,,,ChIJgUit4oQl2kYREIzsgdGhAAA,2020-05-27,-4,8,42,-6,-17,3
BY,Belarus,,,,,,ChIJgUit4oQl2kYREIzsgdGhAAA,2020-05-28,-3,8,48,-6,-17,3
BY,Belarus,,,,,,ChIJgUit4oQl2kYREIzsgdGhAAA,2020-05-29,-14,2,16,-14,-19,5
BY,Belarus,,,,,,ChIJgUit4oQl2kYREIzsgdGhAAA,2020-05-30,-31,-15,-8,-30,-14,3
BY,Belarus,,,,,,ChIJgUit4oQl2kYREIzsgdGhAAA,2020-05-31,-17,0,34,-17,0,-2
BY,Belarus,,,,,,ChIJgUit4oQl2kYREIzsgdGhAAA,2020-06-01,-9,0,19,-14,-19,4
BY,Belarus,,,,,,ChIJgUit4oQl2kYREIzsgdGhAAA,2020-06-02,-17,-7,-9,-22,-20,7
BY,Belarus,,,,,,ChIJgUit4oQl2kYREIzsgdGhAAA,2020-06-03,-9,2,18,-11,-19,5
BY,Belarus,,,,,,ChIJgUit4oQl2kYREIzsgdGhAAA,2020-06-04,-7,3,35,-8,-19,3
BY,Belarus,,,,,,ChIJgUit4oQl2kYREIzsgdGhAAA,2020-06-05,-7,7,56,-7,-20,2
BY,Belarus,,,,,,ChIJgUit4oQl2kYREIzsgdGhAAA,2020-06-06,-18,-1,68,-12,-15,-4
BY,Belarus,,,,,,ChIJgUit4oQl2kYREIzsgdGhAAA,2020-06-07,-11,6,91,-7,1,-7
BY,Belarus,,,,,,ChIJgUit4oQl2kYREIzsgdGhAAA,2020-06-08,1,10,76,-5,-19,1
BY,Belarus,,,,,,ChIJgUit4oQl2kYREIzsgdGhAAA,2020-06-09,-2,8,53,-6,-19,1
BY,Belarus,,,,,,ChIJgUit4oQl2kYREIzsgdGhAAA,2020-06-10,3,14,65,-3,-20,0
BY,Belarus,,,,,,ChIJgUit4oQl2kYREIzsgdGhAAA,2020-06-11,-1,10,64,-6,-22,0
BY,Belarus,,,,,,ChIJgUit4oQl2kYREIzsgdGhAAA,2020-06-12,-3,12,73,-6,-23,-1
BY,Belarus,,,,,,ChIJgUit4oQl2kYREIzsgdGhAAA,2020-06-13,-19,-3,50,-16,-16,-5
BY,Belarus,,,,,,ChIJgUit4oQl2kYREIzsgdGhAAA,2020-06-14,-19,-3,28,-19,1,-6
BY,Belarus,,,,,,ChIJgUit4oQl2kYREIzsgdGhAAA,2020-06-15,1,9,53,-7,-22,1
BY,Belarus,,,,,,ChIJgUit4oQl2kYREIzsgdGhAAA,2020-06-16,2,12,58,-4,-22,1
BY,Belarus,,,,,,ChIJgUit4oQl2kYREIzsgdGhAAA,2020-06-17,4,16,82,0,-22,0
BY,Belarus,,,,,,ChIJgUit4oQl2kYREIzsgdGhAAA,2020-06-18,-3,7,67,-6,-23,0
BY,Belarus,,,,,,ChIJgUit4oQl2kYREIzsgdGhAAA,2020-06-19,-5,10,73,-6,-25,-1
BY,Belarus,,,,,,ChIJgUit4oQl2kYREIzsgdGhAAA,2020-06-20,-18,-1,81,-11,-14,-7
BY,Belarus,,,,,,ChIJgUit4oQl2kYREIzsgdGhAAA,2020-06-21,-13,3,80,-8,5,-10
BY,Belarus,,,,,,ChIJgUit4oQl2kYREIzsgdGhAAA,2020-06-22,-2,6,50,-8,-25,1
BY,Belarus,,,,,,ChIJgUit4oQl2kYREIzsgdGhAAA,2020-06-23,1,10,59,-4,-24,1
BY,Belarus,,,,,,ChIJgUit4oQl2kYREIzsgdGhAAA,2020-06-24,4,17,80,1,-24,-1
BY,Belarus,,,,,,ChIJgUit4oQl2kYREIzsgdGhAAA,2020-06-25,3,15,88,0,-24,-2
BY,Belarus,,,,,,ChIJgUit4oQl2kYREIzsgdGhAAA,2020-06-26,-4,10,92,-3,-26,-2
BY,Belarus,,,,,,ChIJgUit4oQl2kYREIzsgdGhAAA,2020-06-27,-19,-3,98,-10,-16,-8
BY,Belarus,,,,,,ChIJgUit4oQl2kYREIzsgdGhAAA,2020-06-28,-14,1,77,-10,5,-10
BY,Belarus,,,,,,ChIJgUit4oQl2kYREIzsgdGhAAA,2020-06-29,1,9,81,-4,-25,0
BY,Belarus,,,,,,ChIJgUit4oQl2kYREIzsgdGhAAA,2020-06-30,3,10,49,-3,-24,0
BY,Belarus,,,,,,ChIJgUit4oQl2kYREIzsgdGhAAA,2020-07-01,6,14,69,1,-25,-1
BY,Belarus,,,,,,ChIJgUit4oQl2kYREIzsgdGhAAA,2020-07-02,8,18,79,4,-27,-3
BY,Belarus,,,,,,ChIJgUit4oQl2kYREIzsgdGhAAA,2020-07-03,-12,-3,118,-24,-69,9
BY,Belarus,,,,,,ChIJgUit4oQl2kYREIzsgdGhAAA,2020-07-04,-21,-8,99,-16,-21,-7
BY,Belarus,,,,,,ChIJgUit4oQl2kYREIzsgdGhAAA,2020-07-05,-16,0,106,-7,5,-12
BY,Belarus,,,,,,ChIJgUit4oQl2kYREIzsgdGhAAA,2020-07-06,-2,7,66,-6,-28,0
BY,Belarus,,,,,,ChIJgUit4oQl2kYREIzsgdGhAAA,2020-07-07,-2,6,31,-9,-28,2
BY,Belarus,,,,,,ChIJgUit4oQl2kYREIzsgdGhAAA,2020-07-08,0,9,47,-5,-27,0
BY,Belarus,,,,,,ChIJgUit4oQl2kYREIzsgdGhAAA,2020-07-09,0,7,61,-5,-27,0
BY,Belarus,,,,,,ChIJgUit4oQl2kYREIzsgdGhAAA,2020-07-10,-3,9,53,-6,-27,-1
BY,Belarus,,,,,,ChIJgUit4oQl2kYREIzsgdGhAAA,2020-07-11,-14,-1,68,-12,-16,-7
BY,Belarus,,,,,,ChIJgUit4oQl2kYREIzsgdGhAAA,2020-07-12,-13,1,40,-14,2,-7
BY,Belarus,,,,,,ChIJgUit4oQl2kYREIzsgdGhAAA,2020-07-13,3,9,58,-7,-29,0
BY,Belarus,,,,,,ChIJgUit4oQl2kYREIzsgdGhAAA,2020-07-14,5,9,61,-3,-28,0
BY,Belarus,,,,,,ChIJgUit4oQl2kYREIzsgdGhAAA,2020-07-15,4,13,57,-2,-28,0
BY,Belarus,,,,,,ChIJgUit4oQl2kYREIzsgdGhAAA,2020-07-16,6,12,81,-3,-28,-1
BY,Belarus,,,,,,ChIJgUit4oQl2kYREIzsgdGhAAA,2020-07-17,1,12,83,-4,-28,-2
BY,Belarus,,,,,,ChIJgUit4oQl2kYREIzsgdGhAAA,2020-07-18,-11,1,112,-9,-17,-9
BY,Belarus,,,,,,ChIJgUit4oQl2kYREIzsgdGhAAA,2020-07-19,-9,4,115,-4,6,-13
BY,Belarus,,,,,,ChIJgUit4oQl2kYREIzsgdGhAAA,2020-07-20,5,13,78,-5,-30,-1
BY,Belarus,,,,,,ChIJgUit4oQl2kYREIzsgdGhAAA,2020-07-21,4,11,47,-7,-30,0
BY,Belarus,,,,,,ChIJgUit4oQl2kYREIzsgdGhAAA,2020-07-22,4,11,46,-5,-28,0
BY,Belarus,,,,,,ChIJgUit4oQl2kYREIzsgdGhAAA,2020-07-23,3,9,52,-6,-29,0
BY,Belarus,,,,,,ChIJgUit4oQl2kYREIzsgdGhAAA,2020-07-24,2,12,74,-2,-29,-2
BY,Belarus,,,,,,ChIJgUit4oQl2kYREIzsgdGhAAA,2020-07-25,-10,1,85,-8,-17,-8
BY,Belarus,,,,,,ChIJgUit4oQl2kYREIzsgdGhAAA,2020-07-26,-6,5,108,-2,6,-12
BY,Belarus,,,,,,ChIJgUit4oQl2kYREIzsgdGhAAA,2020-07-27,0,7,56,-7,-30,0
BY,Belarus,,,,,,ChIJgUit4oQl2kYREIzsgdGhAAA,2020-07-28,5,11,66,-2,-29,0
BY,Belarus,,,,,,ChIJgUit4oQl2kYREIzsgdGhAAA,2020-07-29,2,10,54,-3,-29,0
BY,Belarus,,,,,,ChIJgUit4oQl2kYREIzsgdGhAAA,2020-07-30,4,10,84,-1,-29,-1
BY,Belarus,,,,,,ChIJgUit4oQl2kYREIzsgdGhAAA,2020-07-31,-3,7,47,-7,-29,-1
BY,Belarus,,,,,,ChIJgUit4oQl2kYREIzsgdGhAAA,2020-08-01,-11,0,78,-11,-19,-6
BY,Belarus,,,,,,ChIJgUit4oQl2kYREIzsgdGhAAA,2020-08-02,-5,7,108,-1,4,-11
BY,Belarus,,,,,,ChIJgUit4oQl2kYREIzsgdGhAAA,2020-08-03,3,9,75,-5,-29,-1
BY,Belarus,,,,,,ChIJgUit4oQl2kYREIzsgdGhAAA,2020-08-04,3,9,65,-2,-29,-1
BY,Belarus,,,,,,ChIJgUit4oQl2kYREIzsgdGhAAA,2020-08-05,5,14,66,-1,-28,-1
BY,Belarus,,,,,,ChIJgUit4oQl2kYREIzsgdGhAAA,2020-08-06,7,14,96,0,-29,-2
BY,Belarus,,,,,,ChIJgUit4oQl2kYREIzsgdGhAAA,2020-08-07,1,12,94,-2,-28,-3
BY,Belarus,,,,,,ChIJgUit4oQl2kYREIzsgdGhAAA,2020-08-08,-10,3,105,-7,-17,-9
BY,Belarus,,,,,,ChIJgUit4oQl2kYREIzsgdGhAAA,2020-08-09,-35,-21,23,-33,-19,-33
BY,Belarus,,,,,,ChIJgUit4oQl2kYREIzsgdGhAAA,2020-08-10,-87,-86,-74,-87,-87,-21
BY,Belarus,,,,,,ChIJgUit4oQl2kYREIzsgdGhAAA,2020-08-11,-58,-50,-26,-63,-60,-35
BY,Belarus,,,,,,ChIJgUit4oQl2kYREIzsgdGhAAA,2020-08-12,-13,3,32,-12,-32,-3
BY,Belarus,,,,,,ChIJgUit4oQl2kYREIzsgdGhAAA,2020-08-13,-11,3,40,-8,-32,1
BY,Belarus,,,,,,ChIJgUit4oQl2kYREIzsgdGhAAA,2020-08-14,-11,5,55,-8,-32,0
BY,Belarus,,,,,,ChIJgUit4oQl2kYREIzsgdGhAAA,2020-08-15,-20,-3,62,-14,-21,-6
BY,Belarus,,,,,,ChIJgUit4oQl2kYREIzsgdGhAAA,2020-08-16,-6,5,138,2,2,-10
BY,Belarus,,,,,,ChIJgUit4oQl2kYREIzsgdGhAAA,2020-08-17,-5,6,66,-10,-32,0
BY,Belarus,,,,,,ChIJgUit4oQl2kYREIzsgdGhAAA,2020-08-18,-3,6,50,-7,-30,0
BY,Belarus,,,,,,ChIJgUit4oQl2kYREIzsgdGhAAA,2020-08-19,-4,6,30,-10,-31,1
BY,Belarus,,,,,,ChIJgUit4oQl2kYREIzsgdGhAAA,2020-08-20,-2,5,45,-9,-30,0
BY,Belarus,,,,,,ChIJgUit4oQl2kYREIzsgdGhAAA,2020-08-21,-7,5,46,-9,-31,-1
BY,Belarus,,,,,,ChIJgUit4oQl2kYREIzsgdGhAAA,2020-08-22,-15,-2,60,-13,-19,-7
BY,Belarus,,,,,,ChIJgUit4oQl2kYREIzsgdGhAAA,2020-08-23,-12,-1,65,-7,2,-9
BY,Belarus,,,,,,ChIJgUit4oQl2kYREIzsgdGhAAA,2020-08-24,1,8,47,-7,-29,0
BY,Belarus,,,,,,ChIJgUit4oQl2kYREIzsgdGhAAA,2020-08-25,3,8,27,-5,-29,0
BY,Belarus,,,,,,ChIJgUit4oQl2kYREIzsgdGhAAA,2020-08-26,6,12,39,-1,-27,-1
BY,Belarus,,,,,,ChIJgUit4oQl2kYREIzsgdGhAAA,2020-08-27,0,4,20,-7,-28,1
BY,Belarus,,,,,,ChIJgUit4oQl2kYREIzsgdGhAAA,2020-08-28,-1,9,40,-4,-28,-1
BY,Belarus,,,,,,ChIJgUit4oQl2kYREIzsgdGhAAA,2020-08-29,-13,-2,49,-9,-18,-6
BY,Belarus,,,,,,ChIJgUit4oQl2kYREIzsgdGhAAA,2020-08-30,-9,3,67,-1,5,-9
BY,Belarus,,,,,,ChIJgUit4oQl2kYREIzsgdGhAAA,2020-08-31,13,19,46,7,-26,-2
BY,Belarus,,,,,,ChIJgUit4oQl2kYREIzsgdGhAAA,2020-09-01,4,10,29,0,-25,-2
BY,Belarus,,,,,,ChIJgUit4oQl2kYREIzsgdGhAAA,2020-09-02,-3,7,33,3,-22,-3
BY,Belarus,,,,,,ChIJgUit4oQl2kYREIzsgdGhAAA,2020-09-03,-5,2,40,-1,-23,-3
BY,Belarus,,,,,,ChIJgUit4oQl2kYREIzsgdGhAAA,2020-09-04,-10,6,44,0,-22,-5
BY,Belarus,,,,,,ChIJgUit4oQl2kYREIzsgdGhAAA,2020-09-05,-18,-3,56,-5,-14,-8
BY,Belarus,,,,,,ChIJgUit4oQl2kYREIzsgdGhAAA,2020-09-06,-19,-3,58,-5,3,-8
BY,Belarus,,,,,,ChIJgUit4oQl2kYREIzsgdGhAAA,2020-09-07,-15,-3,9,-8,-24,-1
BY,Belarus,,,,,,ChIJgUit4oQl2kYREIzsgdGhAAA,2020-09-08,-8,4,16,-3,-23,-2
BY,Belarus,,,,,,ChIJgUit4oQl2kYREIzsgdGhAAA,2020-09-09,-7,7,32,0,-20,-4
BY,Belarus,,,,,,ChIJgUit4oQl2kYREIzsgdGhAAA,2020-09-10,-7,5,30,-2,-22,-4
BY,Belarus,,,,,,ChIJgUit4oQl2kYREIzsgdGhAAA,2020-09-11,-7,10,44,2,-22,-6
BY,Belarus,,,,,,ChIJgUit4oQl2kYREIzsgdGhAAA,2020-09-12,-16,-1,62,-2,-13,-9
BY,Belarus,,,,,,ChIJgUit4oQl2kYREIzsgdGhAAA,2020-09-13,-17,0,58,-1,2,-10
BY,Belarus,,,,,,ChIJgUit4oQl2kYREIzsgdGhAAA,2020-09-14,-9,4,30,-3,-15,-3
BY,Belarus,,,,,,ChIJgUit4oQl2kYREIzsgdGhAAA,2020-09-15,-3,8,39,2,-15,-3
BY,Belarus,,,,,,ChIJgUit4oQl2kYREIzsgdGhAAA,2020-09-16,-4,9,46,5,-15,-4
BY,Belarus,,,,,,ChIJgUit4oQl2kYREIzsgdGhAAA,2020-09-17,-12,-1,15,-7,-17,-2
BY,Belarus,,,,,,ChIJgUit4oQl2kYREIzsgdGhAAA,2020-09-18,-10,5,23,-2,-16,-3
BY,Belarus,,,,,,ChIJgUit4oQl2kYREIzsgdGhAAA,2020-09-19,-11,3,51,-1,-9,-7
BY,Belarus,,,,,,ChIJgUit4oQl2kYREIzsgdGhAAA,2020-09-20,-14,2,57,-1,3,-8
BY,Belarus,,,,,,ChIJgUit4oQl2kYREIzsgdGhAAA,2020-09-21,-5,8,35,2,-15,-3
BY,Belarus,,,,,,ChIJgUit4oQl2kYREIzsgdGhAAA,2020-09-22,-6,6,27,4,-14,-3
BY,Belarus,,,,,,ChIJgUit4oQl2kYREIzsgdGhAAA,2020-09-23,-11,7,16,6,-12,-3
BY,Belarus,,,,,,ChIJgUit4oQl2kYREIzsgdGhAAA,2020-09-24,-11,3,18,2,-13,-3
BY,Belarus,,,,,,ChIJgUit4oQl2kYREIzsgdGhAAA,2020-09-25,-11,8,25,5,-13,-4
BY,Belarus,,,,,,ChIJgUit4oQl2kYREIzsgdGhAAA,2020-09-26,-16,1,53,3,-6,-8
BY,Belarus,,,,,,ChIJgUit4oQl2kYREIzsgdGhAAA,2020-09-27,-25,-6,11,-8,-2,-5
BY,Belarus,,,,,,ChIJgUit4oQl2kYREIzsgdGhAAA,2020-09-28,-14,1,3,0,-10,-2
BY,Belarus,,,,,,ChIJgUit4oQl2kYREIzsgdGhAAA,2020-09-29,-11,2,3,2,-10,-2
BY,Belarus,,,,,,ChIJgUit4oQl2kYREIzsgdGhAAA,2020-09-30,-12,5,0,3,-11,-3
BY,Belarus,,,,,,ChIJgUit4oQl2kYREIzsgdGhAAA,2020-10-01,-11,5,5,0,-11,-3
BY,Belarus,,,,,,ChIJgUit4oQl2kYREIzsgdGhAAA,2020-10-02,-16,4,1,3,-11,-3
BY,Belarus,,,,,,ChIJgUit4oQl2kYREIzsgdGhAAA,2020-10-03,-18,-2,12,-3,-13,-5
BY,Belarus,,,,,,ChIJgUit4oQl2kYREIzsgdGhAAA,2020-10-04,-23,-3,24,-2,-5,-6
BY,Belarus,,,,,,ChIJgUit4oQl2kYREIzsgdGhAAA,2020-10-05,-17,1,-2,1,-12,-2
BY,Belarus,,,,,,ChIJgUit4oQl2kYREIzsgdGhAAA,2020-10-06,-16,0,-2,1,-12,-2
BY,Belarus,,,,,,ChIJgUit4oQl2kYREIzsgdGhAAA,2020-10-07,-14,4,2,4,-10,-3
BY,Belarus,,,,,,ChIJgUit4oQl2kYREIzsgdGhAAA,2020-10-08,-14,2,7,1,-10,-2
BY,Belarus,,,,,,ChIJgUit4oQl2kYREIzsgdGhAAA,2020-10-09,-12,7,17,5,-10,-3
BY,Belarus,,,,,,ChIJgUit4oQl2kYREIzsgdGhAAA,2020-10-10,-15,1,30,1,-7,-6
BY,Belarus,,,,,,ChIJgUit4oQl2kYREIzsgdGhAAA,2020-10-11,-25,-7,12,-7,-5,-5
BY,Belarus,,,,,,ChIJgUit4oQl2kYREIzsgdGhAAA,2020-10-12,-16,1,5,2,-10,-2
BY,Belarus,,,,,,ChIJgUit4oQl2kYREIzsgdGhAAA,2020-10-13,-13,3,-2,2,-10,-1
BY,Belarus,,,,,,ChIJgUit4oQl2kYREIzsgdGhAAA,2020-10-14,-9,12,-9,3,-9,-1
BY,Belarus,,,,,,ChIJgUit4oQl2kYREIzsgdGhAAA,2020-10-15,-15,3,-8,-1,-10,-1
BY,Belarus,,,,,,ChIJgUit4oQl2kYREIzsgdGhAAA,2020-10-16,-15,5,-8,-2,-11,-1
BY,Belarus,,,,,,ChIJgUit4oQl2kYREIzsgdGhAAA,2020-10-17,-20,-2,-5,-9,-9,-3
BY,Belarus,,,,,,ChIJgUit4oQl2kYREIzsgdGhAAA,2020-10-18,-25,-6,-7,-14,-8,-3
BY,Belarus,,,,,,ChIJgUit4oQl2kYREIzsgdGhAAA,2020-10-19,-17,1,-15,-5,-10,0
BY,Belarus,,,,,,ChIJgUit4oQl2kYREIzsgdGhAAA,2020-10-20,-14,4,-15,-4,-10,-1
BY,Belarus,,,,,,ChIJgUit4oQl2kYREIzsgdGhAAA,2020-10-21,-15,5,-15,-1,-9,0
BY,Belarus,,,,,,ChIJgUit4oQl2kYREIzsgdGhAAA,2020-10-22,-14,5,2,1,-9,-1
BY,Belarus,,,,,,ChIJgUit4oQl2kYREIzsgdGhAAA,2020-10-23,-13,10,4,2,-10,-1
BY,Belarus,,,,,,ChIJgUit4oQl2kYREIzsgdGhAAA,2020-10-24,-19,2,-2,-7,-8,-2
BY,Belarus,,,,,,ChIJgUit4oQl2kYREIzsgdGhAAA,2020-10-25,-25,-2,13,-12,-7,-3
BY,Belarus,,,,,,ChIJgUit4oQl2kYREIzsgdGhAAA,2020-10-26,-22,1,-7,-5,-12,1
BY,Belarus,,,,,,ChIJgUit4oQl2kYREIzsgdGhAAA,2020-10-27,-17,2,-9,-3,-11,0
BY,Belarus,,,,,,ChIJgUit4oQl2kYREIzsgdGhAAA,2020-10-28,-18,3,-8,-2,-10,0
BY,Belarus,,,,,,ChIJgUit4oQl2kYREIzsgdGhAAA,2020-10-29,-19,-1,-11,-6,-12,0
BY,Belarus,,,,,,ChIJgUit4oQl2kYREIzsgdGhAAA,2020-10-30,-21,1,-13,-6,-12,0
BY,Belarus,,,,,,ChIJgUit4oQl2kYREIzsgdGhAAA,2020-10-31,-22,-4,-1,-10,-11,-2
BY,Belarus,,,,,,ChIJgUit4oQl2kYREIzsgdGhAAA,2020-11-01,-30,-10,-3,-19,-11,-2
BY,Belarus,,,,,,ChIJgUit4oQl2kYREIzsgdGhAAA,2020-11-02,-20,-2,-11,-9,-22,2
BY,Belarus,,,,,,ChIJgUit4oQl2kYREIzsgdGhAAA,2020-11-03,-20,-3,-19,-9,-22,3
BY,Belarus,,,,,,ChIJgUit4oQl2kYREIzsgdGhAAA,2020-11-04,-21,-3,-22,-9,-23,3
BY,Belarus,,,,,,ChIJgUit4oQl2kYREIzsgdGhAAA,2020-11-05,-18,-1,-11,-9,-23,2
BY,Belarus,,,,,,ChIJgUit4oQl2kYREIzsgdGhAAA,2020-11-06,-19,4,-9,-7,-25,3
BY,Belarus,,,,,,ChIJgUit4oQl2kYREIzsgdGhAAA,2020-11-07,-27,-5,-4,-19,-35,0
BY,Belarus,,,,,,ChIJgUit4oQl2kYREIzsgdGhAAA,2020-11-08,-33,-11,-10,-21,-13,-1
BY,Belarus,,,,,,ChIJgUit4oQl2kYREIzsgdGhAAA,2020-11-09,-24,-2,-17,-10,-14,1
BY,Belarus,,,,,,ChIJgUit4oQl2kYREIzsgdGhAAA,2020-11-10,-18,3,-19,-8,-14,1
BY,Belarus,,,,,,ChIJgUit4oQl2kYREIzsgdGhAAA,2020-11-11,-19,4,-20,-8,-14,2
BY,Belarus,,,,,,ChIJgUit4oQl2kYREIzsgdGhAAA,2020-11-12,-21,0,-21,-11,-14,2
BY,Belarus,,,,,,ChIJgUit4oQl2kYREIzsgdGhAAA,2020-11-13,-22,3,-20,-11,-15,3
BY,Belarus,,,,,,ChIJgUit4oQl2kYREIzsgdGhAAA,2020-11-14,-24,-2,-19,-16,-15,1
BY,Belarus,,,,,,ChIJgUit4oQl2kYREIzsgdGhAAA,2020-11-15,-34,-10,-18,-26,-15,1
BY,Belarus,,,,,,ChIJgUit4oQl2kYREIzsgdGhAAA,2020-11-16,-26,-4,-25,-15,-16,3
BY,Belarus,,,,,,ChIJgUit4oQl2kYREIzsgdGhAAA,2020-11-17,-25,-5,-29,-14,-16,3
BY,Belarus,,,,,,ChIJgUit4oQl2kYREIzsgdGhAAA,2020-11-18,-25,-2,-31,-13,-16,4
BY,Belarus,,,,,,ChIJgUit4oQl2kYREIzsgdGhAAA,2020-11-19,-24,-3,-25,-15,-16,3
BY,Belarus,,,,,,ChIJgUit4oQl2kYREIzsgdGhAAA,2020-11-20,-22,3,-20,-11,-16,3
BY,Belarus,,,,,,ChIJgUit4oQl2kYREIzsgdGhAAA,2020-11-21,-23,-1,-19,-16,-16,1
BY,Belarus,,,,,,ChIJgUit4oQl2kYREIzsgdGhAAA,2020-11-22,-34,-12,-30,-28,-16,2
BY,Belarus,,,,,,ChIJgUit4oQl2kYREIzsgdGhAAA,2020-11-23,-26,-4,-26,-15,-17,3
BY,Belarus,,,,,,ChIJgUit4oQl2kYREIzsgdGhAAA,2020-11-24,-23,-3,-26,-14,-16,3
BY,Belarus,,,,,,ChIJgUit4oQl2kYREIzsgdGhAAA,2020-11-25,-22,2,-26,-11,-16,3
BY,Belarus,,,,,,ChIJgUit4oQl2kYREIzsgdGhAAA,2020-11-26,-22,-1,-23,-14,-16,3
BY,Belarus,,,,,,ChIJgUit4oQl2kYREIzsgdGhAAA,2020-11-27,-22,0,-27,-14,-16,3
BY,Belarus,,,,,,ChIJgUit4oQl2kYREIzsgdGhAAA,2020-11-28,-24,-3,-23,-17,-14,2
BY,Belarus,,,,,,ChIJgUit4oQl2kYREIzsgdGhAAA,2020-11-29,-33,-11,-27,-28,-15,2
BY,Belarus,,,,,,ChIJgUit4oQl2kYREIzsgdGhAAA,2020-11-30,-26,-5,-26,-14,-16,3
BY,Belarus,,,,,,ChIJgUit4oQl2kYREIzsgdGhAAA,2020-12-01,-24,-3,-27,-14,-16,3
BY,Belarus,,,,,,ChIJgUit4oQl2kYREIzsgdGhAAA,2020-12-02,-25,-3,-32,-14,-15,4
BY,Belarus,,,,,,ChIJgUit4oQl2kYREIzsgdGhAAA,2020-12-03,-27,-6,-28,-17,-16,4
BY,Belarus,,,,,,ChIJgUit4oQl2kYREIzsgdGhAAA,2020-12-04,-27,-3,-29,-17,-16,4
BY,Belarus,,,,,,ChIJgUit4oQl2kYREIzsgdGhAAA,2020-12-05,-29,-7,-30,-23,-16,3
BY,Belarus,,,,,,ChIJgUit4oQl2kYREIzsgdGhAAA,2020-12-06,-33,-10,-25,-28,-15,2
BY,Belarus,,,,,,ChIJgUit4oQl2kYREIzsgdGhAAA,2020-12-07,-28,-8,-32,-19,-16,4
BY,Belarus,,,,,,ChIJgUit4oQl2kYREIzsgdGhAAA,2020-12-08,-27,-7,-34,-19,-15,4
BY,Belarus,,,,,,ChIJgUit4oQl2kYREIzsgdGhAAA,2020-12-09,-27,-5,-31,-19,-16,4
BY,Belarus,,,,,,ChIJgUit4oQl2kYREIzsgdGhAAA,2020-12-10,-25,-3,-25,-18,-16,3
BY,Belarus,,,,,,ChIJgUit4oQl2kYREIzsgdGhAAA,2020-12-11,-28,-2,-23,-14,-17,4
BY,Belarus,,,,,,ChIJgUit4oQl2kYREIzsgdGhAAA,2020-12-12,-26,-3,-23,-20,-16,3
BY,Belarus,,,,,,ChIJgUit4oQl2kYREIzsgdGhAAA,2020-12-13,-31,-7,-17,-25,-16,3
BY,Belarus,,,,,,ChIJgUit4oQl2kYREIzsgdGhAAA,2020-12-14,-25,-3,-19,-13,-16,3
BY,Belarus,,,,,,ChIJgUit4oQl2kYREIzsgdGhAAA,2020-12-15,-20,1,-19,-10,-15,3
BY,Belarus,,,,,,ChIJgUit4oQl2kYREIzsgdGhAAA,2020-12-16,-22,1,-23,-12,-15,3
BY,Belarus,,,,,,ChIJgUit4oQl2kYREIzsgdGhAAA,2020-12-17,-22,0,-16,-12,-16,3
BY,Belarus,,,,,,ChIJgUit4oQl2kYREIzsgdGhAAA,2020-12-18,-21,2,-14,-11,-15,3
BY,Belarus,,,,,,ChIJgUit4oQl2kYREIzsgdGhAAA,2020-12-19,-18,3,-8,-10,-9,1
BY,Belarus,,,,,,ChIJgUit4oQl2kYREIzsgdGhAAA,2020-12-20,-25,-4,-10,-21,-14,2
BY,Belarus,,,,,,ChIJgUit4oQl2kYREIzsgdGhAAA,2020-12-21,-20,0,-19,-13,-15,3
BY,Belarus,,,,,,ChIJgUit4oQl2kYREIzsgdGhAAA,2020-12-22,-18,0,-22,-12,-15,2
BY,Belarus,,,,,,ChIJgUit4oQl2kYREIzsgdGhAAA,2020-12-23,-15,7,-16,-5,-15,2
BY,Belarus,,,,,,ChIJgUit4oQl2kYREIzsgdGhAAA,2020-12-24,-6,13,-7,2,-17,0
BY,Belarus,,,,,,ChIJgUit4oQl2kYREIzsgdGhAAA,2020-12-25,-21,-2,-15,-33,-75,18
BY,Belarus,,,,,,ChIJgUit4oQl2kYREIzsgdGhAAA,2020-12-26,-20,-3,-9,-20,-27,2
BY,Belarus,,,,,,ChIJgUit4oQl2kYREIzsgdGhAAA,2020-12-27,-17,2,2,-14,-10,0
BY,Belarus,,,,,,ChIJgUit4oQl2kYREIzsgdGhAAA,2020-12-28,-14,3,-19,-11,-26,4
BY,Belarus,,,,,,ChIJgUit4oQl2kYREIzsgdGhAAA,2020-12-29,-4,14,-18,-5,-28,4
BY,Belarus,,,,,,ChIJgUit4oQl2kYREIzsgdGhAAA,2020-12-30,11,43,-7,6,-29,2
BY,Belarus,,,,,,ChIJgUit4oQl2kYREIzsgdGhAAA,2020-12-31,-12,26,-7,-17,-49,8
BY,Belarus,,,,,,ChIJgUit4oQl2kYREIzsgdGhAAA,2021-01-01,-68,-49,-17,-58,-87,22
BY,Belarus,,,,,,ChIJgUit4oQl2kYREIzsgdGhAAA,2021-01-02,-42,-24,-9,-38,-54,6
BY,Belarus,,,,,,ChIJgUit4oQl2kYREIzsgdGhAAA,2021-01-03,-35,-16,-5,-24,-23,2
BY,Belarus,,,,,,ChIJgUit4oQl2kYREIzsgdGhAAA,2021-01-04,-24,-4,-18,-18,-33,7
BY,Belarus,,,,,,ChIJgUit4oQl2kYREIzsgdGhAAA,2021-01-05,-20,-1,-22,-18,-33,7
BY,Belarus,,,,,,ChIJgUit4oQl2kYREIzsgdGhAAA,2021-01-06,-9,21,-8,-7,-33,4
BY,Belarus,,,,,,ChIJgUit4oQl2kYREIzsgdGhAAA,2021-01-07,-32,-9,6,-39,-81,17
BY,Belarus,,,,,,ChIJgUit4oQl2kYREIzsgdGhAAA,2021-01-08,-29,-10,4,-32,-68,16
BY,Belarus,,,,,,ChIJgUit4oQl2kYREIzsgdGhAAA,2021-01-09,-31,-11,1,-22,-29,3
BY,Belarus,,,,,,ChIJgUit4oQl2kYREIzsgdGhAAA,2021-01-10,-31,-9,1,-20,-14,1
BY,Belarus,,,,,,ChIJgUit4oQl2kYREIzsgdGhAAA,2021-01-11,-24,-2,-15,-14,-16,3
BY,Belarus,,,,,,ChIJgUit4oQl2kYREIzsgdGhAAA,2021-01-12,-22,-2,-19,-15,-17,2
BY,Belarus,,,,,,ChIJgUit4oQl2kYREIzsgdGhAAA,2021-01-13,-24,-1,-19,-16,-19,0
BY,Belarus,,,,,,ChIJgUit4oQl2kYREIzsgdGhAAA,2021-01-14,-29,-12,-23,-22,-23,0
BY,Belarus,,,,,,ChIJgUit4oQl2kYREIzsgdGhAAA,2021-01-15,-36,-17,-32,-28,-25,3
BY,Belarus,,,,,,ChIJgUit4oQl2kYREIzsgdGhAAA,2021-01-16,-40,-20,-37,-27,35,-3
BY,Belarus,,,,,,ChIJgUit4oQl2kYREIzsgdGhAAA,2021-01-17,-42,-24,-37,-40,-25,4
BY,Belarus,,,,,,ChIJgUit4oQl2kYREIzsgdGhAAA,2021-01-18,-38,-19,-34,-27,-26,4
BY,Belarus,,,,,,ChIJgUit4oQl2kYREIzsgdGhAAA,2021-01-19,-31,-12,-22,-23,-25,2
BY,Belarus,,,,,,ChIJgUit4oQl2kYREIzsgdGhAAA,2021-01-20,-30,-10,-32,-22,-23,2
BY,Belarus,,,,,,ChIJgUit4oQl2kYREIzsgdGhAAA,2021-01-21,-27,-8,-22,-19,-23,1
BY,Belarus,,,,,,ChIJgUit4oQl2kYREIzsgdGhAAA,2021-01-22,-28,-6,-21,-19,-23,1
BY,Belarus,,,,,,ChIJgUit4oQl2kYREIzsgdGhAAA,2021-01-23,-28,-8,-15,-21,-21,-1
BY,Belarus,,,,,,ChIJgUit4oQl2kYREIzsgdGhAAA,2021-01-24,-34,-16,-27,-28,-20,0
BY,Belarus,,,,,,ChIJgUit4oQl2kYREIzsgdGhAAA,2021-01-25,-28,-9,-26,-19,-22,1
BY,Belarus,,,,,,ChIJgUit4oQl2kYREIzsgdGhAAA,2021-01-26,-32,-15,-34,-23,-23,2
BY,Belarus,,,,,,ChIJgUit4oQl2kYREIzsgdGhAAA,2021-01-27,-28,-8,-27,-18,-22,1
BY,Belarus,,,,,,ChIJgUit4oQl2kYREIzsgdGhAAA,2021-01-28,-28,-8,-22,-20,-22,1
BY,Belarus,,,,,,ChIJgUit4oQl2kYREIzsgdGhAAA,2021-01-29,-30,-6,-24,-20,-21,1
BY,Belarus,,,,,,ChIJgUit4oQl2kYREIzsgdGhAAA,2021-01-30,-30,-9,-20,-23,-20,0
BY,Belarus,,,,,,ChIJgUit4oQl2kYREIzsgdGhAAA,2021-01-31,-34,-13,-17,-27,-17,0
BY,Belarus,,,,,,ChIJgUit4oQl2kYREIzsgdGhAAA,2021-02-01,-31,-9,-26,-20,-21,1
BY,Belarus,,,,,,ChIJgUit4oQl2kYREIzsgdGhAAA,2021-02-02,-31,-11,-29,-21,-21,1
BY,Belarus,,,,,,ChIJgUit4oQl2kYREIzsgdGhAAA,2021-02-03,-31,-11,-29,-20,-21,1
BY,Belarus,,,,,,ChIJgUit4oQl2kYREIzsgdGhAAA,2021-02-04,-36,-18,-32,-22,-22,1
BY,Belarus,,,,,,ChIJgUit4oQl2kYREIzsgdGhAAA,2021-02-05,-32,-9,-26,-20,-21,1
BY,Belarus,,,,,,ChIJgUit4oQl2kYREIzsgdGhAAA,2021-02-06,-33,-14,-29,-29,-22,1
BY,Belarus,,,,,,ChIJgUit4oQl2kYREIzsgdGhAAA,2021-02-07,-42,-23,-33,-32,-20,2
BY,Belarus,,,,,,ChIJgUit4oQl2kYREIzsgdGhAAA,2021-02-08,-36,-15,-36,-23,-21,2
BY,Belarus,,,,,,ChIJgUit4oQl2kYREIzsgdGhAAA,2021-02-09,-33,-13,-33,-15,-20,2
BY,Belarus,,,,,,ChIJgUit4oQl2kYREIzsgdGhAAA,2021-02-10,-28,-6,-31,-16,-19,1
BY,Belarus,,,,,,ChIJgUit4oQl2kYREIzsgdGhAAA,2021-02-11,-29,-10,-31,-19,-19,1
BY,Belarus,,,,,,ChIJgUit4oQl2kYREIzsgdGhAAA,2021-02-12,-34,-11,-35,-18,-20,3
BY,Belarus,,,,,,ChIJgUit4oQl2kYREIzsgdGhAAA,2021-02-13,-34,-15,-39,-28,-22,3
BY,Belarus,,,,,,ChIJgUit4oQl2kYREIzsgdGhAAA,2021-02-14,-27,-8,-22,-18,-16,1
BY,Belarus,,,,,,ChIJgUit4oQl2kYREIzsgdGhAAA,2021-02-15,-28,-6,-27,-14,-19,1
BY,Belarus,,,,,,ChIJgUit4oQl2kYREIzsgdGhAAA,2021-02-16,-27,-7,-30,-15,-19,1
BY,Belarus,,,,,,ChIJgUit4oQl2kYREIzsgdGhAAA,2021-02-17,-25,-3,-29,-12,-18,1
BY,Belarus,,,,,,ChIJgUit4oQl2kYREIzsgdGhAAA,2021-02-18,-26,-6,-29,-16,-19,1
BY,Belarus,,,,,,ChIJgUit4oQl2kYREIzsgdGhAAA,2021-02-19,-26,-2,-27,-15,-19,1
BY,Belarus,,,,,,ChIJgUit4oQl2kYREIzsgdGhAAA,2021-02-20,-24,-3,-22,-17,-17,-1
BY,Belarus,,,,,,ChIJgUit4oQl2kYREIzsgdGhAAA,2021-02-21,-25,-5,-15,-16,-15,-1
BY,Belarus,,,,,,ChIJgUit4oQl2kYREIzsgdGhAAA,2021-02-22,-15,6,-16,-7,-16,-1
BY,Belarus,,,,,,ChIJgUit4oQl2kYREIzsgdGhAAA,2021-02-23,-17,2,-26,-12,-16,-1
BY,Belarus,,,,,,ChIJgUit4oQl2kYREIzsgdGhAAA,2021-02-24,-24,-4,-26,-10,-16,0
BY,Belarus,,,,,,ChIJgUit4oQl2kYREIzsgdGhAAA,2021-02-25,-19,0,-16,-8,-16,-1
BY,Belarus,,,,,,ChIJgUit4oQl2kYREIzsgdGhAAA,2021-02-26,-21,2,-17,-7,-16,-1
BY,Belarus,,,,,,ChIJgUit4oQl2kYREIzsgdGhAAA,2021-02-27,-22,-2,-21,-15,-15,-1
BY,Belarus,,,,,,ChIJgUit4oQl2kYREIzsgdGhAAA,2021-02-28,-27,-8,-24,-18,-14,-1
BY,Belarus,,,,,,ChIJgUit4oQl2kYREIzsgdGhAAA,2021-03-01,-23,-2,-23,-10,-15,-1
BY,Belarus,,,,,,ChIJgUit4oQl2kYREIzsgdGhAAA,2021-03-02,-21,-3,-25,-12,-15,-1
BY,Belarus,,,,,,ChIJgUit4oQl2kYREIzsgdGhAAA,2021-03-03,-17,3,-19,-7,-15,-2
BY,Belarus,,,,,,ChIJgUit4oQl2kYREIzsgdGhAAA,2021-03-04,-18,2,-23,-10,-16,-1
BY,Belarus,,,,,,ChIJgUit4oQl2kYREIzsgdGhAAA,2021-03-05,-16,5,-16,-4,-14,-2
