country_region_code,country_region,sub_region_1,sub_region_2,metro_area,iso_3166_2_code,census_fips_code,place_id,date,retail_and_recreation_percent_change_from_baseline,grocery_and_pharmacy_percent_change_from_baseline,parks_percent_change_from_baseline,transit_stations_percent_change_from_baseline,workplaces_percent_change_from_baseline,residential_percent_change_from_baseline
MN,Mongolia,,,,,,ChIJS22qaQYFJzYRluDmNzkh3eA,2020-02-15,-6,6,-18,-4,-1,3
MN,Mongolia,,,,,,ChIJS22qaQYFJzYRluDmNzkh3eA,2020-02-16,-5,10,2,-6,-1,1
MN,Mongolia,,,,,,ChIJS22qaQYFJzYRluDmNzkh3eA,2020-02-17,-3,4,-8,-7,-3,3
MN,Mongolia,,,,,,ChIJS22qaQYFJzYRluDmNzkh3eA,2020-02-18,-2,9,-6,-8,-4,3
MN,Mongolia,,,,,,ChIJS22qaQYFJzYRluDmNzkh3eA,2020-02-19,-1,11,-12,-4,-3,3
MN,Mongolia,,,,,,ChIJS22qaQYFJzYRluDmNzkh3eA,2020-02-20,-1,13,1,-3,-5,3
MN,Mongolia,,,,,,ChIJS22qaQYFJzYRluDmNzkh3eA,2020-02-21,3,23,-9,-1,-6,4
MN,Mongolia,,,,,,ChIJS22qaQYFJzYRluDmNzkh3eA,2020-02-22,8,34,-16,4,-6,2
MN,Mongolia,,,,,,ChIJS22qaQYFJzYRluDmNzkh3eA,2020-02-23,-19,15,-22,-21,-12,5
MN,Mongolia,,,,,,ChIJS22qaQYFJzYRluDmNzkh3eA,2020-02-24,-63,-44,-35,-37,-68,15
MN,Mongolia,,,,,,ChIJS22qaQYFJzYRluDmNzkh3eA,2020-02-25,-67,-47,-37,-54,-72,22
MN,Mongolia,,,,,,ChIJS22qaQYFJzYRluDmNzkh3eA,2020-02-26,-66,-45,-40,-57,-69,23
MN,Mongolia,,,,,,ChIJS22qaQYFJzYRluDmNzkh3eA,2020-02-27,-43,-25,-30,-42,-27,13
MN,Mongolia,,,,,,ChIJS22qaQYFJzYRluDmNzkh3eA,2020-02-28,-39,-23,-32,-41,-23,14
MN,Mongolia,,,,,,ChIJS22qaQYFJzYRluDmNzkh3eA,2020-02-29,-35,-21,-24,-36,-16,9
MN,Mongolia,,,,,,ChIJS22qaQYFJzYRluDmNzkh3eA,2020-03-01,-34,-20,-20,-42,-13,8
MN,Mongolia,,,,,,ChIJS22qaQYFJzYRluDmNzkh3eA,2020-03-02,-25,-15,-22,-30,-11,9
MN,Mongolia,,,,,,ChIJS22qaQYFJzYRluDmNzkh3eA,2020-03-03,-17,0,-16,-18,-12,3
MN,Mongolia,,,,,,ChIJS22qaQYFJzYRluDmNzkh3eA,2020-03-04,-14,-1,-14,-14,-7,5
MN,Mongolia,,,,,,ChIJS22qaQYFJzYRluDmNzkh3eA,2020-03-05,-11,2,-9,-14,-6,5
MN,Mongolia,,,,,,ChIJS22qaQYFJzYRluDmNzkh3eA,2020-03-06,-11,4,-9,-14,-5,6
MN,Mongolia,,,,,,ChIJS22qaQYFJzYRluDmNzkh3eA,2020-03-07,-5,9,-8,-10,-2,3
MN,Mongolia,,,,,,ChIJS22qaQYFJzYRluDmNzkh3eA,2020-03-08,-3,26,-3,-11,-8,2
MN,Mongolia,,,,,,ChIJS22qaQYFJzYRluDmNzkh3eA,2020-03-09,-14,-4,-13,-17,-4,5
MN,Mongolia,,,,,,ChIJS22qaQYFJzYRluDmNzkh3eA,2020-03-10,-28,13,-32,-25,-13,10
MN,Mongolia,,,,,,ChIJS22qaQYFJzYRluDmNzkh3eA,2020-03-11,-47,-22,-40,-43,-28,18
MN,Mongolia,,,,,,ChIJS22qaQYFJzYRluDmNzkh3eA,2020-03-12,-49,-24,-41,-41,-31,18
MN,Mongolia,,,,,,ChIJS22qaQYFJzYRluDmNzkh3eA,2020-03-13,-49,-20,-41,-39,-28,18
MN,Mongolia,,,,,,ChIJS22qaQYFJzYRluDmNzkh3eA,2020-03-14,-48,-20,-26,-37,-26,12
MN,Mongolia,,,,,,ChIJS22qaQYFJzYRluDmNzkh3eA,2020-03-15,-46,-17,-18,-37,-23,9
MN,Mongolia,,,,,,ChIJS22qaQYFJzYRluDmNzkh3eA,2020-03-16,-13,2,-17,-12,-10,6
MN,Mongolia,,,,,,ChIJS22qaQYFJzYRluDmNzkh3eA,2020-03-17,-15,4,-18,-15,-12,7
MN,Mongolia,,,,,,ChIJS22qaQYFJzYRluDmNzkh3eA,2020-03-18,-12,5,-22,-17,-11,7
MN,Mongolia,,,,,,ChIJS22qaQYFJzYRluDmNzkh3eA,2020-03-19,-22,-9,-22,-23,-13,9
MN,Mongolia,,,,,,ChIJS22qaQYFJzYRluDmNzkh3eA,2020-03-20,-21,0,-24,-20,-11,9
MN,Mongolia,,,,,,ChIJS22qaQYFJzYRluDmNzkh3eA,2020-03-21,-17,2,-13,-15,-6,5
MN,Mongolia,,,,,,ChIJS22qaQYFJzYRluDmNzkh3eA,2020-03-22,-16,1,8,-16,-7,1
MN,Mongolia,,,,,,ChIJS22qaQYFJzYRluDmNzkh3eA,2020-03-23,-14,1,-2,-14,-9,4
MN,Mongolia,,,,,,ChIJS22qaQYFJzYRluDmNzkh3eA,2020-03-24,-19,-1,-13,-16,-9,6
MN,Mongolia,,,,,,ChIJS22qaQYFJzYRluDmNzkh3eA,2020-03-25,-21,-5,-24,-23,-9,8
MN,Mongolia,,,,,,ChIJS22qaQYFJzYRluDmNzkh3eA,2020-03-26,-20,-4,-25,-21,-9,8
MN,Mongolia,,,,,,ChIJS22qaQYFJzYRluDmNzkh3eA,2020-03-27,-19,1,-24,-17,-8,8
MN,Mongolia,,,,,,ChIJS22qaQYFJzYRluDmNzkh3eA,2020-03-28,-17,1,-8,-15,-3,4
MN,Mongolia,,,,,,ChIJS22qaQYFJzYRluDmNzkh3eA,2020-03-29,-16,5,5,-16,-2,2
MN,Mongolia,,,,,,ChIJS22qaQYFJzYRluDmNzkh3eA,2020-03-30,-17,-3,-13,-16,-6,6
MN,Mongolia,,,,,,ChIJS22qaQYFJzYRluDmNzkh3eA,2020-03-31,-15,2,-13,-15,-6,5
MN,Mongolia,,,,,,ChIJS22qaQYFJzYRluDmNzkh3eA,2020-04-01,-12,6,0,-11,-6,4
MN,Mongolia,,,,,,ChIJS22qaQYFJzYRluDmNzkh3eA,2020-04-02,-10,7,0,-10,-5,4
MN,Mongolia,,,,,,ChIJS22qaQYFJzYRluDmNzkh3eA,2020-04-03,-12,9,0,-10,-5,5
MN,Mongolia,,,,,,ChIJS22qaQYFJzYRluDmNzkh3eA,2020-04-04,-10,14,23,-4,-3,0
MN,Mongolia,,,,,,ChIJS22qaQYFJzYRluDmNzkh3eA,2020-04-05,-12,11,21,-10,-2,-1
MN,Mongolia,,,,,,ChIJS22qaQYFJzYRluDmNzkh3eA,2020-04-06,-13,4,-11,-13,-5,4
MN,Mongolia,,,,,,ChIJS22qaQYFJzYRluDmNzkh3eA,2020-04-07,-12,7,-9,-11,-5,4
MN,Mongolia,,,,,,ChIJS22qaQYFJzYRluDmNzkh3eA,2020-04-08,-10,7,0,-8,-4,3
MN,Mongolia,,,,,,ChIJS22qaQYFJzYRluDmNzkh3eA,2020-04-09,-12,6,1,-13,-5,4
MN,Mongolia,,,,,,ChIJS22qaQYFJzYRluDmNzkh3eA,2020-04-10,-12,10,-2,-10,-5,4
MN,Mongolia,,,,,,ChIJS22qaQYFJzYRluDmNzkh3eA,2020-04-11,-8,15,14,-3,-1,0
MN,Mongolia,,,,,,ChIJS22qaQYFJzYRluDmNzkh3eA,2020-04-12,-13,11,5,-7,-1,0
MN,Mongolia,,,,,,ChIJS22qaQYFJzYRluDmNzkh3eA,2020-04-13,-11,4,-5,-9,-3,4
MN,Mongolia,,,,,,ChIJS22qaQYFJzYRluDmNzkh3eA,2020-04-14,-17,6,-12,-12,-4,4
MN,Mongolia,,,,,,ChIJS22qaQYFJzYRluDmNzkh3eA,2020-04-15,-16,5,-16,-13,-5,6
MN,Mongolia,,,,,,ChIJS22qaQYFJzYRluDmNzkh3eA,2020-04-16,-9,8,-4,-7,-3,4
MN,Mongolia,,,,,,ChIJS22qaQYFJzYRluDmNzkh3eA,2020-04-17,-10,14,-2,-6,-3,4
MN,Mongolia,,,,,,ChIJS22qaQYFJzYRluDmNzkh3eA,2020-04-18,-10,8,2,-5,3,1
MN,Mongolia,,,,,,ChIJS22qaQYFJzYRluDmNzkh3eA,2020-04-19,-16,2,-17,-16,2,2
MN,Mongolia,,,,,,ChIJS22qaQYFJzYRluDmNzkh3eA,2020-04-20,-5,7,-10,-8,0,3
MN,Mongolia,,,,,,ChIJS22qaQYFJzYRluDmNzkh3eA,2020-04-21,-7,10,-10,-9,-3,3
MN,Mongolia,,,,,,ChIJS22qaQYFJzYRluDmNzkh3eA,2020-04-22,-11,5,-9,-16,-2,4
MN,Mongolia,,,,,,ChIJS22qaQYFJzYRluDmNzkh3eA,2020-04-23,-10,4,2,-14,-2,5
MN,Mongolia,,,,,,ChIJS22qaQYFJzYRluDmNzkh3eA,2020-04-24,-11,8,-1,-14,-1,5
MN,Mongolia,,,,,,ChIJS22qaQYFJzYRluDmNzkh3eA,2020-04-25,-6,17,11,3,7,-1
MN,Mongolia,,,,,,ChIJS22qaQYFJzYRluDmNzkh3eA,2020-04-26,-3,20,40,0,7,-4
MN,Mongolia,,,,,,ChIJS22qaQYFJzYRluDmNzkh3eA,2020-04-27,-4,10,18,-2,1,1
MN,Mongolia,,,,,,ChIJS22qaQYFJzYRluDmNzkh3eA,2020-04-28,-3,16,23,-2,0,0
MN,Mongolia,,,,,,ChIJS22qaQYFJzYRluDmNzkh3eA,2020-04-29,-4,13,21,-2,1,0
MN,Mongolia,,,,,,ChIJS22qaQYFJzYRluDmNzkh3eA,2020-04-30,1,20,28,1,2,-1
MN,Mongolia,,,,,,ChIJS22qaQYFJzYRluDmNzkh3eA,2020-05-01,1,28,23,3,1,-1
MN,Mongolia,,,,,,ChIJS22qaQYFJzYRluDmNzkh3eA,2020-05-02,2,24,13,5,9,-2
MN,Mongolia,,,,,,ChIJS22qaQYFJzYRluDmNzkh3eA,2020-05-03,3,30,43,12,10,-5
MN,Mongolia,,,,,,ChIJS22qaQYFJzYRluDmNzkh3eA,2020-05-04,2,20,20,2,3,-1
MN,Mongolia,,,,,,ChIJS22qaQYFJzYRluDmNzkh3eA,2020-05-05,4,26,30,5,3,-1
MN,Mongolia,,,,,,ChIJS22qaQYFJzYRluDmNzkh3eA,2020-05-06,3,29,13,6,4,0
MN,Mongolia,,,,,,ChIJS22qaQYFJzYRluDmNzkh3eA,2020-05-07,1,27,18,6,-4,2
MN,Mongolia,,,,,,ChIJS22qaQYFJzYRluDmNzkh3eA,2020-05-08,5,31,12,10,4,1
MN,Mongolia,,,,,,ChIJS22qaQYFJzYRluDmNzkh3eA,2020-05-09,2,22,5,3,9,0
MN,Mongolia,,,,,,ChIJS22qaQYFJzYRluDmNzkh3eA,2020-05-10,4,28,16,8,12,-3
MN,Mongolia,,,,,,ChIJS22qaQYFJzYRluDmNzkh3eA,2020-05-11,6,24,24,8,6,-1
MN,Mongolia,,,,,,ChIJS22qaQYFJzYRluDmNzkh3eA,2020-05-12,10,32,37,12,6,-2
MN,Mongolia,,,,,,ChIJS22qaQYFJzYRluDmNzkh3eA,2020-05-13,6,28,36,11,6,-2
MN,Mongolia,,,,,,ChIJS22qaQYFJzYRluDmNzkh3eA,2020-05-14,5,28,35,8,6,-2
MN,Mongolia,,,,,,ChIJS22qaQYFJzYRluDmNzkh3eA,2020-05-15,-5,17,-6,-3,4,3
MN,Mongolia,,,,,,ChIJS22qaQYFJzYRluDmNzkh3eA,2020-05-16,-1,18,-4,1,11,3
MN,Mongolia,,,,,,ChIJS22qaQYFJzYRluDmNzkh3eA,2020-05-17,11,30,29,10,17,-2
MN,Mongolia,,,,,,ChIJS22qaQYFJzYRluDmNzkh3eA,2020-05-18,11,29,41,15,8,-3
MN,Mongolia,,,,,,ChIJS22qaQYFJzYRluDmNzkh3eA,2020-05-19,10,31,45,14,8,-2
MN,Mongolia,,,,,,ChIJS22qaQYFJzYRluDmNzkh3eA,2020-05-20,9,31,32,14,6,-1
MN,Mongolia,,,,,,ChIJS22qaQYFJzYRluDmNzkh3eA,2020-05-21,11,34,30,12,6,-1
MN,Mongolia,,,,,,ChIJS22qaQYFJzYRluDmNzkh3eA,2020-05-22,6,32,19,10,7,-1
MN,Mongolia,,,,,,ChIJS22qaQYFJzYRluDmNzkh3eA,2020-05-23,11,34,43,18,15,-5
MN,Mongolia,,,,,,ChIJS22qaQYFJzYRluDmNzkh3eA,2020-05-24,11,39,44,12,14,-7
MN,Mongolia,,,,,,ChIJS22qaQYFJzYRluDmNzkh3eA,2020-05-25,12,34,33,15,4,-4
MN,Mongolia,,,,,,ChIJS22qaQYFJzYRluDmNzkh3eA,2020-05-26,8,32,37,9,8,-3
MN,Mongolia,,,,,,ChIJS22qaQYFJzYRluDmNzkh3eA,2020-05-27,11,32,44,11,9,-3
MN,Mongolia,,,,,,ChIJS22qaQYFJzYRluDmNzkh3eA,2020-05-28,8,29,32,9,9,-2
MN,Mongolia,,,,,,ChIJS22qaQYFJzYRluDmNzkh3eA,2020-05-29,9,34,20,12,7,0
MN,Mongolia,,,,,,ChIJS22qaQYFJzYRluDmNzkh3eA,2020-05-30,18,42,25,20,20,-4
MN,Mongolia,,,,,,ChIJS22qaQYFJzYRluDmNzkh3eA,2020-05-31,28,63,57,26,21,-10
MN,Mongolia,,,,,,ChIJS22qaQYFJzYRluDmNzkh3eA,2020-06-01,-4,43,49,-1,-51,1
MN,Mongolia,,,,,,ChIJS22qaQYFJzYRluDmNzkh3eA,2020-06-02,9,32,30,12,9,-5
MN,Mongolia,,,,,,ChIJS22qaQYFJzYRluDmNzkh3eA,2020-06-03,13,34,41,16,10,-4
MN,Mongolia,,,,,,ChIJS22qaQYFJzYRluDmNzkh3eA,2020-06-04,17,42,56,19,8,-6
MN,Mongolia,,,,,,ChIJS22qaQYFJzYRluDmNzkh3eA,2020-06-05,-6,36,25,5,-34,1
MN,Mongolia,,,,,,ChIJS22qaQYFJzYRluDmNzkh3eA,2020-06-06,7,32,63,14,11,-8
MN,Mongolia,,,,,,ChIJS22qaQYFJzYRluDmNzkh3eA,2020-06-07,12,37,53,16,21,-10
MN,Mongolia,,,,,,ChIJS22qaQYFJzYRluDmNzkh3eA,2020-06-08,10,34,38,17,10,-4
MN,Mongolia,,,,,,ChIJS22qaQYFJzYRluDmNzkh3eA,2020-06-09,14,38,36,19,9,-5
MN,Mongolia,,,,,,ChIJS22qaQYFJzYRluDmNzkh3eA,2020-06-10,16,42,46,21,10,-5
MN,Mongolia,,,,,,ChIJS22qaQYFJzYRluDmNzkh3eA,2020-06-11,14,38,46,18,9,-5
MN,Mongolia,,,,,,ChIJS22qaQYFJzYRluDmNzkh3eA,2020-06-12,9,38,26,14,7,-4
MN,Mongolia,,,,,,ChIJS22qaQYFJzYRluDmNzkh3eA,2020-06-13,13,43,56,21,19,-9
MN,Mongolia,,,,,,ChIJS22qaQYFJzYRluDmNzkh3eA,2020-06-14,14,44,73,17,23,-11
MN,Mongolia,,,,,,ChIJS22qaQYFJzYRluDmNzkh3eA,2020-06-15,15,38,52,17,8,-7
MN,Mongolia,,,,,,ChIJS22qaQYFJzYRluDmNzkh3eA,2020-06-16,17,44,68,19,7,-7
MN,Mongolia,,,,,,ChIJS22qaQYFJzYRluDmNzkh3eA,2020-06-17,17,42,62,23,8,-7
MN,Mongolia,,,,,,ChIJS22qaQYFJzYRluDmNzkh3eA,2020-06-18,15,37,66,17,7,-7
MN,Mongolia,,,,,,ChIJS22qaQYFJzYRluDmNzkh3eA,2020-06-19,11,42,43,15,5,-7
MN,Mongolia,,,,,,ChIJS22qaQYFJzYRluDmNzkh3eA,2020-06-20,14,41,82,18,20,-11
MN,Mongolia,,,,,,ChIJS22qaQYFJzYRluDmNzkh3eA,2020-06-21,15,38,58,16,21,-10
MN,Mongolia,,,,,,ChIJS22qaQYFJzYRluDmNzkh3eA,2020-06-22,21,39,66,24,5,-7
MN,Mongolia,,,,,,ChIJS22qaQYFJzYRluDmNzkh3eA,2020-06-23,21,49,47,25,2,-7
MN,Mongolia,,,,,,ChIJS22qaQYFJzYRluDmNzkh3eA,2020-06-24,-5,34,23,14,-46,2
MN,Mongolia,,,,,,ChIJS22qaQYFJzYRluDmNzkh3eA,2020-06-25,14,38,54,15,1,-4
MN,Mongolia,,,,,,ChIJS22qaQYFJzYRluDmNzkh3eA,2020-06-26,14,48,63,17,0,-6
MN,Mongolia,,,,,,ChIJS22qaQYFJzYRluDmNzkh3eA,2020-06-27,11,45,98,17,8,-10
MN,Mongolia,,,,,,ChIJS22qaQYFJzYRluDmNzkh3eA,2020-06-28,12,44,94,12,8,-12
MN,Mongolia,,,,,,ChIJS22qaQYFJzYRluDmNzkh3eA,2020-06-29,15,37,81,17,-1,-7
MN,Mongolia,,,,,,ChIJS22qaQYFJzYRluDmNzkh3eA,2020-06-30,18,49,82,20,-1,-8
MN,Mongolia,,,,,,ChIJS22qaQYFJzYRluDmNzkh3eA,2020-07-01,21,50,86,25,-2,-8
MN,Mongolia,,,,,,ChIJS22qaQYFJzYRluDmNzkh3eA,2020-07-02,23,52,95,22,-3,-7
MN,Mongolia,,,,,,ChIJS22qaQYFJzYRluDmNzkh3eA,2020-07-03,19,54,81,22,-4,-7
MN,Mongolia,,,,,,ChIJS22qaQYFJzYRluDmNzkh3eA,2020-07-04,21,52,99,25,7,-11
MN,Mongolia,,,,,,ChIJS22qaQYFJzYRluDmNzkh3eA,2020-07-05,23,54,103,23,10,-13
MN,Mongolia,,,,,,ChIJS22qaQYFJzYRluDmNzkh3eA,2020-07-06,26,49,89,26,-5,-9
MN,Mongolia,,,,,,ChIJS22qaQYFJzYRluDmNzkh3eA,2020-07-07,30,62,91,28,-6,-9
MN,Mongolia,,,,,,ChIJS22qaQYFJzYRluDmNzkh3eA,2020-07-08,30,61,86,30,-7,-9
MN,Mongolia,,,,,,ChIJS22qaQYFJzYRluDmNzkh3eA,2020-07-09,35,75,104,39,-9,-9
MN,Mongolia,,,,,,ChIJS22qaQYFJzYRluDmNzkh3eA,2020-07-10,35,94,61,38,-18,-9
MN,Mongolia,,,,,,ChIJS22qaQYFJzYRluDmNzkh3eA,2020-07-11,-19,35,141,-12,-42,-14
MN,Mongolia,,,,,,ChIJS22qaQYFJzYRluDmNzkh3eA,2020-07-12,-25,21,,-29,-39,-16
MN,Mongolia,,,,,,ChIJS22qaQYFJzYRluDmNzkh3eA,2020-07-13,-34,6,139,-37,-69,-6
MN,Mongolia,,,,,,ChIJS22qaQYFJzYRluDmNzkh3eA,2020-07-14,-28,11,121,-31,-66,-4
MN,Mongolia,,,,,,ChIJS22qaQYFJzYRluDmNzkh3eA,2020-07-15,-18,15,92,-18,-59,-1
MN,Mongolia,,,,,,ChIJS22qaQYFJzYRluDmNzkh3eA,2020-07-16,2,31,67,-1,-24,-4
MN,Mongolia,,,,,,ChIJS22qaQYFJzYRluDmNzkh3eA,2020-07-17,8,39,55,2,-21,-3
MN,Mongolia,,,,,,ChIJS22qaQYFJzYRluDmNzkh3eA,2020-07-18,8,37,83,8,-3,-7
MN,Mongolia,,,,,,ChIJS22qaQYFJzYRluDmNzkh3eA,2020-07-19,14,43,90,12,2,-10
MN,Mongolia,,,,,,ChIJS22qaQYFJzYRluDmNzkh3eA,2020-07-20,22,45,78,19,-12,-7
MN,Mongolia,,,,,,ChIJS22qaQYFJzYRluDmNzkh3eA,2020-07-21,24,59,80,22,-13,-8
MN,Mongolia,,,,,,ChIJS22qaQYFJzYRluDmNzkh3eA,2020-07-22,18,47,71,18,-11,-7
MN,Mongolia,,,,,,ChIJS22qaQYFJzYRluDmNzkh3eA,2020-07-23,17,45,77,13,-11,-6
MN,Mongolia,,,,,,ChIJS22qaQYFJzYRluDmNzkh3eA,2020-07-24,15,48,69,13,-12,-6
MN,Mongolia,,,,,,ChIJS22qaQYFJzYRluDmNzkh3eA,2020-07-25,11,36,53,11,-5,-7
MN,Mongolia,,,,,,ChIJS22qaQYFJzYRluDmNzkh3eA,2020-07-26,21,48,95,17,-1,-10
MN,Mongolia,,,,,,ChIJS22qaQYFJzYRluDmNzkh3eA,2020-07-27,21,39,77,18,-13,-5
MN,Mongolia,,,,,,ChIJS22qaQYFJzYRluDmNzkh3eA,2020-07-28,19,49,86,20,-13,-5
MN,Mongolia,,,,,,ChIJS22qaQYFJzYRluDmNzkh3eA,2020-07-29,17,42,71,17,-13,-5
MN,Mongolia,,,,,,ChIJS22qaQYFJzYRluDmNzkh3eA,2020-07-30,18,44,77,15,-12,-6
MN,Mongolia,,,,,,ChIJS22qaQYFJzYRluDmNzkh3eA,2020-07-31,13,47,50,15,-12,-5
MN,Mongolia,,,,,,ChIJS22qaQYFJzYRluDmNzkh3eA,2020-08-01,18,50,77,20,-2,-7
MN,Mongolia,,,,,,ChIJS22qaQYFJzYRluDmNzkh3eA,2020-08-02,23,57,76,24,1,-9
MN,Mongolia,,,,,,ChIJS22qaQYFJzYRluDmNzkh3eA,2020-08-03,28,48,81,29,-11,-6
MN,Mongolia,,,,,,ChIJS22qaQYFJzYRluDmNzkh3eA,2020-08-04,26,57,88,29,-12,-6
MN,Mongolia,,,,,,ChIJS22qaQYFJzYRluDmNzkh3eA,2020-08-05,25,55,79,28,-11,-6
MN,Mongolia,,,,,,ChIJS22qaQYFJzYRluDmNzkh3eA,2020-08-06,24,52,83,26,-11,-6
MN,Mongolia,,,,,,ChIJS22qaQYFJzYRluDmNzkh3eA,2020-08-07,21,56,75,24,-12,-7
MN,Mongolia,,,,,,ChIJS22qaQYFJzYRluDmNzkh3eA,2020-08-08,18,50,98,21,-3,-10
MN,Mongolia,,,,,,ChIJS22qaQYFJzYRluDmNzkh3eA,2020-08-09,22,53,81,21,0,-11
MN,Mongolia,,,,,,ChIJS22qaQYFJzYRluDmNzkh3eA,2020-08-10,31,48,90,29,-10,-7
MN,Mongolia,,,,,,ChIJS22qaQYFJzYRluDmNzkh3eA,2020-08-11,30,60,95,30,-10,-7
MN,Mongolia,,,,,,ChIJS22qaQYFJzYRluDmNzkh3eA,2020-08-12,26,54,73,28,-9,-6
MN,Mongolia,,,,,,ChIJS22qaQYFJzYRluDmNzkh3eA,2020-08-13,26,54,82,26,-10,-6
MN,Mongolia,,,,,,ChIJS22qaQYFJzYRluDmNzkh3eA,2020-08-14,23,59,74,29,-10,-6
MN,Mongolia,,,,,,ChIJS22qaQYFJzYRluDmNzkh3eA,2020-08-15,23,56,105,29,0,-11
MN,Mongolia,,,,,,ChIJS22qaQYFJzYRluDmNzkh3eA,2020-08-16,24,56,76,28,0,-11
MN,Mongolia,,,,,,ChIJS22qaQYFJzYRluDmNzkh3eA,2020-08-17,,,,33,-8,-6
MN,Mongolia,,,,,,ChIJS22qaQYFJzYRluDmNzkh3eA,2020-08-18,,,,35,-5,-7
MN,Mongolia,,,,,,ChIJS22qaQYFJzYRluDmNzkh3eA,2020-08-19,27,,,35,-3,-6
MN,Mongolia,,,,,,ChIJS22qaQYFJzYRluDmNzkh3eA,2020-08-20,36,,,38,-5,-8
MN,Mongolia,,,,,,ChIJS22qaQYFJzYRluDmNzkh3eA,2020-08-21,31,,,37,-8,-8
MN,Mongolia,,,,,,ChIJS22qaQYFJzYRluDmNzkh3eA,2020-08-22,,,,39,1,-10
MN,Mongolia,,,,,,ChIJS22qaQYFJzYRluDmNzkh3eA,2020-08-23,,,,41,4,-12
MN,Mongolia,,,,,,ChIJS22qaQYFJzYRluDmNzkh3eA,2020-08-24,,,,39,-3,-7
MN,Mongolia,,,,,,ChIJS22qaQYFJzYRluDmNzkh3eA,2020-08-25,,,,43,-3,-6
MN,Mongolia,,,,,,ChIJS22qaQYFJzYRluDmNzkh3eA,2020-08-26,,,,42,1,-6
MN,Mongolia,,,,,,ChIJS22qaQYFJzYRluDmNzkh3eA,2020-08-27,37,,,42,0,-5
MN,Mongolia,,,,,,ChIJS22qaQYFJzYRluDmNzkh3eA,2020-08-28,36,,,43,-1,-5
MN,Mongolia,,,,,,ChIJS22qaQYFJzYRluDmNzkh3eA,2020-08-29,,,,49,9,-7
MN,Mongolia,,,,,,ChIJS22qaQYFJzYRluDmNzkh3eA,2020-08-30,,,,48,11,-7
MN,Mongolia,,,,,,ChIJS22qaQYFJzYRluDmNzkh3eA,2020-08-31,,,,54,3,-4
MN,Mongolia,,,,,,ChIJS22qaQYFJzYRluDmNzkh3eA,2020-09-01,,,,58,2,-6
MN,Mongolia,,,,,,ChIJS22qaQYFJzYRluDmNzkh3eA,2020-09-02,,,,54,7,-6
MN,Mongolia,,,,,,ChIJS22qaQYFJzYRluDmNzkh3eA,2020-09-03,,,,42,4,-6
MN,Mongolia,,,,,,ChIJS22qaQYFJzYRluDmNzkh3eA,2020-09-04,43,,,50,3,-7
MN,Mongolia,,,,,,ChIJS22qaQYFJzYRluDmNzkh3eA,2020-09-05,,,,44,4,-7
MN,Mongolia,,,,,,ChIJS22qaQYFJzYRluDmNzkh3eA,2020-09-06,,,,44,8,-9
MN,Mongolia,,,,,,ChIJS22qaQYFJzYRluDmNzkh3eA,2020-09-07,,,,51,5,-6
MN,Mongolia,,,,,,ChIJS22qaQYFJzYRluDmNzkh3eA,2020-09-08,,,,50,4,-7
MN,Mongolia,,,,,,ChIJS22qaQYFJzYRluDmNzkh3eA,2020-09-09,,,,48,11,-6
MN,Mongolia,,,,,,ChIJS22qaQYFJzYRluDmNzkh3eA,2020-09-10,,,,47,7,-6
MN,Mongolia,,,,,,ChIJS22qaQYFJzYRluDmNzkh3eA,2020-09-11,39,70,65,44,5,-5
MN,Mongolia,,,,,,ChIJS22qaQYFJzYRluDmNzkh3eA,2020-09-12,43,68,66,45,5,-4
MN,Mongolia,,,,,,ChIJS22qaQYFJzYRluDmNzkh3eA,2020-09-13,43,73,49,40,8,-4
MN,Mongolia,,,,,,ChIJS22qaQYFJzYRluDmNzkh3eA,2020-09-14,51,65,83,53,17,-4
MN,Mongolia,,,,,,ChIJS22qaQYFJzYRluDmNzkh3eA,2020-09-15,52,77,81,50,16,-4
MN,Mongolia,,,,,,ChIJS22qaQYFJzYRluDmNzkh3eA,2020-09-16,53,74,81,56,19,-5
MN,Mongolia,,,,,,ChIJS22qaQYFJzYRluDmNzkh3eA,2020-09-17,51,66,93,49,14,-5
MN,Mongolia,,,,,,ChIJS22qaQYFJzYRluDmNzkh3eA,2020-09-18,41,70,92,51,12,-5
MN,Mongolia,,,,,,ChIJS22qaQYFJzYRluDmNzkh3eA,2020-09-19,57,85,149,66,9,-8
MN,Mongolia,,,,,,ChIJS22qaQYFJzYRluDmNzkh3eA,2020-09-20,62,86,101,62,12,-8
MN,Mongolia,,,,,,ChIJS22qaQYFJzYRluDmNzkh3eA,2020-09-21,57,72,92,64,15,-7
MN,Mongolia,,,,,,ChIJS22qaQYFJzYRluDmNzkh3eA,2020-09-22,52,76,88,65,15,-8
MN,Mongolia,,,,,,ChIJS22qaQYFJzYRluDmNzkh3eA,2020-09-23,45,67,86,65,22,-7
MN,Mongolia,,,,,,ChIJS22qaQYFJzYRluDmNzkh3eA,2020-09-24,39,59,84,58,18,-6
MN,Mongolia,,,,,,ChIJS22qaQYFJzYRluDmNzkh3eA,2020-09-25,40,67,85,56,16,-7
MN,Mongolia,,,,,,ChIJS22qaQYFJzYRluDmNzkh3eA,2020-09-26,49,70,87,63,9,-6
MN,Mongolia,,,,,,ChIJS22qaQYFJzYRluDmNzkh3eA,2020-09-27,53,78,71,57,10,-5
MN,Mongolia,,,,,,ChIJS22qaQYFJzYRluDmNzkh3eA,2020-09-28,46,63,72,65,25,-6
MN,Mongolia,,,,,,ChIJS22qaQYFJzYRluDmNzkh3eA,2020-09-29,47,70,72,63,24,-7
MN,Mongolia,,,,,,ChIJS22qaQYFJzYRluDmNzkh3eA,2020-09-30,50,77,89,81,25,-8
MN,Mongolia,,,,,,ChIJS22qaQYFJzYRluDmNzkh3eA,2020-10-01,44,73,60,66,26,-7
MN,Mongolia,,,,,,ChIJS22qaQYFJzYRluDmNzkh3eA,2020-10-02,43,75,59,70,23,-7
MN,Mongolia,,,,,,ChIJS22qaQYFJzYRluDmNzkh3eA,2020-10-03,48,70,43,69,2,-4
MN,Mongolia,,,,,,ChIJS22qaQYFJzYRluDmNzkh3eA,2020-10-04,60,87,46,75,4,-5
MN,Mongolia,,,,,,ChIJS22qaQYFJzYRluDmNzkh3eA,2020-10-05,50,67,79,77,26,-8
MN,Mongolia,,,,,,ChIJS22qaQYFJzYRluDmNzkh3eA,2020-10-06,46,72,71,71,26,-8
MN,Mongolia,,,,,,ChIJS22qaQYFJzYRluDmNzkh3eA,2020-10-07,43,65,75,75,34,-8
MN,Mongolia,,,,,,ChIJS22qaQYFJzYRluDmNzkh3eA,2020-10-08,39,61,68,71,31,-6
MN,Mongolia,,,,,,ChIJS22qaQYFJzYRluDmNzkh3eA,2020-10-09,39,68,62,68,30,-7
MN,Mongolia,,,,,,ChIJS22qaQYFJzYRluDmNzkh3eA,2020-10-10,51,69,61,73,16,-3
MN,Mongolia,,,,,,ChIJS22qaQYFJzYRluDmNzkh3eA,2020-10-11,56,81,50,66,13,-4
MN,Mongolia,,,,,,ChIJS22qaQYFJzYRluDmNzkh3eA,2020-10-12,40,60,65,72,35,-5
MN,Mongolia,,,,,,ChIJS22qaQYFJzYRluDmNzkh3eA,2020-10-13,40,71,60,69,34,-6
MN,Mongolia,,,,,,ChIJS22qaQYFJzYRluDmNzkh3eA,2020-10-14,40,73,63,77,39,-6
MN,Mongolia,,,,,,ChIJS22qaQYFJzYRluDmNzkh3eA,2020-10-15,7,54,22,37,-46,10
MN,Mongolia,,,,,,ChIJS22qaQYFJzYRluDmNzkh3eA,2020-10-16,32,71,50,63,31,-4
MN,Mongolia,,,,,,ChIJS22qaQYFJzYRluDmNzkh3eA,2020-10-17,56,87,79,84,14,-3
MN,Mongolia,,,,,,ChIJS22qaQYFJzYRluDmNzkh3eA,2020-10-18,56,90,54,74,10,-5
MN,Mongolia,,,,,,ChIJS22qaQYFJzYRluDmNzkh3eA,2020-10-19,49,76,98,91,33,-7
MN,Mongolia,,,,,,ChIJS22qaQYFJzYRluDmNzkh3eA,2020-10-20,41,70,50,67,35,-5
MN,Mongolia,,,,,,ChIJS22qaQYFJzYRluDmNzkh3eA,2020-10-21,46,76,57,70,46,-5
MN,Mongolia,,,,,,ChIJS22qaQYFJzYRluDmNzkh3eA,2020-10-22,46,74,68,66,40,-6
MN,Mongolia,,,,,,ChIJS22qaQYFJzYRluDmNzkh3eA,2020-10-23,46,84,64,68,37,-7
MN,Mongolia,,,,,,ChIJS22qaQYFJzYRluDmNzkh3eA,2020-10-24,62,90,91,79,20,-5
MN,Mongolia,,,,,,ChIJS22qaQYFJzYRluDmNzkh3eA,2020-10-25,58,92,62,65,12,-4
MN,Mongolia,,,,,,ChIJS22qaQYFJzYRluDmNzkh3eA,2020-10-26,45,69,62,69,44,-5
MN,Mongolia,,,,,,ChIJS22qaQYFJzYRluDmNzkh3eA,2020-10-27,47,79,67,66,43,-5
MN,Mongolia,,,,,,ChIJS22qaQYFJzYRluDmNzkh3eA,2020-10-28,42,68,61,71,49,-5
MN,Mongolia,,,,,,ChIJS22qaQYFJzYRluDmNzkh3eA,2020-10-29,38,63,63,62,44,-5
MN,Mongolia,,,,,,ChIJS22qaQYFJzYRluDmNzkh3eA,2020-10-30,37,71,53,69,41,-5
MN,Mongolia,,,,,,ChIJS22qaQYFJzYRluDmNzkh3eA,2020-10-31,58,76,62,73,19,-3
MN,Mongolia,,,,,,ChIJS22qaQYFJzYRluDmNzkh3eA,2020-11-01,53,82,31,64,10,-1
MN,Mongolia,,,,,,ChIJS22qaQYFJzYRluDmNzkh3eA,2020-11-02,46,70,57,77,45,-5
MN,Mongolia,,,,,,ChIJS22qaQYFJzYRluDmNzkh3eA,2020-11-03,45,78,56,69,44,-5
MN,Mongolia,,,,,,ChIJS22qaQYFJzYRluDmNzkh3eA,2020-11-04,39,69,47,66,50,-4
MN,Mongolia,,,,,,ChIJS22qaQYFJzYRluDmNzkh3eA,2020-11-05,41,66,51,64,44,-4
MN,Mongolia,,,,,,ChIJS22qaQYFJzYRluDmNzkh3eA,2020-11-06,38,71,43,61,42,-5
MN,Mongolia,,,,,,ChIJS22qaQYFJzYRluDmNzkh3eA,2020-11-07,57,78,56,68,21,-2
MN,Mongolia,,,,,,ChIJS22qaQYFJzYRluDmNzkh3eA,2020-11-08,56,85,26,61,11,-2
MN,Mongolia,,,,,,ChIJS22qaQYFJzYRluDmNzkh3eA,2020-11-09,44,64,53,67,45,-4
MN,Mongolia,,,,,,ChIJS22qaQYFJzYRluDmNzkh3eA,2020-11-10,42,78,49,66,45,-4
MN,Mongolia,,,,,,ChIJS22qaQYFJzYRluDmNzkh3eA,2020-11-11,-3,49,-14,9,3,12
MN,Mongolia,,,,,,ChIJS22qaQYFJzYRluDmNzkh3eA,2020-11-12,-43,18,-41,-28,-40,25
MN,Mongolia,,,,,,ChIJS22qaQYFJzYRluDmNzkh3eA,2020-11-13,-67,-13,-61,-50,-63,38
MN,Mongolia,,,,,,ChIJS22qaQYFJzYRluDmNzkh3eA,2020-11-14,-69,-29,-57,-57,-56,29
MN,Mongolia,,,,,,ChIJS22qaQYFJzYRluDmNzkh3eA,2020-11-15,-65,-21,-54,-56,-52,23
MN,Mongolia,,,,,,ChIJS22qaQYFJzYRluDmNzkh3eA,2020-11-16,-71,-32,-61,-61,-74,38
MN,Mongolia,,,,,,ChIJS22qaQYFJzYRluDmNzkh3eA,2020-11-17,-64,-16,-53,-47,-59,32
MN,Mongolia,,,,,,ChIJS22qaQYFJzYRluDmNzkh3eA,2020-11-18,-70,-30,-59,-52,-62,36
MN,Mongolia,,,,,,ChIJS22qaQYFJzYRluDmNzkh3eA,2020-11-19,-72,-35,-61,-58,-66,37
MN,Mongolia,,,,,,ChIJS22qaQYFJzYRluDmNzkh3eA,2020-11-20,-73,-28,-66,-58,-65,39
MN,Mongolia,,,,,,ChIJS22qaQYFJzYRluDmNzkh3eA,2020-11-21,-68,-28,-60,-56,-56,29
MN,Mongolia,,,,,,ChIJS22qaQYFJzYRluDmNzkh3eA,2020-11-22,-64,-21,-54,-51,-50,23
MN,Mongolia,,,,,,ChIJS22qaQYFJzYRluDmNzkh3eA,2020-11-23,-65,-21,-56,-48,-60,33
MN,Mongolia,,,,,,ChIJS22qaQYFJzYRluDmNzkh3eA,2020-11-24,-63,-17,-54,-46,-61,33
MN,Mongolia,,,,,,ChIJS22qaQYFJzYRluDmNzkh3eA,2020-11-25,-64,-18,-52,-45,-57,33
MN,Mongolia,,,,,,ChIJS22qaQYFJzYRluDmNzkh3eA,2020-11-26,-70,-28,-59,-54,-73,37
MN,Mongolia,,,,,,ChIJS22qaQYFJzYRluDmNzkh3eA,2020-11-27,-67,-19,-60,-49,-57,35
MN,Mongolia,,,,,,ChIJS22qaQYFJzYRluDmNzkh3eA,2020-11-28,-65,-21,-54,-47,-49,27
MN,Mongolia,,,,,,ChIJS22qaQYFJzYRluDmNzkh3eA,2020-11-29,-62,-19,-51,-49,-46,22
MN,Mongolia,,,,,,ChIJS22qaQYFJzYRluDmNzkh3eA,2020-11-30,-60,-14,-53,-41,-52,31
MN,Mongolia,,,,,,ChIJS22qaQYFJzYRluDmNzkh3eA,2020-12-01,-49,12,-45,-27,-45,27
MN,Mongolia,,,,,,ChIJS22qaQYFJzYRluDmNzkh3eA,2020-12-02,-50,5,-43,-28,-42,28
MN,Mongolia,,,,,,ChIJS22qaQYFJzYRluDmNzkh3eA,2020-12-03,-51,1,-43,-31,-44,28
MN,Mongolia,,,,,,ChIJS22qaQYFJzYRluDmNzkh3eA,2020-12-04,-55,0,-51,-35,-44,30
MN,Mongolia,,,,,,ChIJS22qaQYFJzYRluDmNzkh3eA,2020-12-05,-49,0,-44,-31,-37,21
MN,Mongolia,,,,,,ChIJS22qaQYFJzYRluDmNzkh3eA,2020-12-06,-48,2,-42,-33,-36,17
MN,Mongolia,,,,,,ChIJS22qaQYFJzYRluDmNzkh3eA,2020-12-07,-49,-3,-43,-34,-42,26
MN,Mongolia,,,,,,ChIJS22qaQYFJzYRluDmNzkh3eA,2020-12-08,-48,2,-43,-33,-42,26
MN,Mongolia,,,,,,ChIJS22qaQYFJzYRluDmNzkh3eA,2020-12-09,-50,-3,-43,-31,-39,26
MN,Mongolia,,,,,,ChIJS22qaQYFJzYRluDmNzkh3eA,2020-12-10,-50,0,-37,-29,-40,27
MN,Mongolia,,,,,,ChIJS22qaQYFJzYRluDmNzkh3eA,2020-12-11,-54,-4,-44,-35,-40,29
MN,Mongolia,,,,,,ChIJS22qaQYFJzYRluDmNzkh3eA,2020-12-12,-50,-1,-38,-33,-33,22
MN,Mongolia,,,,,,ChIJS22qaQYFJzYRluDmNzkh3eA,2020-12-13,-46,0,-32,-36,-30,18
MN,Mongolia,,,,,,ChIJS22qaQYFJzYRluDmNzkh3eA,2020-12-14,-20,23,-14,-10,-16,17
MN,Mongolia,,,,,,ChIJS22qaQYFJzYRluDmNzkh3eA,2020-12-15,-19,29,-14,-9,-20,17
MN,Mongolia,,,,,,ChIJS22qaQYFJzYRluDmNzkh3eA,2020-12-16,-21,23,-14,-8,-14,18
MN,Mongolia,,,,,,ChIJS22qaQYFJzYRluDmNzkh3eA,2020-12-17,-21,24,-10,-10,-16,18
MN,Mongolia,,,,,,ChIJS22qaQYFJzYRluDmNzkh3eA,2020-12-18,-29,21,-24,-18,-17,21
MN,Mongolia,,,,,,ChIJS22qaQYFJzYRluDmNzkh3eA,2020-12-19,-19,30,-18,-11,-13,15
MN,Mongolia,,,,,,ChIJS22qaQYFJzYRluDmNzkh3eA,2020-12-20,-20,30,-10,-15,-16,12
MN,Mongolia,,,,,,ChIJS22qaQYFJzYRluDmNzkh3eA,2020-12-21,-11,37,0,-7,-14,16
MN,Mongolia,,,,,,ChIJS22qaQYFJzYRluDmNzkh3eA,2020-12-22,8,72,34,25,-17,11
MN,Mongolia,,,,,,ChIJS22qaQYFJzYRluDmNzkh3eA,2020-12-23,-51,-8,-38,-43,-42,29
MN,Mongolia,,,,,,ChIJS22qaQYFJzYRluDmNzkh3eA,2020-12-24,-50,-5,-36,-43,-43,30
MN,Mongolia,,,,,,ChIJS22qaQYFJzYRluDmNzkh3eA,2020-12-25,-48,1,-39,-40,-42,31
MN,Mongolia,,,,,,ChIJS22qaQYFJzYRluDmNzkh3eA,2020-12-26,-43,6,-28,-36,-30,22
MN,Mongolia,,,,,,ChIJS22qaQYFJzYRluDmNzkh3eA,2020-12-27,-38,11,-27,-35,-28,18
MN,Mongolia,,,,,,ChIJS22qaQYFJzYRluDmNzkh3eA,2020-12-28,-40,9,-32,-35,-38,26
MN,Mongolia,,,,,,ChIJS22qaQYFJzYRluDmNzkh3eA,2020-12-29,-40,22,-36,-37,-59,30
MN,Mongolia,,,,,,ChIJS22qaQYFJzYRluDmNzkh3eA,2020-12-30,-27,47,-25,-22,-37,25
MN,Mongolia,,,,,,ChIJS22qaQYFJzYRluDmNzkh3eA,2020-12-31,-36,38,-28,-30,-49,27
MN,Mongolia,,,,,,ChIJS22qaQYFJzYRluDmNzkh3eA,2021-01-01,-77,-47,-55,-61,-77,39
MN,Mongolia,,,,,,ChIJS22qaQYFJzYRluDmNzkh3eA,2021-01-02,-64,-25,-40,-47,-46,25
MN,Mongolia,,,,,,ChIJS22qaQYFJzYRluDmNzkh3eA,2021-01-03,-56,-17,-34,-44,-35,20
MN,Mongolia,,,,,,ChIJS22qaQYFJzYRluDmNzkh3eA,2021-01-04,-50,-12,-35,-39,-39,28
MN,Mongolia,,,,,,ChIJS22qaQYFJzYRluDmNzkh3eA,2021-01-05,-50,-8,-34,-40,-40,28
MN,Mongolia,,,,,,ChIJS22qaQYFJzYRluDmNzkh3eA,2021-01-06,-50,-6,-41,-38,-35,29
MN,Mongolia,,,,,,ChIJS22qaQYFJzYRluDmNzkh3eA,2021-01-07,-45,4,-35,-35,-36,28
MN,Mongolia,,,,,,ChIJS22qaQYFJzYRluDmNzkh3eA,2021-01-08,-52,-5,-47,-43,-40,32
MN,Mongolia,,,,,,ChIJS22qaQYFJzYRluDmNzkh3eA,2021-01-09,-50,-8,-36,-42,-32,24
MN,Mongolia,,,,,,ChIJS22qaQYFJzYRluDmNzkh3eA,2021-01-10,-48,-8,-37,-43,-28,19
MN,Mongolia,,,,,,ChIJS22qaQYFJzYRluDmNzkh3eA,2021-01-11,-26,16,-28,-20,-18,19
MN,Mongolia,,,,,,ChIJS22qaQYFJzYRluDmNzkh3eA,2021-01-12,-25,23,-23,-17,-20,18
MN,Mongolia,,,,,,ChIJS22qaQYFJzYRluDmNzkh3eA,2021-01-13,-27,15,-24,-20,-17,17
MN,Mongolia,,,,,,ChIJS22qaQYFJzYRluDmNzkh3eA,2021-01-14,-31,10,-27,-24,-24,16
MN,Mongolia,,,,,,ChIJS22qaQYFJzYRluDmNzkh3eA,2021-01-15,-35,8,-35,-26,-25,18
MN,Mongolia,,,,,,ChIJS22qaQYFJzYRluDmNzkh3eA,2021-01-16,-33,11,-32,-26,-21,13
MN,Mongolia,,,,,,ChIJS22qaQYFJzYRluDmNzkh3eA,2021-01-17,-29,17,-22,-24,-22,9
MN,Mongolia,,,,,,ChIJS22qaQYFJzYRluDmNzkh3eA,2021-01-18,-22,16,-23,-18,-18,14
MN,Mongolia,,,,,,ChIJS22qaQYFJzYRluDmNzkh3eA,2021-01-19,-22,20,-14,-17,-20,14
MN,Mongolia,,,,,,ChIJS22qaQYFJzYRluDmNzkh3eA,2021-01-20,-21,20,-3,-14,-15,14
MN,Mongolia,,,,,,ChIJS22qaQYFJzYRluDmNzkh3eA,2021-01-21,-21,21,-19,-18,-17,15
MN,Mongolia,,,,,,ChIJS22qaQYFJzYRluDmNzkh3eA,2021-01-22,-27,19,-21,-22,-17,15
MN,Mongolia,,,,,,ChIJS22qaQYFJzYRluDmNzkh3eA,2021-01-23,-15,28,-2,-9,-8,8
MN,Mongolia,,,,,,ChIJS22qaQYFJzYRluDmNzkh3eA,2021-01-24,-11,27,-5,-15,-8,8
MN,Mongolia,,,,,,ChIJS22qaQYFJzYRluDmNzkh3eA,2021-01-25,-10,21,-5,-14,-12,13
MN,Mongolia,,,,,,ChIJS22qaQYFJzYRluDmNzkh3eA,2021-01-26,-11,29,-6,-16,-14,13
MN,Mongolia,,,,,,ChIJS22qaQYFJzYRluDmNzkh3eA,2021-01-27,-13,23,-10,-13,-9,14
MN,Mongolia,,,,,,ChIJS22qaQYFJzYRluDmNzkh3eA,2021-01-28,-12,27,-11,-15,-11,14
MN,Mongolia,,,,,,ChIJS22qaQYFJzYRluDmNzkh3eA,2021-01-29,-13,33,-15,-14,-11,14
MN,Mongolia,,,,,,ChIJS22qaQYFJzYRluDmNzkh3eA,2021-01-30,2,49,0,2,-3,8
MN,Mongolia,,,,,,ChIJS22qaQYFJzYRluDmNzkh3eA,2021-01-31,1,48,-12,-5,-5,7
MN,Mongolia,,,,,,ChIJS22qaQYFJzYRluDmNzkh3eA,2021-02-01,1,42,-12,-5,-9,12
MN,Mongolia,,,,,,ChIJS22qaQYFJzYRluDmNzkh3eA,2021-02-02,4,56,-4,2,-12,11
MN,Mongolia,,,,,,ChIJS22qaQYFJzYRluDmNzkh3eA,2021-02-03,3,46,-5,3,-7,11
MN,Mongolia,,,,,,ChIJS22qaQYFJzYRluDmNzkh3eA,2021-02-04,1,38,-8,-7,-10,12
MN,Mongolia,,,,,,ChIJS22qaQYFJzYRluDmNzkh3eA,2021-02-05,-5,41,-20,-10,-9,14
MN,Mongolia,,,,,,ChIJS22qaQYFJzYRluDmNzkh3eA,2021-02-06,4,49,-8,-2,3,8
MN,Mongolia,,,,,,ChIJS22qaQYFJzYRluDmNzkh3eA,2021-02-07,9,53,-1,-4,3,6
MN,Mongolia,,,,,,ChIJS22qaQYFJzYRluDmNzkh3eA,2021-02-08,9,44,4,0,-8,11
MN,Mongolia,,,,,,ChIJS22qaQYFJzYRluDmNzkh3eA,2021-02-09,23,89,9,13,-10,9
MN,Mongolia,,,,,,ChIJS22qaQYFJzYRluDmNzkh3eA,2021-02-10,35,122,15,34,-9,6
MN,Mongolia,,,,,,ChIJS22qaQYFJzYRluDmNzkh3eA,2021-02-11,-68,-34,-58,-71,-71,37
MN,Mongolia,,,,,,ChIJS22qaQYFJzYRluDmNzkh3eA,2021-02-12,-86,-74,-70,-83,-81,43
MN,Mongolia,,,,,,ChIJS22qaQYFJzYRluDmNzkh3eA,2021-02-13,-81,-62,-63,-78,-66,30
MN,Mongolia,,,,,,ChIJS22qaQYFJzYRluDmNzkh3eA,2021-02-14,-74,-45,-56,-73,-55,23
MN,Mongolia,,,,,,ChIJS22qaQYFJzYRluDmNzkh3eA,2021-02-15,-73,-45,-60,-70,-65,34
MN,Mongolia,,,,,,ChIJS22qaQYFJzYRluDmNzkh3eA,2021-02-16,-68,-30,-57,-64,-61,31
MN,Mongolia,,,,,,ChIJS22qaQYFJzYRluDmNzkh3eA,2021-02-17,-63,-25,-53,-61,-54,31
MN,Mongolia,,,,,,ChIJS22qaQYFJzYRluDmNzkh3eA,2021-02-18,-61,-22,-51,-59,-54,30
MN,Mongolia,,,,,,ChIJS22qaQYFJzYRluDmNzkh3eA,2021-02-19,-63,-18,-54,-58,-53,32
MN,Mongolia,,,,,,ChIJS22qaQYFJzYRluDmNzkh3eA,2021-02-20,-56,-15,-45,-54,-39,21
MN,Mongolia,,,,,,ChIJS22qaQYFJzYRluDmNzkh3eA,2021-02-21,-57,-18,-43,-58,-35,18
MN,Mongolia,,,,,,ChIJS22qaQYFJzYRluDmNzkh3eA,2021-02-22,-56,-17,-47,-55,-48,28
MN,Mongolia,,,,,,ChIJS22qaQYFJzYRluDmNzkh3eA,2021-02-23,12,61,7,12,-6,5
MN,Mongolia,,,,,,ChIJS22qaQYFJzYRluDmNzkh3eA,2021-02-24,8,46,-4,5,-1,8
MN,Mongolia,,,,,,ChIJS22qaQYFJzYRluDmNzkh3eA,2021-02-25,8,46,-4,5,-3,8
MN,Mongolia,,,,,,ChIJS22qaQYFJzYRluDmNzkh3eA,2021-02-26,6,49,-5,3,-4,9
MN,Mongolia,,,,,,ChIJS22qaQYFJzYRluDmNzkh3eA,2021-02-27,17,61,-1,14,7,4
MN,Mongolia,,,,,,ChIJS22qaQYFJzYRluDmNzkh3eA,2021-02-28,23,66,3,10,7,3
MN,Mongolia,,,,,,ChIJS22qaQYFJzYRluDmNzkh3eA,2021-03-01,14,47,7,9,1,7
MN,Mongolia,,,,,,ChIJS22qaQYFJzYRluDmNzkh3eA,2021-03-02,13,53,3,6,-1,6
MN,Mongolia,,,,,,ChIJS22qaQYFJzYRluDmNzkh3eA,2021-03-03,14,51,4,12,2,7
MN,Mongolia,,,,,,ChIJS22qaQYFJzYRluDmNzkh3eA,2021-03-04,14,53,13,16,-1,7
MN,Mongolia,,,,,,ChIJS22qaQYFJzYRluDmNzkh3eA,2021-03-05,13,67,7,15,2,6
MN,Mongolia,Darkhan-Uul,,,MN-037,,ChIJ04c8XC9Ao10RLinO7khnJSc,2020-02-24,,,,,-67,
MN,Mongolia,Darkhan-Uul,,,MN-037,,ChIJ04c8XC9Ao10RLinO7khnJSc,2020-02-25,,,,,-59,
MN,Mongolia,Darkhan-Uul,,,MN-037,,ChIJ04c8XC9Ao10RLinO7khnJSc,2020-02-26,,,,,-62,
MN,Mongolia,Darkhan-Uul,,,MN-037,,ChIJ04c8XC9Ao10RLinO7khnJSc,2020-07-13,,,,,-62,
MN,Mongolia,Darkhan-Uul,,,MN-037,,ChIJ04c8XC9Ao10RLinO7khnJSc,2020-07-14,,,,,-57,
MN,Mongolia,Darkhan-Uul,,,MN-037,,ChIJ04c8XC9Ao10RLinO7khnJSc,2020-07-15,,,,,-57,
MN,Mongolia,Darkhan-Uul,,,MN-037,,ChIJ04c8XC9Ao10RLinO7khnJSc,2020-11-16,,,,,-63,
MN,Mongolia,Darkhan-Uul,,,MN-037,,ChIJ04c8XC9Ao10RLinO7khnJSc,2020-11-18,,,,,-74,
MN,Mongolia,Darkhan-Uul,,,MN-037,,ChIJ04c8XC9Ao10RLinO7khnJSc,2020-11-20,,,,,-77,
MN,Mongolia,Darkhan-Uul,,,MN-037,,ChIJ04c8XC9Ao10RLinO7khnJSc,2020-11-23,,,,,-57,
MN,Mongolia,Darkhan-Uul,,,MN-037,,ChIJ04c8XC9Ao10RLinO7khnJSc,2020-11-24,,,,,-60,
MN,Mongolia,Darkhan-Uul,,,MN-037,,ChIJ04c8XC9Ao10RLinO7khnJSc,2020-11-25,,,,,-53,
MN,Mongolia,Darkhan-Uul,,,MN-037,,ChIJ04c8XC9Ao10RLinO7khnJSc,2020-11-26,,,,,-69,
MN,Mongolia,Darkhan-Uul,,,MN-037,,ChIJ04c8XC9Ao10RLinO7khnJSc,2020-11-27,,,,,-57,
MN,Mongolia,Darkhan-Uul,,,MN-037,,ChIJ04c8XC9Ao10RLinO7khnJSc,2021-01-01,,,,,-73,
MN,Mongolia,Darkhan-Uul,,,MN-037,,ChIJ04c8XC9Ao10RLinO7khnJSc,2021-02-12,,,,,-58,
MN,Mongolia,Orkhon,,,MN-035,,ChIJD57TOwAHol0Rl8HArIJY_CU,2020-02-24,,,,,-62,
MN,Mongolia,Orkhon,,,MN-035,,ChIJD57TOwAHol0Rl8HArIJY_CU,2020-02-25,,,,,-72,
MN,Mongolia,Orkhon,,,MN-035,,ChIJD57TOwAHol0Rl8HArIJY_CU,2020-02-26,,,,,-72,
MN,Mongolia,Orkhon,,,MN-035,,ChIJD57TOwAHol0Rl8HArIJY_CU,2020-02-27,,,,,-26,
MN,Mongolia,Orkhon,,,MN-035,,ChIJD57TOwAHol0Rl8HArIJY_CU,2020-06-01,,,,,-42,
MN,Mongolia,Orkhon,,,MN-035,,ChIJD57TOwAHol0Rl8HArIJY_CU,2020-06-24,,,,,-46,
MN,Mongolia,Orkhon,,,MN-035,,ChIJD57TOwAHol0Rl8HArIJY_CU,2020-07-13,,,,,-68,
MN,Mongolia,Orkhon,,,MN-035,,ChIJD57TOwAHol0Rl8HArIJY_CU,2020-07-14,,,,,-68,
MN,Mongolia,Orkhon,,,MN-035,,ChIJD57TOwAHol0Rl8HArIJY_CU,2020-07-15,,,,,-57,
MN,Mongolia,Orkhon,,,MN-035,,ChIJD57TOwAHol0Rl8HArIJY_CU,2020-10-15,,,,,-48,
MN,Mongolia,Orkhon,,,MN-035,,ChIJD57TOwAHol0Rl8HArIJY_CU,2020-11-16,,,,,-70,
MN,Mongolia,Orkhon,,,MN-035,,ChIJD57TOwAHol0Rl8HArIJY_CU,2020-11-17,,,,,-32,
MN,Mongolia,Orkhon,,,MN-035,,ChIJD57TOwAHol0Rl8HArIJY_CU,2020-11-18,,,,,-43,
MN,Mongolia,Orkhon,,,MN-035,,ChIJD57TOwAHol0Rl8HArIJY_CU,2020-11-19,,,,,-58,
MN,Mongolia,Orkhon,,,MN-035,,ChIJD57TOwAHol0Rl8HArIJY_CU,2020-11-20,,,,,-59,
MN,Mongolia,Orkhon,,,MN-035,,ChIJD57TOwAHol0Rl8HArIJY_CU,2020-11-23,,,,,-61,
MN,Mongolia,Orkhon,,,MN-035,,ChIJD57TOwAHol0Rl8HArIJY_CU,2020-11-24,,,,,-52,
MN,Mongolia,Orkhon,,,MN-035,,ChIJD57TOwAHol0Rl8HArIJY_CU,2020-11-25,,,,,-47,
MN,Mongolia,Orkhon,,,MN-035,,ChIJD57TOwAHol0Rl8HArIJY_CU,2020-11-26,,,,,-78,
MN,Mongolia,Orkhon,,,MN-035,,ChIJD57TOwAHol0Rl8HArIJY_CU,2020-11-27,,,,,-50,
MN,Mongolia,Orkhon,,,MN-035,,ChIJD57TOwAHol0Rl8HArIJY_CU,2020-11-30,,,,,-45,
MN,Mongolia,Orkhon,,,MN-035,,ChIJD57TOwAHol0Rl8HArIJY_CU,2020-12-01,,,,,-31,
MN,Mongolia,Orkhon,,,MN-035,,ChIJD57TOwAHol0Rl8HArIJY_CU,2020-12-02,,,,,-29,
MN,Mongolia,Orkhon,,,MN-035,,ChIJD57TOwAHol0Rl8HArIJY_CU,2020-12-03,,,,,-28,
MN,Mongolia,Orkhon,,,MN-035,,ChIJD57TOwAHol0Rl8HArIJY_CU,2020-12-07,,,,,-26,
MN,Mongolia,Orkhon,,,MN-035,,ChIJD57TOwAHol0Rl8HArIJY_CU,2020-12-08,,,,,-28,
MN,Mongolia,Orkhon,,,MN-035,,ChIJD57TOwAHol0Rl8HArIJY_CU,2020-12-10,,,,,-29,
MN,Mongolia,Orkhon,,,MN-035,,ChIJD57TOwAHol0Rl8HArIJY_CU,2020-12-29,,,,,-50,
MN,Mongolia,Orkhon,,,MN-035,,ChIJD57TOwAHol0Rl8HArIJY_CU,2021-01-01,,,,,-76,
MN,Mongolia,Orkhon,,,MN-035,,ChIJD57TOwAHol0Rl8HArIJY_CU,2021-02-12,,,,,-64,
MN,Mongolia,Ulaanbaatar,,,MN-1,,ChIJq4qx4luSll0RUeihxGubDJs,2020-02-15,-9,1,-24,-4,-1,4
MN,Mongolia,Ulaanbaatar,,,MN-1,,ChIJq4qx4luSll0RUeihxGubDJs,2020-02-16,-8,6,1,-4,0,1
MN,Mongolia,Ulaanbaatar,,,MN-1,,ChIJq4qx4luSll0RUeihxGubDJs,2020-02-17,-6,1,-10,-6,-3,4
MN,Mongolia,Ulaanbaatar,,,MN-1,,ChIJq4qx4luSll0RUeihxGubDJs,2020-02-18,-5,7,-15,-8,-4,4
MN,Mongolia,Ulaanbaatar,,,MN-1,,ChIJq4qx4luSll0RUeihxGubDJs,2020-02-19,-3,9,-19,-3,-3,4
MN,Mongolia,Ulaanbaatar,,,MN-1,,ChIJq4qx4luSll0RUeihxGubDJs,2020-02-20,-5,10,-4,-3,-5,4
MN,Mongolia,Ulaanbaatar,,,MN-1,,ChIJq4qx4luSll0RUeihxGubDJs,2020-02-21,-2,17,-15,-1,-7,4
MN,Mongolia,Ulaanbaatar,,,MN-1,,ChIJq4qx4luSll0RUeihxGubDJs,2020-02-22,-1,27,-25,3,-7,2
MN,Mongolia,Ulaanbaatar,,,MN-1,,ChIJq4qx4luSll0RUeihxGubDJs,2020-02-23,-28,4,-38,-21,-13,6
MN,Mongolia,Ulaanbaatar,,,MN-1,,ChIJq4qx4luSll0RUeihxGubDJs,2020-02-24,-70,-54,-60,-39,-74,18
MN,Mongolia,Ulaanbaatar,,,MN-1,,ChIJq4qx4luSll0RUeihxGubDJs,2020-02-25,-73,-57,-62,-57,-78,26
MN,Mongolia,Ulaanbaatar,,,MN-1,,ChIJq4qx4luSll0RUeihxGubDJs,2020-02-26,-71,-52,-60,-59,-74,27
MN,Mongolia,Ulaanbaatar,,,MN-1,,ChIJq4qx4luSll0RUeihxGubDJs,2020-02-27,-46,-30,-48,-44,-29,14
MN,Mongolia,Ulaanbaatar,,,MN-1,,ChIJq4qx4luSll0RUeihxGubDJs,2020-02-28,-41,-29,-48,-43,-25,15
MN,Mongolia,Ulaanbaatar,,,MN-1,,ChIJq4qx4luSll0RUeihxGubDJs,2020-02-29,-37,-27,-35,-38,-19,10
MN,Mongolia,Ulaanbaatar,,,MN-1,,ChIJq4qx4luSll0RUeihxGubDJs,2020-03-01,-38,-26,-33,-42,-14,8
MN,Mongolia,Ulaanbaatar,,,MN-1,,ChIJq4qx4luSll0RUeihxGubDJs,2020-03-02,-29,-21,-34,-32,-12,9
MN,Mongolia,Ulaanbaatar,,,MN-1,,ChIJq4qx4luSll0RUeihxGubDJs,2020-03-03,-22,-6,-32,-20,-12,4
MN,Mongolia,Ulaanbaatar,,,MN-1,,ChIJq4qx4luSll0RUeihxGubDJs,2020-03-04,-18,-6,-24,-15,-6,6
MN,Mongolia,Ulaanbaatar,,,MN-1,,ChIJq4qx4luSll0RUeihxGubDJs,2020-03-05,-14,-1,-19,-15,-6,6
MN,Mongolia,Ulaanbaatar,,,MN-1,,ChIJq4qx4luSll0RUeihxGubDJs,2020-03-06,-12,-1,-16,-16,-5,6
MN,Mongolia,Ulaanbaatar,,,MN-1,,ChIJq4qx4luSll0RUeihxGubDJs,2020-03-07,-7,3,-11,-11,-3,4
MN,Mongolia,Ulaanbaatar,,,MN-1,,ChIJq4qx4luSll0RUeihxGubDJs,2020-03-08,-5,17,-7,-11,-9,2
MN,Mongolia,Ulaanbaatar,,,MN-1,,ChIJq4qx4luSll0RUeihxGubDJs,2020-03-09,-15,-9,-19,-17,-4,6
MN,Mongolia,Ulaanbaatar,,,MN-1,,ChIJq4qx4luSll0RUeihxGubDJs,2020-03-10,-33,7,-46,-24,-15,12
MN,Mongolia,Ulaanbaatar,,,MN-1,,ChIJq4qx4luSll0RUeihxGubDJs,2020-03-11,-51,-27,-53,-44,-31,21
MN,Mongolia,Ulaanbaatar,,,MN-1,,ChIJq4qx4luSll0RUeihxGubDJs,2020-03-12,-54,-29,-53,-44,-35,20
MN,Mongolia,Ulaanbaatar,,,MN-1,,ChIJq4qx4luSll0RUeihxGubDJs,2020-03-13,-53,-26,-52,-42,-33,21
MN,Mongolia,Ulaanbaatar,,,MN-1,,ChIJq4qx4luSll0RUeihxGubDJs,2020-03-14,-52,-27,-32,-39,-32,13
MN,Mongolia,Ulaanbaatar,,,MN-1,,ChIJq4qx4luSll0RUeihxGubDJs,2020-03-15,-51,-25,-22,-38,-29,9
MN,Mongolia,Ulaanbaatar,,,MN-1,,ChIJq4qx4luSll0RUeihxGubDJs,2020-03-16,-15,-2,-26,-13,-12,8
MN,Mongolia,Ulaanbaatar,,,MN-1,,ChIJq4qx4luSll0RUeihxGubDJs,2020-03-17,-18,0,-25,-16,-13,9
MN,Mongolia,Ulaanbaatar,,,MN-1,,ChIJq4qx4luSll0RUeihxGubDJs,2020-03-18,-15,1,-29,-17,-13,9
MN,Mongolia,Ulaanbaatar,,,MN-1,,ChIJq4qx4luSll0RUeihxGubDJs,2020-03-19,-27,-12,-33,-24,-16,11
MN,Mongolia,Ulaanbaatar,,,MN-1,,ChIJq4qx4luSll0RUeihxGubDJs,2020-03-20,-24,-5,-31,-22,-13,11
MN,Mongolia,Ulaanbaatar,,,MN-1,,ChIJq4qx4luSll0RUeihxGubDJs,2020-03-21,-20,-4,-13,-16,-8,6
MN,Mongolia,Ulaanbaatar,,,MN-1,,ChIJq4qx4luSll0RUeihxGubDJs,2020-03-22,-19,-4,12,-16,-8,2
MN,Mongolia,Ulaanbaatar,,,MN-1,,ChIJq4qx4luSll0RUeihxGubDJs,2020-03-23,-17,-4,-5,-14,-10,6
MN,Mongolia,Ulaanbaatar,,,MN-1,,ChIJq4qx4luSll0RUeihxGubDJs,2020-03-24,-20,-4,-17,-17,-11,7
MN,Mongolia,Ulaanbaatar,,,MN-1,,ChIJq4qx4luSll0RUeihxGubDJs,2020-03-25,-23,-8,-31,-22,-10,9
MN,Mongolia,Ulaanbaatar,,,MN-1,,ChIJq4qx4luSll0RUeihxGubDJs,2020-03-26,-22,-6,-29,-22,-12,9
MN,Mongolia,Ulaanbaatar,,,MN-1,,ChIJq4qx4luSll0RUeihxGubDJs,2020-03-27,-22,-5,-31,-20,-10,9
MN,Mongolia,Ulaanbaatar,,,MN-1,,ChIJq4qx4luSll0RUeihxGubDJs,2020-03-28,-20,-5,-10,-16,-6,5
MN,Mongolia,Ulaanbaatar,,,MN-1,,ChIJq4qx4luSll0RUeihxGubDJs,2020-03-29,-19,-1,6,-16,-5,2
MN,Mongolia,Ulaanbaatar,,,MN-1,,ChIJq4qx4luSll0RUeihxGubDJs,2020-03-30,-20,-7,-17,-16,-7,7
MN,Mongolia,Ulaanbaatar,,,MN-1,,ChIJq4qx4luSll0RUeihxGubDJs,2020-03-31,-18,-2,-18,-16,-7,6
MN,Mongolia,Ulaanbaatar,,,MN-1,,ChIJq4qx4luSll0RUeihxGubDJs,2020-04-01,-12,4,-1,-10,-7,5
MN,Mongolia,Ulaanbaatar,,,MN-1,,ChIJq4qx4luSll0RUeihxGubDJs,2020-04-02,-13,4,-5,-12,-8,5
MN,Mongolia,Ulaanbaatar,,,MN-1,,ChIJq4qx4luSll0RUeihxGubDJs,2020-04-03,-14,5,-4,-12,-7,6
MN,Mongolia,Ulaanbaatar,,,MN-1,,ChIJq4qx4luSll0RUeihxGubDJs,2020-04-04,-13,8,23,-6,-7,0
MN,Mongolia,Ulaanbaatar,,,MN-1,,ChIJq4qx4luSll0RUeihxGubDJs,2020-04-05,-15,6,26,-10,-5,-1
MN,Mongolia,Ulaanbaatar,,,MN-1,,ChIJq4qx4luSll0RUeihxGubDJs,2020-04-06,-15,0,-14,-14,-6,5
MN,Mongolia,Ulaanbaatar,,,MN-1,,ChIJq4qx4luSll0RUeihxGubDJs,2020-04-07,-14,3,-17,-12,-7,5
MN,Mongolia,Ulaanbaatar,,,MN-1,,ChIJq4qx4luSll0RUeihxGubDJs,2020-04-08,-11,4,0,-8,-5,5
MN,Mongolia,Ulaanbaatar,,,MN-1,,ChIJq4qx4luSll0RUeihxGubDJs,2020-04-09,-14,4,-3,-14,-7,5
MN,Mongolia,Ulaanbaatar,,,MN-1,,ChIJq4qx4luSll0RUeihxGubDJs,2020-04-10,-13,7,-7,-12,-6,5
MN,Mongolia,Ulaanbaatar,,,MN-1,,ChIJq4qx4luSll0RUeihxGubDJs,2020-04-11,-10,10,14,-5,-4,1
MN,Mongolia,Ulaanbaatar,,,MN-1,,ChIJq4qx4luSll0RUeihxGubDJs,2020-04-12,-15,7,8,-7,-1,0
MN,Mongolia,Ulaanbaatar,,,MN-1,,ChIJq4qx4luSll0RUeihxGubDJs,2020-04-13,-13,0,-6,-9,-4,4
MN,Mongolia,Ulaanbaatar,,,MN-1,,ChIJq4qx4luSll0RUeihxGubDJs,2020-04-14,-19,3,-20,-14,-5,5
MN,Mongolia,Ulaanbaatar,,,MN-1,,ChIJq4qx4luSll0RUeihxGubDJs,2020-04-15,-18,3,-25,-13,-7,8
MN,Mongolia,Ulaanbaatar,,,MN-1,,ChIJq4qx4luSll0RUeihxGubDJs,2020-04-16,-12,6,-8,-9,-5,5
MN,Mongolia,Ulaanbaatar,,,MN-1,,ChIJq4qx4luSll0RUeihxGubDJs,2020-04-17,-12,10,-8,-8,-5,5
MN,Mongolia,Ulaanbaatar,,,MN-1,,ChIJq4qx4luSll0RUeihxGubDJs,2020-04-18,-12,5,2,-5,1,2
MN,Mongolia,Ulaanbaatar,,,MN-1,,ChIJq4qx4luSll0RUeihxGubDJs,2020-04-19,-19,-2,-23,-16,1,3
MN,Mongolia,Ulaanbaatar,,,MN-1,,ChIJq4qx4luSll0RUeihxGubDJs,2020-04-20,-8,5,-14,-7,-2,4
MN,Mongolia,Ulaanbaatar,,,MN-1,,ChIJq4qx4luSll0RUeihxGubDJs,2020-04-21,-9,9,-16,-9,-4,5
MN,Mongolia,Ulaanbaatar,,,MN-1,,ChIJq4qx4luSll0RUeihxGubDJs,2020-04-22,-11,4,-14,-14,-3,6
MN,Mongolia,Ulaanbaatar,,,MN-1,,ChIJq4qx4luSll0RUeihxGubDJs,2020-04-23,-10,4,-1,-14,-4,5
MN,Mongolia,Ulaanbaatar,,,MN-1,,ChIJq4qx4luSll0RUeihxGubDJs,2020-04-24,-11,5,-4,-14,-2,6
MN,Mongolia,Ulaanbaatar,,,MN-1,,ChIJq4qx4luSll0RUeihxGubDJs,2020-04-25,-7,15,15,2,6,-1
MN,Mongolia,Ulaanbaatar,,,MN-1,,ChIJq4qx4luSll0RUeihxGubDJs,2020-04-26,-6,16,46,0,6,-4
MN,Mongolia,Ulaanbaatar,,,MN-1,,ChIJq4qx4luSll0RUeihxGubDJs,2020-04-27,-5,9,19,-1,-1,2
MN,Mongolia,Ulaanbaatar,,,MN-1,,ChIJq4qx4luSll0RUeihxGubDJs,2020-04-28,-5,14,24,-3,-2,1
MN,Mongolia,Ulaanbaatar,,,MN-1,,ChIJq4qx4luSll0RUeihxGubDJs,2020-04-29,-5,12,16,-2,0,1
MN,Mongolia,Ulaanbaatar,,,MN-1,,ChIJq4qx4luSll0RUeihxGubDJs,2020-04-30,-2,19,25,-1,-1,0
MN,Mongolia,Ulaanbaatar,,,MN-1,,ChIJq4qx4luSll0RUeihxGubDJs,2020-05-01,-2,25,16,3,-1,0
MN,Mongolia,Ulaanbaatar,,,MN-1,,ChIJq4qx4luSll0RUeihxGubDJs,2020-05-02,-1,19,7,3,6,-1
MN,Mongolia,Ulaanbaatar,,,MN-1,,ChIJq4qx4luSll0RUeihxGubDJs,2020-05-03,1,26,43,12,8,-5
MN,Mongolia,Ulaanbaatar,,,MN-1,,ChIJq4qx4luSll0RUeihxGubDJs,2020-05-04,1,18,19,3,1,0
MN,Mongolia,Ulaanbaatar,,,MN-1,,ChIJq4qx4luSll0RUeihxGubDJs,2020-05-05,3,24,27,6,2,0
MN,Mongolia,Ulaanbaatar,,,MN-1,,ChIJq4qx4luSll0RUeihxGubDJs,2020-05-06,2,26,6,7,1,1
MN,Mongolia,Ulaanbaatar,,,MN-1,,ChIJq4qx4luSll0RUeihxGubDJs,2020-05-07,-5,23,8,4,-10,4
MN,Mongolia,Ulaanbaatar,,,MN-1,,ChIJq4qx4luSll0RUeihxGubDJs,2020-05-08,2,27,7,9,1,1
MN,Mongolia,Ulaanbaatar,,,MN-1,,ChIJq4qx4luSll0RUeihxGubDJs,2020-05-09,-2,15,-8,3,5,1
MN,Mongolia,Ulaanbaatar,,,MN-1,,ChIJq4qx4luSll0RUeihxGubDJs,2020-05-10,1,23,10,9,10,-2
MN,Mongolia,Ulaanbaatar,,,MN-1,,ChIJq4qx4luSll0RUeihxGubDJs,2020-05-11,3,22,20,8,5,1
MN,Mongolia,Ulaanbaatar,,,MN-1,,ChIJq4qx4luSll0RUeihxGubDJs,2020-05-12,7,30,37,12,5,-1
MN,Mongolia,Ulaanbaatar,,,MN-1,,ChIJq4qx4luSll0RUeihxGubDJs,2020-05-13,5,28,41,12,4,0
MN,Mongolia,Ulaanbaatar,,,MN-1,,ChIJq4qx4luSll0RUeihxGubDJs,2020-05-14,2,27,33,7,4,-2
MN,Mongolia,Ulaanbaatar,,,MN-1,,ChIJq4qx4luSll0RUeihxGubDJs,2020-05-15,-8,14,-13,-3,2,4
MN,Mongolia,Ulaanbaatar,,,MN-1,,ChIJq4qx4luSll0RUeihxGubDJs,2020-05-16,-4,13,-14,1,7,4
MN,Mongolia,Ulaanbaatar,,,MN-1,,ChIJq4qx4luSll0RUeihxGubDJs,2020-05-17,8,27,35,12,15,-1
MN,Mongolia,Ulaanbaatar,,,MN-1,,ChIJq4qx4luSll0RUeihxGubDJs,2020-05-18,8,27,45,16,5,-1
MN,Mongolia,Ulaanbaatar,,,MN-1,,ChIJq4qx4luSll0RUeihxGubDJs,2020-05-19,7,30,45,15,5,-2
MN,Mongolia,Ulaanbaatar,,,MN-1,,ChIJq4qx4luSll0RUeihxGubDJs,2020-05-20,7,30,32,14,4,0
MN,Mongolia,Ulaanbaatar,,,MN-1,,ChIJq4qx4luSll0RUeihxGubDJs,2020-05-21,7,32,27,12,3,0
MN,Mongolia,Ulaanbaatar,,,MN-1,,ChIJq4qx4luSll0RUeihxGubDJs,2020-05-22,3,29,15,10,4,0
MN,Mongolia,Ulaanbaatar,,,MN-1,,ChIJq4qx4luSll0RUeihxGubDJs,2020-05-23,7,29,37,18,11,-4
MN,Mongolia,Ulaanbaatar,,,MN-1,,ChIJq4qx4luSll0RUeihxGubDJs,2020-05-24,7,35,48,13,12,-7
MN,Mongolia,Ulaanbaatar,,,MN-1,,ChIJq4qx4luSll0RUeihxGubDJs,2020-05-25,7,31,28,16,0,-4
MN,Mongolia,Ulaanbaatar,,,MN-1,,ChIJq4qx4luSll0RUeihxGubDJs,2020-05-26,5,29,33,9,6,-2
MN,Mongolia,Ulaanbaatar,,,MN-1,,ChIJq4qx4luSll0RUeihxGubDJs,2020-05-27,9,31,47,12,6,-3
MN,Mongolia,Ulaanbaatar,,,MN-1,,ChIJq4qx4luSll0RUeihxGubDJs,2020-05-28,4,27,26,9,5,-2
MN,Mongolia,Ulaanbaatar,,,MN-1,,ChIJq4qx4luSll0RUeihxGubDJs,2020-05-29,5,30,17,12,3,1
MN,Mongolia,Ulaanbaatar,,,MN-1,,ChIJq4qx4luSll0RUeihxGubDJs,2020-05-30,14,36,19,20,17,-4
MN,Mongolia,Ulaanbaatar,,,MN-1,,ChIJq4qx4luSll0RUeihxGubDJs,2020-05-31,22,56,47,28,20,-10
MN,Mongolia,Ulaanbaatar,,,MN-1,,ChIJq4qx4luSll0RUeihxGubDJs,2020-06-01,-15,37,30,-2,-60,3
MN,Mongolia,Ulaanbaatar,,,MN-1,,ChIJq4qx4luSll0RUeihxGubDJs,2020-06-02,4,30,20,12,5,-4
MN,Mongolia,Ulaanbaatar,,,MN-1,,ChIJq4qx4luSll0RUeihxGubDJs,2020-06-03,8,31,37,16,6,-3
MN,Mongolia,Ulaanbaatar,,,MN-1,,ChIJq4qx4luSll0RUeihxGubDJs,2020-06-04,11,40,51,18,4,-5
MN,Mongolia,Ulaanbaatar,,,MN-1,,ChIJq4qx4luSll0RUeihxGubDJs,2020-06-05,-14,30,1,4,-41,3
MN,Mongolia,Ulaanbaatar,,,MN-1,,ChIJq4qx4luSll0RUeihxGubDJs,2020-06-06,0,25,47,13,6,-8
MN,Mongolia,Ulaanbaatar,,,MN-1,,ChIJq4qx4luSll0RUeihxGubDJs,2020-06-07,6,31,45,16,17,-10
MN,Mongolia,Ulaanbaatar,,,MN-1,,ChIJq4qx4luSll0RUeihxGubDJs,2020-06-08,5,29,30,17,6,-4
MN,Mongolia,Ulaanbaatar,,,MN-1,,ChIJq4qx4luSll0RUeihxGubDJs,2020-06-09,9,35,24,19,6,-4
MN,Mongolia,Ulaanbaatar,,,MN-1,,ChIJq4qx4luSll0RUeihxGubDJs,2020-06-10,12,39,41,21,7,-5
MN,Mongolia,Ulaanbaatar,,,MN-1,,ChIJq4qx4luSll0RUeihxGubDJs,2020-06-11,9,35,33,17,5,-5
MN,Mongolia,Ulaanbaatar,,,MN-1,,ChIJq4qx4luSll0RUeihxGubDJs,2020-06-12,4,33,12,13,3,-3
MN,Mongolia,Ulaanbaatar,,,MN-1,,ChIJq4qx4luSll0RUeihxGubDJs,2020-06-13,7,37,41,19,15,-9
MN,Mongolia,Ulaanbaatar,,,MN-1,,ChIJq4qx4luSll0RUeihxGubDJs,2020-06-14,7,38,63,18,20,-12
MN,Mongolia,Ulaanbaatar,,,MN-1,,ChIJq4qx4luSll0RUeihxGubDJs,2020-06-15,9,33,43,17,5,-7
MN,Mongolia,Ulaanbaatar,,,MN-1,,ChIJq4qx4luSll0RUeihxGubDJs,2020-06-16,11,41,60,18,4,-6
MN,Mongolia,Ulaanbaatar,,,MN-1,,ChIJq4qx4luSll0RUeihxGubDJs,2020-06-17,12,40,59,24,5,-6
MN,Mongolia,Ulaanbaatar,,,MN-1,,ChIJq4qx4luSll0RUeihxGubDJs,2020-06-18,9,35,58,16,3,-7
MN,Mongolia,Ulaanbaatar,,,MN-1,,ChIJq4qx4luSll0RUeihxGubDJs,2020-06-19,5,36,29,14,1,-6
MN,Mongolia,Ulaanbaatar,,,MN-1,,ChIJq4qx4luSll0RUeihxGubDJs,2020-06-20,6,34,69,17,16,-11
MN,Mongolia,Ulaanbaatar,,,MN-1,,ChIJq4qx4luSll0RUeihxGubDJs,2020-06-21,6,31,42,16,18,-10
MN,Mongolia,Ulaanbaatar,,,MN-1,,ChIJq4qx4luSll0RUeihxGubDJs,2020-06-22,13,35,62,25,1,-7
MN,Mongolia,Ulaanbaatar,,,MN-1,,ChIJq4qx4luSll0RUeihxGubDJs,2020-06-23,14,44,38,25,-1,-6
MN,Mongolia,Ulaanbaatar,,,MN-1,,ChIJq4qx4luSll0RUeihxGubDJs,2020-06-24,-12,29,2,14,-53,5
MN,Mongolia,Ulaanbaatar,,,MN-1,,ChIJq4qx4luSll0RUeihxGubDJs,2020-06-25,7,35,44,13,-2,-4
MN,Mongolia,Ulaanbaatar,,,MN-1,,ChIJq4qx4luSll0RUeihxGubDJs,2020-06-26,11,44,56,17,-2,-5
MN,Mongolia,Ulaanbaatar,,,MN-1,,ChIJq4qx4luSll0RUeihxGubDJs,2020-06-27,6,39,84,16,5,-10
MN,Mongolia,Ulaanbaatar,,,MN-1,,ChIJq4qx4luSll0RUeihxGubDJs,2020-06-28,7,38,88,12,8,-13
MN,Mongolia,Ulaanbaatar,,,MN-1,,ChIJq4qx4luSll0RUeihxGubDJs,2020-06-29,11,34,78,18,-2,-7
MN,Mongolia,Ulaanbaatar,,,MN-1,,ChIJq4qx4luSll0RUeihxGubDJs,2020-06-30,15,48,76,20,-2,-7
MN,Mongolia,Ulaanbaatar,,,MN-1,,ChIJq4qx4luSll0RUeihxGubDJs,2020-07-01,18,50,86,26,-3,-7
MN,Mongolia,Ulaanbaatar,,,MN-1,,ChIJq4qx4luSll0RUeihxGubDJs,2020-07-02,18,53,81,21,-5,-7
MN,Mongolia,Ulaanbaatar,,,MN-1,,ChIJq4qx4luSll0RUeihxGubDJs,2020-07-03,15,51,66,22,-6,-7
MN,Mongolia,Ulaanbaatar,,,MN-1,,ChIJq4qx4luSll0RUeihxGubDJs,2020-07-04,15,45,74,24,6,-11
MN,Mongolia,Ulaanbaatar,,,MN-1,,ChIJq4qx4luSll0RUeihxGubDJs,2020-07-05,16,49,82,23,9,-13
MN,Mongolia,Ulaanbaatar,,,MN-1,,ChIJq4qx4luSll0RUeihxGubDJs,2020-07-06,22,47,68,27,-7,-8
MN,Mongolia,Ulaanbaatar,,,MN-1,,ChIJq4qx4luSll0RUeihxGubDJs,2020-07-07,26,62,69,28,-8,-9
MN,Mongolia,Ulaanbaatar,,,MN-1,,ChIJq4qx4luSll0RUeihxGubDJs,2020-07-08,28,62,71,32,-8,-9
MN,Mongolia,Ulaanbaatar,,,MN-1,,ChIJq4qx4luSll0RUeihxGubDJs,2020-07-09,29,76,75,40,-12,-10
MN,Mongolia,Ulaanbaatar,,,MN-1,,ChIJq4qx4luSll0RUeihxGubDJs,2020-07-10,25,89,13,37,-23,-9
MN,Mongolia,Ulaanbaatar,,,MN-1,,ChIJq4qx4luSll0RUeihxGubDJs,2020-07-11,-41,16,38,-17,-54,-12
MN,Mongolia,Ulaanbaatar,,,MN-1,,ChIJq4qx4luSll0RUeihxGubDJs,2020-07-12,-47,0,52,-33,-49,-16
MN,Mongolia,Ulaanbaatar,,,MN-1,,ChIJq4qx4luSll0RUeihxGubDJs,2020-07-13,-51,-11,16,-41,-76,-5
MN,Mongolia,Ulaanbaatar,,,MN-1,,ChIJq4qx4luSll0RUeihxGubDJs,2020-07-14,-44,-5,0,-35,-72,-3
MN,Mongolia,Ulaanbaatar,,,MN-1,,ChIJq4qx4luSll0RUeihxGubDJs,2020-07-15,-31,3,14,-21,-65,0
MN,Mongolia,Ulaanbaatar,,,MN-1,,ChIJq4qx4luSll0RUeihxGubDJs,2020-07-16,-10,21,-9,-3,-28,-3
MN,Mongolia,Ulaanbaatar,,,MN-1,,ChIJq4qx4luSll0RUeihxGubDJs,2020-07-17,-1,31,4,2,-24,-2
MN,Mongolia,Ulaanbaatar,,,MN-1,,ChIJq4qx4luSll0RUeihxGubDJs,2020-07-18,1,28,38,6,-7,-7
MN,Mongolia,Ulaanbaatar,,,MN-1,,ChIJq4qx4luSll0RUeihxGubDJs,2020-07-19,7,36,54,11,0,-10
MN,Mongolia,Ulaanbaatar,,,MN-1,,ChIJq4qx4luSll0RUeihxGubDJs,2020-07-20,16,41,46,19,-13,-6
MN,Mongolia,Ulaanbaatar,,,MN-1,,ChIJq4qx4luSll0RUeihxGubDJs,2020-07-21,19,57,53,23,-14,-7
MN,Mongolia,Ulaanbaatar,,,MN-1,,ChIJq4qx4luSll0RUeihxGubDJs,2020-07-22,14,47,45,19,-13,-7
MN,Mongolia,Ulaanbaatar,,,MN-1,,ChIJq4qx4luSll0RUeihxGubDJs,2020-07-23,11,42,45,12,-13,-6
MN,Mongolia,Ulaanbaatar,,,MN-1,,ChIJq4qx4luSll0RUeihxGubDJs,2020-07-24,12,44,41,12,-14,-6
MN,Mongolia,Ulaanbaatar,,,MN-1,,ChIJq4qx4luSll0RUeihxGubDJs,2020-07-25,6,29,7,11,-7,-7
MN,Mongolia,Ulaanbaatar,,,MN-1,,ChIJq4qx4luSll0RUeihxGubDJs,2020-07-26,17,43,73,18,-2,-10
MN,Mongolia,Ulaanbaatar,,,MN-1,,ChIJq4qx4luSll0RUeihxGubDJs,2020-07-27,17,35,51,19,-15,-5
MN,Mongolia,Ulaanbaatar,,,MN-1,,ChIJq4qx4luSll0RUeihxGubDJs,2020-07-28,15,48,64,20,-14,-5
MN,Mongolia,Ulaanbaatar,,,MN-1,,ChIJq4qx4luSll0RUeihxGubDJs,2020-07-29,15,41,52,18,-13,-5
MN,Mongolia,Ulaanbaatar,,,MN-1,,ChIJq4qx4luSll0RUeihxGubDJs,2020-07-30,14,44,52,15,-13,-6
MN,Mongolia,Ulaanbaatar,,,MN-1,,ChIJq4qx4luSll0RUeihxGubDJs,2020-07-31,9,45,24,15,-14,-5
MN,Mongolia,Ulaanbaatar,,,MN-1,,ChIJq4qx4luSll0RUeihxGubDJs,2020-08-01,14,45,48,20,-5,-8
MN,Mongolia,Ulaanbaatar,,,MN-1,,ChIJq4qx4luSll0RUeihxGubDJs,2020-08-02,18,52,51,25,0,-9
MN,Mongolia,Ulaanbaatar,,,MN-1,,ChIJq4qx4luSll0RUeihxGubDJs,2020-08-03,24,45,58,30,-13,-6
MN,Mongolia,Ulaanbaatar,,,MN-1,,ChIJq4qx4luSll0RUeihxGubDJs,2020-08-04,23,56,68,30,-13,-6
MN,Mongolia,Ulaanbaatar,,,MN-1,,ChIJq4qx4luSll0RUeihxGubDJs,2020-08-05,24,54,61,29,-12,-6
MN,Mongolia,Ulaanbaatar,,,MN-1,,ChIJq4qx4luSll0RUeihxGubDJs,2020-08-06,19,51,56,26,-12,-6
MN,Mongolia,Ulaanbaatar,,,MN-1,,ChIJq4qx4luSll0RUeihxGubDJs,2020-08-07,19,54,52,24,-14,-6
MN,Mongolia,Ulaanbaatar,,,MN-1,,ChIJq4qx4luSll0RUeihxGubDJs,2020-08-08,14,44,67,20,-6,-10
MN,Mongolia,Ulaanbaatar,,,MN-1,,ChIJq4qx4luSll0RUeihxGubDJs,2020-08-09,18,50,54,21,-1,-11
MN,Mongolia,Ulaanbaatar,,,MN-1,,ChIJq4qx4luSll0RUeihxGubDJs,2020-08-10,29,45,75,30,-11,-6
MN,Mongolia,Ulaanbaatar,,,MN-1,,ChIJq4qx4luSll0RUeihxGubDJs,2020-08-11,29,61,77,31,-11,-6
MN,Mongolia,Ulaanbaatar,,,MN-1,,ChIJq4qx4luSll0RUeihxGubDJs,2020-08-12,26,56,57,31,-8,-5
MN,Mongolia,Ulaanbaatar,,,MN-1,,ChIJq4qx4luSll0RUeihxGubDJs,2020-08-13,24,54,62,26,-11,-5
MN,Mongolia,Ulaanbaatar,,,MN-1,,ChIJq4qx4luSll0RUeihxGubDJs,2020-08-14,22,57,58,29,-12,-6
MN,Mongolia,Ulaanbaatar,,,MN-1,,ChIJq4qx4luSll0RUeihxGubDJs,2020-08-15,20,52,87,29,-2,-11
MN,Mongolia,Ulaanbaatar,,,MN-1,,ChIJq4qx4luSll0RUeihxGubDJs,2020-08-16,20,54,61,29,-1,-11
MN,Mongolia,Ulaanbaatar,,,MN-1,,ChIJq4qx4luSll0RUeihxGubDJs,2020-08-17,,,,35,-10,-5
MN,Mongolia,Ulaanbaatar,,,MN-1,,ChIJq4qx4luSll0RUeihxGubDJs,2020-08-18,,,,37,-6,-6
MN,Mongolia,Ulaanbaatar,,,MN-1,,ChIJq4qx4luSll0RUeihxGubDJs,2020-08-19,,,,37,-5,-5
MN,Mongolia,Ulaanbaatar,,,MN-1,,ChIJq4qx4luSll0RUeihxGubDJs,2020-08-20,,,,38,-7,-8
MN,Mongolia,Ulaanbaatar,,,MN-1,,ChIJq4qx4luSll0RUeihxGubDJs,2020-08-21,,,,37,-11,-7
MN,Mongolia,Ulaanbaatar,,,MN-1,,ChIJq4qx4luSll0RUeihxGubDJs,2020-08-22,,,,38,-2,-10
MN,Mongolia,Ulaanbaatar,,,MN-1,,ChIJq4qx4luSll0RUeihxGubDJs,2020-08-23,,,,43,4,-13
MN,Mongolia,Ulaanbaatar,,,MN-1,,ChIJq4qx4luSll0RUeihxGubDJs,2020-08-24,,,,42,-5,-7
MN,Mongolia,Ulaanbaatar,,,MN-1,,ChIJq4qx4luSll0RUeihxGubDJs,2020-08-25,,,,44,-5,-6
MN,Mongolia,Ulaanbaatar,,,MN-1,,ChIJq4qx4luSll0RUeihxGubDJs,2020-08-26,,,,45,-1,-5
MN,Mongolia,Ulaanbaatar,,,MN-1,,ChIJq4qx4luSll0RUeihxGubDJs,2020-08-27,,,,43,-3,-5
MN,Mongolia,Ulaanbaatar,,,MN-1,,ChIJq4qx4luSll0RUeihxGubDJs,2020-08-28,,,,43,-3,-4
MN,Mongolia,Ulaanbaatar,,,MN-1,,ChIJq4qx4luSll0RUeihxGubDJs,2020-08-29,,,,46,5,-7
MN,Mongolia,Ulaanbaatar,,,MN-1,,ChIJq4qx4luSll0RUeihxGubDJs,2020-08-30,,,,50,8,-7
MN,Mongolia,Ulaanbaatar,,,MN-1,,ChIJq4qx4luSll0RUeihxGubDJs,2020-08-31,,,,56,-1,-4
MN,Mongolia,Ulaanbaatar,,,MN-1,,ChIJq4qx4luSll0RUeihxGubDJs,2020-09-01,,,,60,-1,-5
MN,Mongolia,Ulaanbaatar,,,MN-1,,ChIJq4qx4luSll0RUeihxGubDJs,2020-09-02,,,,56,3,-6
MN,Mongolia,Ulaanbaatar,,,MN-1,,ChIJq4qx4luSll0RUeihxGubDJs,2020-09-03,,,,42,1,-5
MN,Mongolia,Ulaanbaatar,,,MN-1,,ChIJq4qx4luSll0RUeihxGubDJs,2020-09-04,,,,51,0,-7
MN,Mongolia,Ulaanbaatar,,,MN-1,,ChIJq4qx4luSll0RUeihxGubDJs,2020-09-05,,,,40,0,-7
MN,Mongolia,Ulaanbaatar,,,MN-1,,ChIJq4qx4luSll0RUeihxGubDJs,2020-09-06,,,,46,5,-9
MN,Mongolia,Ulaanbaatar,,,MN-1,,ChIJq4qx4luSll0RUeihxGubDJs,2020-09-07,,,,53,2,-6
MN,Mongolia,Ulaanbaatar,,,MN-1,,ChIJq4qx4luSll0RUeihxGubDJs,2020-09-08,,,,52,2,-6
MN,Mongolia,Ulaanbaatar,,,MN-1,,ChIJq4qx4luSll0RUeihxGubDJs,2020-09-09,,,,49,6,-6
MN,Mongolia,Ulaanbaatar,,,MN-1,,ChIJq4qx4luSll0RUeihxGubDJs,2020-09-10,,,,47,2,-6
MN,Mongolia,Ulaanbaatar,,,MN-1,,ChIJq4qx4luSll0RUeihxGubDJs,2020-09-11,41,68,61,44,2,-5
MN,Mongolia,Ulaanbaatar,,,MN-1,,ChIJq4qx4luSll0RUeihxGubDJs,2020-09-12,40,60,71,38,3,-4
MN,Mongolia,Ulaanbaatar,,,MN-1,,ChIJq4qx4luSll0RUeihxGubDJs,2020-09-13,41,71,54,39,7,-5
MN,Mongolia,Ulaanbaatar,,,MN-1,,ChIJq4qx4luSll0RUeihxGubDJs,2020-09-14,48,64,88,55,14,-4
MN,Mongolia,Ulaanbaatar,,,MN-1,,ChIJq4qx4luSll0RUeihxGubDJs,2020-09-15,49,78,81,51,15,-3
MN,Mongolia,Ulaanbaatar,,,MN-1,,ChIJq4qx4luSll0RUeihxGubDJs,2020-09-16,50,77,88,57,14,-4
MN,Mongolia,Ulaanbaatar,,,MN-1,,ChIJq4qx4luSll0RUeihxGubDJs,2020-09-17,47,72,95,48,9,-5
MN,Mongolia,Ulaanbaatar,,,MN-1,,ChIJq4qx4luSll0RUeihxGubDJs,2020-09-18,43,69,98,51,7,-5
MN,Mongolia,Ulaanbaatar,,,MN-1,,ChIJq4qx4luSll0RUeihxGubDJs,2020-09-19,58,77,193,58,6,-8
MN,Mongolia,Ulaanbaatar,,,MN-1,,ChIJq4qx4luSll0RUeihxGubDJs,2020-09-20,62,87,137,65,11,-8
MN,Mongolia,Ulaanbaatar,,,MN-1,,ChIJq4qx4luSll0RUeihxGubDJs,2020-09-21,54,72,101,67,12,-7
MN,Mongolia,Ulaanbaatar,,,MN-1,,ChIJq4qx4luSll0RUeihxGubDJs,2020-09-22,51,78,92,68,13,-8
MN,Mongolia,Ulaanbaatar,,,MN-1,,ChIJq4qx4luSll0RUeihxGubDJs,2020-09-23,46,72,100,68,18,-7
MN,Mongolia,Ulaanbaatar,,,MN-1,,ChIJq4qx4luSll0RUeihxGubDJs,2020-09-24,38,65,90,59,14,-6
MN,Mongolia,Ulaanbaatar,,,MN-1,,ChIJq4qx4luSll0RUeihxGubDJs,2020-09-25,46,67,95,56,12,-7
MN,Mongolia,Ulaanbaatar,,,MN-1,,ChIJq4qx4luSll0RUeihxGubDJs,2020-09-26,52,64,112,55,8,-6
MN,Mongolia,Ulaanbaatar,,,MN-1,,ChIJq4qx4luSll0RUeihxGubDJs,2020-09-27,54,77,93,59,11,-5
MN,Mongolia,Ulaanbaatar,,,MN-1,,ChIJq4qx4luSll0RUeihxGubDJs,2020-09-28,45,63,77,68,23,-6
MN,Mongolia,Ulaanbaatar,,,MN-1,,ChIJq4qx4luSll0RUeihxGubDJs,2020-09-29,46,72,78,65,22,-6
MN,Mongolia,Ulaanbaatar,,,MN-1,,ChIJq4qx4luSll0RUeihxGubDJs,2020-09-30,52,83,111,87,21,-7
MN,Mongolia,Ulaanbaatar,,,MN-1,,ChIJq4qx4luSll0RUeihxGubDJs,2020-10-01,42,80,64,67,23,-7
MN,Mongolia,Ulaanbaatar,,,MN-1,,ChIJq4qx4luSll0RUeihxGubDJs,2020-10-02,46,75,66,72,21,-7
MN,Mongolia,Ulaanbaatar,,,MN-1,,ChIJq4qx4luSll0RUeihxGubDJs,2020-10-03,49,62,60,63,1,-4
MN,Mongolia,Ulaanbaatar,,,MN-1,,ChIJq4qx4luSll0RUeihxGubDJs,2020-10-04,63,87,71,78,8,-5
MN,Mongolia,Ulaanbaatar,,,MN-1,,ChIJq4qx4luSll0RUeihxGubDJs,2020-10-05,48,66,93,82,25,-8
MN,Mongolia,Ulaanbaatar,,,MN-1,,ChIJq4qx4luSll0RUeihxGubDJs,2020-10-06,45,74,78,75,26,-7
MN,Mongolia,Ulaanbaatar,,,MN-1,,ChIJq4qx4luSll0RUeihxGubDJs,2020-10-07,43,69,91,79,31,-7
MN,Mongolia,Ulaanbaatar,,,MN-1,,ChIJq4qx4luSll0RUeihxGubDJs,2020-10-08,37,67,75,73,27,-6
MN,Mongolia,Ulaanbaatar,,,MN-1,,ChIJq4qx4luSll0RUeihxGubDJs,2020-10-09,44,69,73,70,26,-7
MN,Mongolia,Ulaanbaatar,,,MN-1,,ChIJq4qx4luSll0RUeihxGubDJs,2020-10-10,52,61,83,67,16,-4
MN,Mongolia,Ulaanbaatar,,,MN-1,,ChIJq4qx4luSll0RUeihxGubDJs,2020-10-11,58,82,68,69,15,-4
MN,Mongolia,Ulaanbaatar,,,MN-1,,ChIJq4qx4luSll0RUeihxGubDJs,2020-10-12,39,60,75,76,33,-5
MN,Mongolia,Ulaanbaatar,,,MN-1,,ChIJq4qx4luSll0RUeihxGubDJs,2020-10-13,38,72,64,72,33,-5
MN,Mongolia,Ulaanbaatar,,,MN-1,,ChIJq4qx4luSll0RUeihxGubDJs,2020-10-14,40,77,75,81,36,-6
MN,Mongolia,Ulaanbaatar,,,MN-1,,ChIJq4qx4luSll0RUeihxGubDJs,2020-10-15,4,57,14,37,-51,12
MN,Mongolia,Ulaanbaatar,,,MN-1,,ChIJq4qx4luSll0RUeihxGubDJs,2020-10-16,35,69,55,64,28,-3
MN,Mongolia,Ulaanbaatar,,,MN-1,,ChIJq4qx4luSll0RUeihxGubDJs,2020-10-17,58,78,113,78,15,-4
MN,Mongolia,Ulaanbaatar,,,MN-1,,ChIJq4qx4luSll0RUeihxGubDJs,2020-10-18,56,88,80,77,13,-5
MN,Mongolia,Ulaanbaatar,,,MN-1,,ChIJq4qx4luSll0RUeihxGubDJs,2020-10-19,48,77,117,96,33,-7
MN,Mongolia,Ulaanbaatar,,,MN-1,,ChIJq4qx4luSll0RUeihxGubDJs,2020-10-20,42,73,49,69,35,-5
MN,Mongolia,Ulaanbaatar,,,MN-1,,ChIJq4qx4luSll0RUeihxGubDJs,2020-10-21,46,79,67,73,42,-5
MN,Mongolia,Ulaanbaatar,,,MN-1,,ChIJq4qx4luSll0RUeihxGubDJs,2020-10-22,43,79,72,67,35,-6
MN,Mongolia,Ulaanbaatar,,,MN-1,,ChIJq4qx4luSll0RUeihxGubDJs,2020-10-23,51,83,70,69,33,-7
MN,Mongolia,Ulaanbaatar,,,MN-1,,ChIJq4qx4luSll0RUeihxGubDJs,2020-10-24,63,82,119,73,20,-5
MN,Mongolia,Ulaanbaatar,,,MN-1,,ChIJq4qx4luSll0RUeihxGubDJs,2020-10-25,59,90,88,68,15,-4
MN,Mongolia,Ulaanbaatar,,,MN-1,,ChIJq4qx4luSll0RUeihxGubDJs,2020-10-26,43,68,71,73,43,-5
MN,Mongolia,Ulaanbaatar,,,MN-1,,ChIJq4qx4luSll0RUeihxGubDJs,2020-10-27,47,78,71,69,42,-5
MN,Mongolia,Ulaanbaatar,,,MN-1,,ChIJq4qx4luSll0RUeihxGubDJs,2020-10-28,42,72,71,76,46,-5
MN,Mongolia,Ulaanbaatar,,,MN-1,,ChIJq4qx4luSll0RUeihxGubDJs,2020-10-29,38,70,70,65,41,-5
MN,Mongolia,Ulaanbaatar,,,MN-1,,ChIJq4qx4luSll0RUeihxGubDJs,2020-10-30,44,73,63,71,39,-5
MN,Mongolia,Ulaanbaatar,,,MN-1,,ChIJq4qx4luSll0RUeihxGubDJs,2020-10-31,62,70,93,68,18,-3
MN,Mongolia,Ulaanbaatar,,,MN-1,,ChIJq4qx4luSll0RUeihxGubDJs,2020-11-01,55,83,51,67,12,-2
MN,Mongolia,Ulaanbaatar,,,MN-1,,ChIJq4qx4luSll0RUeihxGubDJs,2020-11-02,46,71,69,83,45,-4
MN,Mongolia,Ulaanbaatar,,,MN-1,,ChIJq4qx4luSll0RUeihxGubDJs,2020-11-03,45,80,65,72,45,-4
MN,Mongolia,Ulaanbaatar,,,MN-1,,ChIJq4qx4luSll0RUeihxGubDJs,2020-11-04,42,74,56,70,47,-4
MN,Mongolia,Ulaanbaatar,,,MN-1,,ChIJq4qx4luSll0RUeihxGubDJs,2020-11-05,41,73,56,67,41,-4
MN,Mongolia,Ulaanbaatar,,,MN-1,,ChIJq4qx4luSll0RUeihxGubDJs,2020-11-06,46,71,52,64,39,-4
MN,Mongolia,Ulaanbaatar,,,MN-1,,ChIJq4qx4luSll0RUeihxGubDJs,2020-11-07,61,72,81,64,20,-2
MN,Mongolia,Ulaanbaatar,,,MN-1,,ChIJq4qx4luSll0RUeihxGubDJs,2020-11-08,59,85,43,64,15,-3
MN,Mongolia,Ulaanbaatar,,,MN-1,,ChIJq4qx4luSll0RUeihxGubDJs,2020-11-09,46,66,61,72,45,-4
MN,Mongolia,Ulaanbaatar,,,MN-1,,ChIJq4qx4luSll0RUeihxGubDJs,2020-11-10,44,82,55,69,46,-4
MN,Mongolia,Ulaanbaatar,,,MN-1,,ChIJq4qx4luSll0RUeihxGubDJs,2020-11-11,-7,49,-24,10,-5,15
MN,Mongolia,Ulaanbaatar,,,MN-1,,ChIJq4qx4luSll0RUeihxGubDJs,2020-11-12,-48,21,-55,-28,-46,28
MN,Mongolia,Ulaanbaatar,,,MN-1,,ChIJq4qx4luSll0RUeihxGubDJs,2020-11-13,-70,-15,-75,-51,-70,42
MN,Mongolia,Ulaanbaatar,,,MN-1,,ChIJq4qx4luSll0RUeihxGubDJs,2020-11-14,-73,-34,-69,-60,-63,32
MN,Mongolia,Ulaanbaatar,,,MN-1,,ChIJq4qx4luSll0RUeihxGubDJs,2020-11-15,-69,-24,-66,-56,-58,25
MN,Mongolia,Ulaanbaatar,,,MN-1,,ChIJq4qx4luSll0RUeihxGubDJs,2020-11-16,-75,-34,-74,-61,-79,42
MN,Mongolia,Ulaanbaatar,,,MN-1,,ChIJq4qx4luSll0RUeihxGubDJs,2020-11-17,-67,-16,-68,-47,-64,36
MN,Mongolia,Ulaanbaatar,,,MN-1,,ChIJq4qx4luSll0RUeihxGubDJs,2020-11-18,-72,-30,-73,-51,-68,40
MN,Mongolia,Ulaanbaatar,,,MN-1,,ChIJq4qx4luSll0RUeihxGubDJs,2020-11-19,-75,-34,-73,-59,-72,41
MN,Mongolia,Ulaanbaatar,,,MN-1,,ChIJq4qx4luSll0RUeihxGubDJs,2020-11-20,-74,-29,-78,-58,-71,43
MN,Mongolia,Ulaanbaatar,,,MN-1,,ChIJq4qx4luSll0RUeihxGubDJs,2020-11-21,-72,-33,-71,-59,-63,31
MN,Mongolia,Ulaanbaatar,,,MN-1,,ChIJq4qx4luSll0RUeihxGubDJs,2020-11-22,-66,-21,-61,-50,-55,24
MN,Mongolia,Ulaanbaatar,,,MN-1,,ChIJq4qx4luSll0RUeihxGubDJs,2020-11-23,-68,-20,-70,-47,-65,36
MN,Mongolia,Ulaanbaatar,,,MN-1,,ChIJq4qx4luSll0RUeihxGubDJs,2020-11-24,-66,-16,-68,-45,-66,36
MN,Mongolia,Ulaanbaatar,,,MN-1,,ChIJq4qx4luSll0RUeihxGubDJs,2020-11-25,-66,-15,-64,-44,-63,37
MN,Mongolia,Ulaanbaatar,,,MN-1,,ChIJq4qx4luSll0RUeihxGubDJs,2020-11-26,-73,-26,-72,-54,-77,40
MN,Mongolia,Ulaanbaatar,,,MN-1,,ChIJq4qx4luSll0RUeihxGubDJs,2020-11-27,-69,-20,-71,-49,-63,39
MN,Mongolia,Ulaanbaatar,,,MN-1,,ChIJq4qx4luSll0RUeihxGubDJs,2020-11-28,-68,-25,-61,-49,-54,29
MN,Mongolia,Ulaanbaatar,,,MN-1,,ChIJq4qx4luSll0RUeihxGubDJs,2020-11-29,-65,-21,-59,-48,-51,23
MN,Mongolia,Ulaanbaatar,,,MN-1,,ChIJq4qx4luSll0RUeihxGubDJs,2020-11-30,-63,-13,-67,-40,-57,34
MN,Mongolia,Ulaanbaatar,,,MN-1,,ChIJq4qx4luSll0RUeihxGubDJs,2020-12-01,-54,11,-63,-26,-51,31
MN,Mongolia,Ulaanbaatar,,,MN-1,,ChIJq4qx4luSll0RUeihxGubDJs,2020-12-02,-55,4,-57,-26,-49,32
MN,Mongolia,Ulaanbaatar,,,MN-1,,ChIJq4qx4luSll0RUeihxGubDJs,2020-12-03,-57,1,-59,-30,-52,31
MN,Mongolia,Ulaanbaatar,,,MN-1,,ChIJq4qx4luSll0RUeihxGubDJs,2020-12-04,-59,-2,-65,-35,-50,34
MN,Mongolia,Ulaanbaatar,,,MN-1,,ChIJq4qx4luSll0RUeihxGubDJs,2020-12-05,-54,-6,-56,-33,-44,24
MN,Mongolia,Ulaanbaatar,,,MN-1,,ChIJq4qx4luSll0RUeihxGubDJs,2020-12-06,-54,-2,-50,-32,-41,18
MN,Mongolia,Ulaanbaatar,,,MN-1,,ChIJq4qx4luSll0RUeihxGubDJs,2020-12-07,-56,-5,-60,-34,-48,29
MN,Mongolia,Ulaanbaatar,,,MN-1,,ChIJq4qx4luSll0RUeihxGubDJs,2020-12-08,-55,1,-58,-33,-48,29
MN,Mongolia,Ulaanbaatar,,,MN-1,,ChIJq4qx4luSll0RUeihxGubDJs,2020-12-09,-56,-3,-59,-31,-46,30
MN,Mongolia,Ulaanbaatar,,,MN-1,,ChIJq4qx4luSll0RUeihxGubDJs,2020-12-10,-58,0,-56,-29,-47,29
MN,Mongolia,Ulaanbaatar,,,MN-1,,ChIJq4qx4luSll0RUeihxGubDJs,2020-12-11,-60,-8,-63,-35,-47,33
MN,Mongolia,Ulaanbaatar,,,MN-1,,ChIJq4qx4luSll0RUeihxGubDJs,2020-12-12,-57,-9,-53,-36,-38,23
MN,Mongolia,Ulaanbaatar,,,MN-1,,ChIJq4qx4luSll0RUeihxGubDJs,2020-12-13,-54,-7,-46,-36,-34,18
MN,Mongolia,Ulaanbaatar,,,MN-1,,ChIJq4qx4luSll0RUeihxGubDJs,2020-12-14,-22,23,-24,-8,-17,18
MN,Mongolia,Ulaanbaatar,,,MN-1,,ChIJq4qx4luSll0RUeihxGubDJs,2020-12-15,-23,29,-30,-8,-21,18
MN,Mongolia,Ulaanbaatar,,,MN-1,,ChIJq4qx4luSll0RUeihxGubDJs,2020-12-16,-24,24,-28,-7,-17,19
MN,Mongolia,Ulaanbaatar,,,MN-1,,ChIJq4qx4luSll0RUeihxGubDJs,2020-12-17,-26,27,-25,-9,-19,19
MN,Mongolia,Ulaanbaatar,,,MN-1,,ChIJq4qx4luSll0RUeihxGubDJs,2020-12-18,-31,17,-39,-17,-20,22
MN,Mongolia,Ulaanbaatar,,,MN-1,,ChIJq4qx4luSll0RUeihxGubDJs,2020-12-19,-25,20,-30,-15,-14,15
MN,Mongolia,Ulaanbaatar,,,MN-1,,ChIJq4qx4luSll0RUeihxGubDJs,2020-12-20,-27,24,-20,-14,-16,12
MN,Mongolia,Ulaanbaatar,,,MN-1,,ChIJq4qx4luSll0RUeihxGubDJs,2020-12-21,-16,35,-12,-5,-15,17
MN,Mongolia,Ulaanbaatar,,,MN-1,,ChIJq4qx4luSll0RUeihxGubDJs,2020-12-22,8,75,32,29,-18,11
MN,Mongolia,Ulaanbaatar,,,MN-1,,ChIJq4qx4luSll0RUeihxGubDJs,2020-12-23,-64,-16,-64,-44,-51,33
MN,Mongolia,Ulaanbaatar,,,MN-1,,ChIJq4qx4luSll0RUeihxGubDJs,2020-12-24,-63,-12,-65,-45,-52,34
MN,Mongolia,Ulaanbaatar,,,MN-1,,ChIJq4qx4luSll0RUeihxGubDJs,2020-12-25,-59,-9,-64,-42,-51,35
MN,Mongolia,Ulaanbaatar,,,MN-1,,ChIJq4qx4luSll0RUeihxGubDJs,2020-12-26,-56,-10,-51,-40,-38,25
MN,Mongolia,Ulaanbaatar,,,MN-1,,ChIJq4qx4luSll0RUeihxGubDJs,2020-12-27,-52,0,-49,-37,-34,19
MN,Mongolia,Ulaanbaatar,,,MN-1,,ChIJq4qx4luSll0RUeihxGubDJs,2020-12-28,-52,0,-57,-36,-45,30
MN,Mongolia,Ulaanbaatar,,,MN-1,,ChIJq4qx4luSll0RUeihxGubDJs,2020-12-29,-53,13,-61,-39,-66,33
MN,Mongolia,Ulaanbaatar,,,MN-1,,ChIJq4qx4luSll0RUeihxGubDJs,2020-12-30,-38,42,-48,-23,-46,28
MN,Mongolia,Ulaanbaatar,,,MN-1,,ChIJq4qx4luSll0RUeihxGubDJs,2020-12-31,-49,32,-58,-32,-58,31
MN,Mongolia,Ulaanbaatar,,,MN-1,,ChIJq4qx4luSll0RUeihxGubDJs,2021-01-01,-81,-51,-74,-62,-81,43
MN,Mongolia,Ulaanbaatar,,,MN-1,,ChIJq4qx4luSll0RUeihxGubDJs,2021-01-02,-71,-34,-62,-50,-52,27
MN,Mongolia,Ulaanbaatar,,,MN-1,,ChIJq4qx4luSll0RUeihxGubDJs,2021-01-03,-65,-26,-54,-46,-40,21
MN,Mongolia,Ulaanbaatar,,,MN-1,,ChIJq4qx4luSll0RUeihxGubDJs,2021-01-04,-61,-19,-60,-40,-47,32
MN,Mongolia,Ulaanbaatar,,,MN-1,,ChIJq4qx4luSll0RUeihxGubDJs,2021-01-05,-60,-13,-57,-41,-48,31
MN,Mongolia,Ulaanbaatar,,,MN-1,,ChIJq4qx4luSll0RUeihxGubDJs,2021-01-06,-60,-10,-62,-39,-44,32
MN,Mongolia,Ulaanbaatar,,,MN-1,,ChIJq4qx4luSll0RUeihxGubDJs,2021-01-07,-55,2,-60,-37,-46,31
MN,Mongolia,Ulaanbaatar,,,MN-1,,ChIJq4qx4luSll0RUeihxGubDJs,2021-01-08,-62,-14,-69,-45,-49,36
MN,Mongolia,Ulaanbaatar,,,MN-1,,ChIJq4qx4luSll0RUeihxGubDJs,2021-01-09,-62,-21,-53,-46,-40,26
MN,Mongolia,Ulaanbaatar,,,MN-1,,ChIJq4qx4luSll0RUeihxGubDJs,2021-01-10,-62,-18,-56,-44,-34,20
MN,Mongolia,Ulaanbaatar,,,MN-1,,ChIJq4qx4luSll0RUeihxGubDJs,2021-01-11,-34,12,-48,-19,-22,21
MN,Mongolia,Ulaanbaatar,,,MN-1,,ChIJq4qx4luSll0RUeihxGubDJs,2021-01-12,-32,20,-41,-16,-24,20
MN,Mongolia,Ulaanbaatar,,,MN-1,,ChIJq4qx4luSll0RUeihxGubDJs,2021-01-13,-33,13,-40,-19,-23,19
MN,Mongolia,Ulaanbaatar,,,MN-1,,ChIJq4qx4luSll0RUeihxGubDJs,2021-01-14,-38,9,-44,-24,-29,18
MN,Mongolia,Ulaanbaatar,,,MN-1,,ChIJq4qx4luSll0RUeihxGubDJs,2021-01-15,-39,4,-48,-26,-30,20
MN,Mongolia,Ulaanbaatar,,,MN-1,,ChIJq4qx4luSll0RUeihxGubDJs,2021-01-16,-39,2,-43,-28,-25,14
MN,Mongolia,Ulaanbaatar,,,MN-1,,ChIJq4qx4luSll0RUeihxGubDJs,2021-01-17,-37,11,-28,-23,-22,9
MN,Mongolia,Ulaanbaatar,,,MN-1,,ChIJq4qx4luSll0RUeihxGubDJs,2021-01-18,-28,11,-36,-17,-21,15
MN,Mongolia,Ulaanbaatar,,,MN-1,,ChIJq4qx4luSll0RUeihxGubDJs,2021-01-19,-27,17,-29,-17,-23,15
MN,Mongolia,Ulaanbaatar,,,MN-1,,ChIJq4qx4luSll0RUeihxGubDJs,2021-01-20,-26,18,-7,-13,-20,16
MN,Mongolia,Ulaanbaatar,,,MN-1,,ChIJq4qx4luSll0RUeihxGubDJs,2021-01-21,-29,21,-36,-18,-22,16
MN,Mongolia,Ulaanbaatar,,,MN-1,,ChIJq4qx4luSll0RUeihxGubDJs,2021-01-22,-31,14,-34,-22,-21,17
MN,Mongolia,Ulaanbaatar,,,MN-1,,ChIJq4qx4luSll0RUeihxGubDJs,2021-01-23,-18,20,-6,-13,-9,8
MN,Mongolia,Ulaanbaatar,,,MN-1,,ChIJq4qx4luSll0RUeihxGubDJs,2021-01-24,-15,23,-10,-14,-7,7
MN,Mongolia,Ulaanbaatar,,,MN-1,,ChIJq4qx4luSll0RUeihxGubDJs,2021-01-25,-15,17,-17,-13,-15,15
MN,Mongolia,Ulaanbaatar,,,MN-1,,ChIJq4qx4luSll0RUeihxGubDJs,2021-01-26,-15,27,-19,-15,-16,15
MN,Mongolia,Ulaanbaatar,,,MN-1,,ChIJq4qx4luSll0RUeihxGubDJs,2021-01-27,-16,22,-21,-12,-13,16
MN,Mongolia,Ulaanbaatar,,,MN-1,,ChIJq4qx4luSll0RUeihxGubDJs,2021-01-28,-17,26,-26,-17,-16,15
MN,Mongolia,Ulaanbaatar,,,MN-1,,ChIJq4qx4luSll0RUeihxGubDJs,2021-01-29,-14,29,-26,-14,-15,16
MN,Mongolia,Ulaanbaatar,,,MN-1,,ChIJq4qx4luSll0RUeihxGubDJs,2021-01-30,0,39,0,-1,-3,8
MN,Mongolia,Ulaanbaatar,,,MN-1,,ChIJq4qx4luSll0RUeihxGubDJs,2021-01-31,-1,43,-17,-4,0,6
MN,Mongolia,Ulaanbaatar,,,MN-1,,ChIJq4qx4luSll0RUeihxGubDJs,2021-02-01,-3,36,-28,-4,-12,13
MN,Mongolia,Ulaanbaatar,,,MN-1,,ChIJq4qx4luSll0RUeihxGubDJs,2021-02-02,0,52,-20,3,-14,12
MN,Mongolia,Ulaanbaatar,,,MN-1,,ChIJq4qx4luSll0RUeihxGubDJs,2021-02-03,0,46,-16,4,-11,13
MN,Mongolia,Ulaanbaatar,,,MN-1,,ChIJq4qx4luSll0RUeihxGubDJs,2021-02-04,-4,38,-23,-8,-14,14
MN,Mongolia,Ulaanbaatar,,,MN-1,,ChIJq4qx4luSll0RUeihxGubDJs,2021-02-05,-7,35,-34,-11,-13,15
MN,Mongolia,Ulaanbaatar,,,MN-1,,ChIJq4qx4luSll0RUeihxGubDJs,2021-02-06,-1,37,-14,-6,6,9
MN,Mongolia,Ulaanbaatar,,,MN-1,,ChIJq4qx4luSll0RUeihxGubDJs,2021-02-07,4,47,-8,-4,9,6
MN,Mongolia,Ulaanbaatar,,,MN-1,,ChIJq4qx4luSll0RUeihxGubDJs,2021-02-08,5,40,-7,1,-10,12
MN,Mongolia,Ulaanbaatar,,,MN-1,,ChIJq4qx4luSll0RUeihxGubDJs,2021-02-09,19,87,-3,13,-11,10
MN,Mongolia,Ulaanbaatar,,,MN-1,,ChIJq4qx4luSll0RUeihxGubDJs,2021-02-10,32,126,6,36,-12,7
MN,Mongolia,Ulaanbaatar,,,MN-1,,ChIJq4qx4luSll0RUeihxGubDJs,2021-02-11,-85,-49,-85,-73,-81,44
MN,Mongolia,Ulaanbaatar,,,MN-1,,ChIJq4qx4luSll0RUeihxGubDJs,2021-02-12,-93,-83,-89,-85,-87,51
MN,Mongolia,Ulaanbaatar,,,MN-1,,ChIJq4qx4luSll0RUeihxGubDJs,2021-02-13,-89,-71,-82,-81,-73,35
MN,Mongolia,Ulaanbaatar,,,MN-1,,ChIJq4qx4luSll0RUeihxGubDJs,2021-02-14,-83,-54,-76,-75,-61,26
MN,Mongolia,Ulaanbaatar,,,MN-1,,ChIJq4qx4luSll0RUeihxGubDJs,2021-02-15,-83,-54,-83,-72,-74,41
MN,Mongolia,Ulaanbaatar,,,MN-1,,ChIJq4qx4luSll0RUeihxGubDJs,2021-02-16,-78,-39,-80,-66,-69,38
MN,Mongolia,Ulaanbaatar,,,MN-1,,ChIJq4qx4luSll0RUeihxGubDJs,2021-02-17,-75,-34,-77,-63,-66,38
MN,Mongolia,Ulaanbaatar,,,MN-1,,ChIJq4qx4luSll0RUeihxGubDJs,2021-02-18,-74,-30,-75,-62,-66,37
MN,Mongolia,Ulaanbaatar,,,MN-1,,ChIJq4qx4luSll0RUeihxGubDJs,2021-02-19,-74,-29,-77,-61,-64,39
MN,Mongolia,Ulaanbaatar,,,MN-1,,ChIJq4qx4luSll0RUeihxGubDJs,2021-02-20,-69,-29,-64,-59,-47,26
MN,Mongolia,Ulaanbaatar,,,MN-1,,ChIJq4qx4luSll0RUeihxGubDJs,2021-02-21,-71,-30,-66,-61,-43,21
MN,Mongolia,Ulaanbaatar,,,MN-1,,ChIJq4qx4luSll0RUeihxGubDJs,2021-02-22,-70,-29,-74,-58,-60,34
MN,Mongolia,Ulaanbaatar,,,MN-1,,ChIJq4qx4luSll0RUeihxGubDJs,2021-02-23,12,62,-3,14,-8,6
MN,Mongolia,Ulaanbaatar,,,MN-1,,ChIJq4qx4luSll0RUeihxGubDJs,2021-02-24,7,47,-12,6,-6,9
MN,Mongolia,Ulaanbaatar,,,MN-1,,ChIJq4qx4luSll0RUeihxGubDJs,2021-02-25,5,47,-12,5,-8,10
MN,Mongolia,Ulaanbaatar,,,MN-1,,ChIJq4qx4luSll0RUeihxGubDJs,2021-02-26,8,46,-10,2,-9,11
MN,Mongolia,Ulaanbaatar,,,MN-1,,ChIJq4qx4luSll0RUeihxGubDJs,2021-02-27,15,50,-5,9,5,4
MN,Mongolia,Ulaanbaatar,,,MN-1,,ChIJq4qx4luSll0RUeihxGubDJs,2021-02-28,19,57,-2,10,8,3
MN,Mongolia,Ulaanbaatar,,,MN-1,,ChIJq4qx4luSll0RUeihxGubDJs,2021-03-01,9,41,-5,9,-4,9
MN,Mongolia,Ulaanbaatar,,,MN-1,,ChIJq4qx4luSll0RUeihxGubDJs,2021-03-02,9,50,-7,5,-5,8
MN,Mongolia,Ulaanbaatar,,,MN-1,,ChIJq4qx4luSll0RUeihxGubDJs,2021-03-03,11,49,-5,13,-5,9
MN,Mongolia,Ulaanbaatar,,,MN-1,,ChIJq4qx4luSll0RUeihxGubDJs,2021-03-04,9,53,4,16,-7,8
MN,Mongolia,Ulaanbaatar,,,MN-1,,ChIJq4qx4luSll0RUeihxGubDJs,2021-03-05,14,60,3,15,-5,8
