country_region_code,country_region,sub_region_1,sub_region_2,metro_area,iso_3166_2_code,census_fips_code,place_id,date,retail_and_recreation_percent_change_from_baseline,grocery_and_pharmacy_percent_change_from_baseline,parks_percent_change_from_baseline,transit_stations_percent_change_from_baseline,workplaces_percent_change_from_baseline,residential_percent_change_from_baseline
KZ,Kazakhstan,,,,,,ChIJR6n87AcQqTgRGw6z5C-Ee18,2020-02-15,7,5,1,4,6,-1
KZ,Kazakhstan,,,,,,ChIJR6n87AcQqTgRGw6z5C-Ee18,2020-02-16,-1,-2,-7,1,2,0
KZ,Kazakhstan,,,,,,ChIJR6n87AcQqTgRGw6z5C-Ee18,2020-02-17,1,0,-2,-1,8,0
KZ,Kazakhstan,,,,,,ChIJR6n87AcQqTgRGw6z5C-Ee18,2020-02-18,0,-1,-4,-1,9,0
KZ,Kazakhstan,,,,,,ChIJR6n87AcQqTgRGw6z5C-Ee18,2020-02-19,-5,-5,-6,-7,3,2
KZ,Kazakhstan,,,,,,ChIJR6n87AcQqTgRGw6z5C-Ee18,2020-02-20,3,2,1,1,8,0
KZ,Kazakhstan,,,,,,ChIJR6n87AcQqTgRGw6z5C-Ee18,2020-02-21,6,5,6,4,11,-2
KZ,Kazakhstan,,,,,,ChIJR6n87AcQqTgRGw6z5C-Ee18,2020-02-22,5,6,2,4,7,-1
KZ,Kazakhstan,,,,,,ChIJR6n87AcQqTgRGw6z5C-Ee18,2020-02-23,4,3,-1,4,6,-1
KZ,Kazakhstan,,,,,,ChIJR6n87AcQqTgRGw6z5C-Ee18,2020-02-24,0,0,-1,0,9,0
KZ,Kazakhstan,,,,,,ChIJR6n87AcQqTgRGw6z5C-Ee18,2020-02-25,3,3,3,3,10,-1
KZ,Kazakhstan,,,,,,ChIJR6n87AcQqTgRGw6z5C-Ee18,2020-02-26,0,-1,0,0,8,-1
KZ,Kazakhstan,,,,,,ChIJR6n87AcQqTgRGw6z5C-Ee18,2020-02-27,-4,-4,-5,5,3,2
KZ,Kazakhstan,,,,,,ChIJR6n87AcQqTgRGw6z5C-Ee18,2020-02-28,6,5,3,14,12,-2
KZ,Kazakhstan,,,,,,ChIJR6n87AcQqTgRGw6z5C-Ee18,2020-02-29,9,10,6,18,10,-1
KZ,Kazakhstan,,,,,,ChIJR6n87AcQqTgRGw6z5C-Ee18,2020-03-01,11,9,10,19,9,-2
KZ,Kazakhstan,,,,,,ChIJR6n87AcQqTgRGw6z5C-Ee18,2020-03-02,7,5,7,14,11,-1
KZ,Kazakhstan,,,,,,ChIJR6n87AcQqTgRGw6z5C-Ee18,2020-03-03,7,8,4,14,11,-2
KZ,Kazakhstan,,,,,,ChIJR6n87AcQqTgRGw6z5C-Ee18,2020-03-04,8,9,5,14,10,-2
KZ,Kazakhstan,,,,,,ChIJR6n87AcQqTgRGw6z5C-Ee18,2020-03-05,17,17,9,19,12,-2
KZ,Kazakhstan,,,,,,ChIJR6n87AcQqTgRGw6z5C-Ee18,2020-03-06,21,17,8,20,15,-4
KZ,Kazakhstan,,,,,,ChIJR6n87AcQqTgRGw6z5C-Ee18,2020-03-07,20,21,1,21,4,-2
KZ,Kazakhstan,,,,,,ChIJR6n87AcQqTgRGw6z5C-Ee18,2020-03-08,28,20,9,27,5,-4
KZ,Kazakhstan,,,,,,ChIJR6n87AcQqTgRGw6z5C-Ee18,2020-03-09,6,0,-3,2,-52,10
KZ,Kazakhstan,,,,,,ChIJR6n87AcQqTgRGw6z5C-Ee18,2020-03-10,6,7,5,16,11,-1
KZ,Kazakhstan,,,,,,ChIJR6n87AcQqTgRGw6z5C-Ee18,2020-03-11,6,9,6,15,9,-2
KZ,Kazakhstan,,,,,,ChIJR6n87AcQqTgRGw6z5C-Ee18,2020-03-12,8,15,9,19,10,-1
KZ,Kazakhstan,,,,,,ChIJR6n87AcQqTgRGw6z5C-Ee18,2020-03-13,7,14,8,19,13,-2
KZ,Kazakhstan,,,,,,ChIJR6n87AcQqTgRGw6z5C-Ee18,2020-03-14,2,13,8,22,11,-1
KZ,Kazakhstan,,,,,,ChIJR6n87AcQqTgRGw6z5C-Ee18,2020-03-15,-1,10,7,20,6,-1
KZ,Kazakhstan,,,,,,ChIJR6n87AcQqTgRGw6z5C-Ee18,2020-03-16,-5,6,5,12,-14,3
KZ,Kazakhstan,,,,,,ChIJR6n87AcQqTgRGw6z5C-Ee18,2020-03-17,-8,8,4,10,-17,3
KZ,Kazakhstan,,,,,,ChIJR6n87AcQqTgRGw6z5C-Ee18,2020-03-18,-11,10,0,11,-21,3
KZ,Kazakhstan,,,,,,ChIJR6n87AcQqTgRGw6z5C-Ee18,2020-03-19,-21,-2,0,-4,-29,8
KZ,Kazakhstan,,,,,,ChIJR6n87AcQqTgRGw6z5C-Ee18,2020-03-20,-22,-2,0,-7,-29,9
KZ,Kazakhstan,,,,,,ChIJR6n87AcQqTgRGw6z5C-Ee18,2020-03-21,-32,-9,-7,-10,-27,7
KZ,Kazakhstan,,,,,,ChIJR6n87AcQqTgRGw6z5C-Ee18,2020-03-22,-37,-17,-5,-18,-16,4
KZ,Kazakhstan,,,,,,ChIJR6n87AcQqTgRGw6z5C-Ee18,2020-03-23,-39,-24,-14,-31,-62,17
KZ,Kazakhstan,,,,,,ChIJR6n87AcQqTgRGw6z5C-Ee18,2020-03-24,-36,-21,-12,-29,-58,16
KZ,Kazakhstan,,,,,,ChIJR6n87AcQqTgRGw6z5C-Ee18,2020-03-25,-38,-23,-14,-31,-56,16
KZ,Kazakhstan,,,,,,ChIJR6n87AcQqTgRGw6z5C-Ee18,2020-03-26,-32,-16,-6,-21,-33,11
KZ,Kazakhstan,,,,,,ChIJR6n87AcQqTgRGw6z5C-Ee18,2020-03-27,-32,-13,-9,-24,-33,12
KZ,Kazakhstan,,,,,,ChIJR6n87AcQqTgRGw6z5C-Ee18,2020-03-28,-43,-21,-19,-31,-26,11
KZ,Kazakhstan,,,,,,ChIJR6n87AcQqTgRGw6z5C-Ee18,2020-03-29,-45,-24,-20,-32,-17,9
KZ,Kazakhstan,,,,,,ChIJR6n87AcQqTgRGw6z5C-Ee18,2020-03-30,-45,-27,-18,-36,-45,16
KZ,Kazakhstan,,,,,,ChIJR6n87AcQqTgRGw6z5C-Ee18,2020-03-31,-47,-28,-19,-37,-48,16
KZ,Kazakhstan,,,,,,ChIJR6n87AcQqTgRGw6z5C-Ee18,2020-04-01,-54,-36,-25,-44,-53,18
KZ,Kazakhstan,,,,,,ChIJR6n87AcQqTgRGw6z5C-Ee18,2020-04-02,-56,-37,-26,-46,-54,20
KZ,Kazakhstan,,,,,,ChIJR6n87AcQqTgRGw6z5C-Ee18,2020-04-03,-55,-35,-25,-45,-53,20
KZ,Kazakhstan,,,,,,ChIJR6n87AcQqTgRGw6z5C-Ee18,2020-04-04,-60,-38,-28,-44,-45,15
KZ,Kazakhstan,,,,,,ChIJR6n87AcQqTgRGw6z5C-Ee18,2020-04-05,-62,-43,-30,-47,-36,12
KZ,Kazakhstan,,,,,,ChIJR6n87AcQqTgRGw6z5C-Ee18,2020-04-06,-56,-36,-26,-43,-54,19
KZ,Kazakhstan,,,,,,ChIJR6n87AcQqTgRGw6z5C-Ee18,2020-04-07,-62,-44,-30,-49,-58,19
KZ,Kazakhstan,,,,,,ChIJR6n87AcQqTgRGw6z5C-Ee18,2020-04-08,-63,-45,-34,-52,-59,19
KZ,Kazakhstan,,,,,,ChIJR6n87AcQqTgRGw6z5C-Ee18,2020-04-09,-61,-44,-31,-50,-58,21
KZ,Kazakhstan,,,,,,ChIJR6n87AcQqTgRGw6z5C-Ee18,2020-04-10,-57,-36,-27,-47,-55,21
KZ,Kazakhstan,,,,,,ChIJR6n87AcQqTgRGw6z5C-Ee18,2020-04-11,-58,-36,-28,-43,-44,14
KZ,Kazakhstan,,,,,,ChIJR6n87AcQqTgRGw6z5C-Ee18,2020-04-12,-59,-37,-29,-43,-34,11
KZ,Kazakhstan,,,,,,ChIJR6n87AcQqTgRGw6z5C-Ee18,2020-04-13,-57,-38,-26,-48,-55,20
KZ,Kazakhstan,,,,,,ChIJR6n87AcQqTgRGw6z5C-Ee18,2020-04-14,-56,-35,-25,-46,-55,19
KZ,Kazakhstan,,,,,,ChIJR6n87AcQqTgRGw6z5C-Ee18,2020-04-15,-59,-38,-29,-49,-56,20
KZ,Kazakhstan,,,,,,ChIJR6n87AcQqTgRGw6z5C-Ee18,2020-04-16,-57,-36,-25,-47,-56,20
KZ,Kazakhstan,,,,,,ChIJR6n87AcQqTgRGw6z5C-Ee18,2020-04-17,-59,-37,-27,-50,-55,22
KZ,Kazakhstan,,,,,,ChIJR6n87AcQqTgRGw6z5C-Ee18,2020-04-18,-66,-45,-34,-52,-47,16
KZ,Kazakhstan,,,,,,ChIJR6n87AcQqTgRGw6z5C-Ee18,2020-04-19,-69,-53,-35,-53,-37,12
KZ,Kazakhstan,,,,,,ChIJR6n87AcQqTgRGw6z5C-Ee18,2020-04-20,-63,-48,-30,-53,-56,20
KZ,Kazakhstan,,,,,,ChIJR6n87AcQqTgRGw6z5C-Ee18,2020-04-21,-62,-45,-29,-50,-56,20
KZ,Kazakhstan,,,,,,ChIJR6n87AcQqTgRGw6z5C-Ee18,2020-04-22,-62,-44,-30,-51,-56,19
KZ,Kazakhstan,,,,,,ChIJR6n87AcQqTgRGw6z5C-Ee18,2020-04-23,-60,-41,-28,-49,-55,20
KZ,Kazakhstan,,,,,,ChIJR6n87AcQqTgRGw6z5C-Ee18,2020-04-24,-62,-44,-32,-52,-54,22
KZ,Kazakhstan,,,,,,ChIJR6n87AcQqTgRGw6z5C-Ee18,2020-04-25,-64,-44,-34,-51,-44,16
KZ,Kazakhstan,,,,,,ChIJR6n87AcQqTgRGw6z5C-Ee18,2020-04-26,-64,-46,-33,-51,-34,12
KZ,Kazakhstan,,,,,,ChIJR6n87AcQqTgRGw6z5C-Ee18,2020-04-27,-59,-41,-27,-48,-53,20
KZ,Kazakhstan,,,,,,ChIJR6n87AcQqTgRGw6z5C-Ee18,2020-04-28,-58,-40,-24,-45,-52,18
KZ,Kazakhstan,,,,,,ChIJR6n87AcQqTgRGw6z5C-Ee18,2020-04-29,-57,-40,-24,-45,-53,18
KZ,Kazakhstan,,,,,,ChIJR6n87AcQqTgRGw6z5C-Ee18,2020-04-30,-54,-37,-23,-44,-51,18
KZ,Kazakhstan,,,,,,ChIJR6n87AcQqTgRGw6z5C-Ee18,2020-05-01,-55,-36,-19,-46,-65,20
KZ,Kazakhstan,,,,,,ChIJR6n87AcQqTgRGw6z5C-Ee18,2020-05-02,-59,-41,-21,-44,-41,12
KZ,Kazakhstan,,,,,,ChIJR6n87AcQqTgRGw6z5C-Ee18,2020-05-03,-59,-41,-23,-45,-28,9
KZ,Kazakhstan,,,,,,ChIJR6n87AcQqTgRGw6z5C-Ee18,2020-05-04,-46,-29,-18,-39,-45,16
KZ,Kazakhstan,,,,,,ChIJR6n87AcQqTgRGw6z5C-Ee18,2020-05-05,-43,-25,-14,-33,-45,15
KZ,Kazakhstan,,,,,,ChIJR6n87AcQqTgRGw6z5C-Ee18,2020-05-06,-38,-18,-9,-28,-44,13
KZ,Kazakhstan,,,,,,ChIJR6n87AcQqTgRGw6z5C-Ee18,2020-05-07,-35,-13,-2,-26,-60,16
KZ,Kazakhstan,,,,,,ChIJR6n87AcQqTgRGw6z5C-Ee18,2020-05-08,-41,-20,-7,-32,-58,17
KZ,Kazakhstan,,,,,,ChIJR6n87AcQqTgRGw6z5C-Ee18,2020-05-09,-49,-29,-8,-32,-40,9
KZ,Kazakhstan,,,,,,ChIJR6n87AcQqTgRGw6z5C-Ee18,2020-05-10,-46,-28,-11,-30,-18,6
KZ,Kazakhstan,,,,,,ChIJR6n87AcQqTgRGw6z5C-Ee18,2020-05-11,-32,-15,0,-21,-37,12
KZ,Kazakhstan,,,,,,ChIJR6n87AcQqTgRGw6z5C-Ee18,2020-05-12,-29,-11,7,-14,-36,11
KZ,Kazakhstan,,,,,,ChIJR6n87AcQqTgRGw6z5C-Ee18,2020-05-13,-29,-13,5,-14,-36,9
KZ,Kazakhstan,,,,,,ChIJR6n87AcQqTgRGw6z5C-Ee18,2020-05-14,-30,-13,3,-15,-35,10
KZ,Kazakhstan,,,,,,ChIJR6n87AcQqTgRGw6z5C-Ee18,2020-05-15,-30,-12,2,-15,-32,9
KZ,Kazakhstan,,,,,,ChIJR6n87AcQqTgRGw6z5C-Ee18,2020-05-16,-30,-9,8,-8,-19,4
KZ,Kazakhstan,,,,,,ChIJR6n87AcQqTgRGw6z5C-Ee18,2020-05-17,-30,-11,8,-7,-8,2
KZ,Kazakhstan,,,,,,ChIJR6n87AcQqTgRGw6z5C-Ee18,2020-05-18,-26,-12,2,-12,-29,9
KZ,Kazakhstan,,,,,,ChIJR6n87AcQqTgRGw6z5C-Ee18,2020-05-19,-27,-13,0,-13,-30,9
KZ,Kazakhstan,,,,,,ChIJR6n87AcQqTgRGw6z5C-Ee18,2020-05-20,-25,-11,4,-8,-30,8
KZ,Kazakhstan,,,,,,ChIJR6n87AcQqTgRGw6z5C-Ee18,2020-05-21,-21,-7,10,-5,-29,8
KZ,Kazakhstan,,,,,,ChIJR6n87AcQqTgRGw6z5C-Ee18,2020-05-22,-21,-5,10,-5,-25,7
KZ,Kazakhstan,,,,,,ChIJR6n87AcQqTgRGw6z5C-Ee18,2020-05-23,-22,-3,15,-1,-13,3
KZ,Kazakhstan,,,,,,ChIJR6n87AcQqTgRGw6z5C-Ee18,2020-05-24,-22,-8,27,4,-3,-2
KZ,Kazakhstan,,,,,,ChIJR6n87AcQqTgRGw6z5C-Ee18,2020-05-25,-13,-5,21,-1,-25,5
KZ,Kazakhstan,,,,,,ChIJR6n87AcQqTgRGw6z5C-Ee18,2020-05-26,-13,-5,18,-1,-24,4
KZ,Kazakhstan,,,,,,ChIJR6n87AcQqTgRGw6z5C-Ee18,2020-05-27,-13,-5,15,-1,-25,4
KZ,Kazakhstan,,,,,,ChIJR6n87AcQqTgRGw6z5C-Ee18,2020-05-28,-10,-2,21,1,-23,4
KZ,Kazakhstan,,,,,,ChIJR6n87AcQqTgRGw6z5C-Ee18,2020-05-29,-10,-2,20,-1,-21,4
KZ,Kazakhstan,,,,,,ChIJR6n87AcQqTgRGw6z5C-Ee18,2020-05-30,-13,-2,23,3,-9,0
KZ,Kazakhstan,,,,,,ChIJR6n87AcQqTgRGw6z5C-Ee18,2020-05-31,-13,-3,22,3,5,-2
KZ,Kazakhstan,,,,,,ChIJR6n87AcQqTgRGw6z5C-Ee18,2020-06-01,1,4,36,6,-21,2
KZ,Kazakhstan,,,,,,ChIJR6n87AcQqTgRGw6z5C-Ee18,2020-06-02,-3,3,24,10,-21,2
KZ,Kazakhstan,,,,,,ChIJR6n87AcQqTgRGw6z5C-Ee18,2020-06-03,-2,4,24,11,-22,1
KZ,Kazakhstan,,,,,,ChIJR6n87AcQqTgRGw6z5C-Ee18,2020-06-04,-1,6,23,13,-22,2
KZ,Kazakhstan,,,,,,ChIJR6n87AcQqTgRGw6z5C-Ee18,2020-06-05,-2,7,19,12,-20,2
KZ,Kazakhstan,,,,,,ChIJR6n87AcQqTgRGw6z5C-Ee18,2020-06-06,-4,8,28,19,-9,-2
KZ,Kazakhstan,,,,,,ChIJR6n87AcQqTgRGw6z5C-Ee18,2020-06-07,-2,8,33,20,5,-5
KZ,Kazakhstan,,,,,,ChIJR6n87AcQqTgRGw6z5C-Ee18,2020-06-08,0,4,25,13,-21,2
KZ,Kazakhstan,,,,,,ChIJR6n87AcQqTgRGw6z5C-Ee18,2020-06-09,-1,6,25,15,-21,1
KZ,Kazakhstan,,,,,,ChIJR6n87AcQqTgRGw6z5C-Ee18,2020-06-10,0,7,26,15,-23,1
KZ,Kazakhstan,,,,,,ChIJR6n87AcQqTgRGw6z5C-Ee18,2020-06-11,3,9,32,18,-23,1
KZ,Kazakhstan,,,,,,ChIJR6n87AcQqTgRGw6z5C-Ee18,2020-06-12,1,9,33,16,-21,1
KZ,Kazakhstan,,,,,,ChIJR6n87AcQqTgRGw6z5C-Ee18,2020-06-13,-7,3,35,16,-10,-3
KZ,Kazakhstan,,,,,,ChIJR6n87AcQqTgRGw6z5C-Ee18,2020-06-14,-7,2,30,16,4,-4
KZ,Kazakhstan,,,,,,ChIJR6n87AcQqTgRGw6z5C-Ee18,2020-06-15,-3,3,21,12,-23,3
KZ,Kazakhstan,,,,,,ChIJR6n87AcQqTgRGw6z5C-Ee18,2020-06-16,-5,4,19,13,-24,3
KZ,Kazakhstan,,,,,,ChIJR6n87AcQqTgRGw6z5C-Ee18,2020-06-17,-5,3,23,12,-26,3
KZ,Kazakhstan,,,,,,ChIJR6n87AcQqTgRGw6z5C-Ee18,2020-06-18,-5,3,19,13,-26,4
KZ,Kazakhstan,,,,,,ChIJR6n87AcQqTgRGw6z5C-Ee18,2020-06-19,-3,9,19,14,-25,3
KZ,Kazakhstan,,,,,,ChIJR6n87AcQqTgRGw6z5C-Ee18,2020-06-20,-35,-22,4,-7,-22,4
KZ,Kazakhstan,,,,,,ChIJR6n87AcQqTgRGw6z5C-Ee18,2020-06-21,-36,-24,3,-7,-9,1
KZ,Kazakhstan,,,,,,ChIJR6n87AcQqTgRGw6z5C-Ee18,2020-06-22,-8,2,18,9,-28,5
KZ,Kazakhstan,,,,,,ChIJR6n87AcQqTgRGw6z5C-Ee18,2020-06-23,-10,1,15,8,-29,5
KZ,Kazakhstan,,,,,,ChIJR6n87AcQqTgRGw6z5C-Ee18,2020-06-24,-13,-2,13,6,-31,5
KZ,Kazakhstan,,,,,,ChIJR6n87AcQqTgRGw6z5C-Ee18,2020-06-25,-12,1,14,6,-31,6
KZ,Kazakhstan,,,,,,ChIJR6n87AcQqTgRGw6z5C-Ee18,2020-06-26,-13,3,10,5,-30,6
KZ,Kazakhstan,,,,,,ChIJR6n87AcQqTgRGw6z5C-Ee18,2020-06-27,-50,-39,-12,-20,-32,9
KZ,Kazakhstan,,,,,,ChIJR6n87AcQqTgRGw6z5C-Ee18,2020-06-28,-51,-40,-13,-20,-21,6
KZ,Kazakhstan,,,,,,ChIJR6n87AcQqTgRGw6z5C-Ee18,2020-06-29,-11,3,8,6,-31,7
KZ,Kazakhstan,,,,,,ChIJR6n87AcQqTgRGw6z5C-Ee18,2020-06-30,-12,3,9,12,-32,6
KZ,Kazakhstan,,,,,,ChIJR6n87AcQqTgRGw6z5C-Ee18,2020-07-01,-15,0,8,9,-34,6
KZ,Kazakhstan,,,,,,ChIJR6n87AcQqTgRGw6z5C-Ee18,2020-07-02,-12,4,7,11,-34,7
KZ,Kazakhstan,,,,,,ChIJR6n87AcQqTgRGw6z5C-Ee18,2020-07-03,-8,9,10,13,-32,6
KZ,Kazakhstan,,,,,,ChIJR6n87AcQqTgRGw6z5C-Ee18,2020-07-04,-21,-4,7,5,-21,3
KZ,Kazakhstan,,,,,,ChIJR6n87AcQqTgRGw6z5C-Ee18,2020-07-05,-43,-25,1,-11,-16,3
KZ,Kazakhstan,,,,,,ChIJR6n87AcQqTgRGw6z5C-Ee18,2020-07-06,-39,-21,4,-17,-60,15
KZ,Kazakhstan,,,,,,ChIJR6n87AcQqTgRGw6z5C-Ee18,2020-07-07,-28,-9,11,0,-39,9
KZ,Kazakhstan,,,,,,ChIJR6n87AcQqTgRGw6z5C-Ee18,2020-07-08,-29,-11,10,-3,-41,8
KZ,Kazakhstan,,,,,,ChIJR6n87AcQqTgRGw6z5C-Ee18,2020-07-09,-27,-9,14,-1,-40,9
KZ,Kazakhstan,,,,,,ChIJR6n87AcQqTgRGw6z5C-Ee18,2020-07-10,-26,-6,11,-2,-39,9
KZ,Kazakhstan,,,,,,ChIJR6n87AcQqTgRGw6z5C-Ee18,2020-07-11,-40,-19,10,-11,-30,5
KZ,Kazakhstan,,,,,,ChIJR6n87AcQqTgRGw6z5C-Ee18,2020-07-12,-42,-24,8,-12,-18,2
KZ,Kazakhstan,,,,,,ChIJR6n87AcQqTgRGw6z5C-Ee18,2020-07-13,-25,-7,15,-2,-39,8
KZ,Kazakhstan,,,,,,ChIJR6n87AcQqTgRGw6z5C-Ee18,2020-07-14,-25,-7,17,2,-39,8
KZ,Kazakhstan,,,,,,ChIJR6n87AcQqTgRGw6z5C-Ee18,2020-07-15,-26,-8,14,2,-40,7
KZ,Kazakhstan,,,,,,ChIJR6n87AcQqTgRGw6z5C-Ee18,2020-07-16,-25,-7,17,2,-39,8
KZ,Kazakhstan,,,,,,ChIJR6n87AcQqTgRGw6z5C-Ee18,2020-07-17,-26,-6,18,1,-37,7
KZ,Kazakhstan,,,,,,ChIJR6n87AcQqTgRGw6z5C-Ee18,2020-07-18,-40,-20,16,-9,-29,4
KZ,Kazakhstan,,,,,,ChIJR6n87AcQqTgRGw6z5C-Ee18,2020-07-19,-41,-23,14,-10,-17,1
KZ,Kazakhstan,,,,,,ChIJR6n87AcQqTgRGw6z5C-Ee18,2020-07-20,-23,-6,19,3,-37,7
KZ,Kazakhstan,,,,,,ChIJR6n87AcQqTgRGw6z5C-Ee18,2020-07-21,-23,-5,15,5,-37,7
KZ,Kazakhstan,,,,,,ChIJR6n87AcQqTgRGw6z5C-Ee18,2020-07-22,-24,-6,14,3,-38,6
KZ,Kazakhstan,,,,,,ChIJR6n87AcQqTgRGw6z5C-Ee18,2020-07-23,-23,-5,19,5,-37,7
KZ,Kazakhstan,,,,,,ChIJR6n87AcQqTgRGw6z5C-Ee18,2020-07-24,-24,-6,15,0,-36,7
KZ,Kazakhstan,,,,,,ChIJR6n87AcQqTgRGw6z5C-Ee18,2020-07-25,-38,-19,9,-7,-28,4
KZ,Kazakhstan,,,,,,ChIJR6n87AcQqTgRGw6z5C-Ee18,2020-07-26,-39,-22,10,-8,-16,1
KZ,Kazakhstan,,,,,,ChIJR6n87AcQqTgRGw6z5C-Ee18,2020-07-27,-21,-5,18,3,-36,7
KZ,Kazakhstan,,,,,,ChIJR6n87AcQqTgRGw6z5C-Ee18,2020-07-28,-23,-6,16,5,-36,7
KZ,Kazakhstan,,,,,,ChIJR6n87AcQqTgRGw6z5C-Ee18,2020-07-29,-24,-7,14,4,-37,6
KZ,Kazakhstan,,,,,,ChIJR6n87AcQqTgRGw6z5C-Ee18,2020-07-30,-19,0,21,10,-36,5
KZ,Kazakhstan,,,,,,ChIJR6n87AcQqTgRGw6z5C-Ee18,2020-07-31,-34,-13,19,-6,-58,11
KZ,Kazakhstan,,,,,,ChIJR6n87AcQqTgRGw6z5C-Ee18,2020-08-01,-41,-22,17,-8,-32,3
KZ,Kazakhstan,,,,,,ChIJR6n87AcQqTgRGw6z5C-Ee18,2020-08-02,-39,-22,14,-5,-17,0
KZ,Kazakhstan,,,,,,ChIJR6n87AcQqTgRGw6z5C-Ee18,2020-08-03,-19,-3,21,7,-35,5
KZ,Kazakhstan,,,,,,ChIJR6n87AcQqTgRGw6z5C-Ee18,2020-08-04,-18,0,24,12,-35,5
KZ,Kazakhstan,,,,,,ChIJR6n87AcQqTgRGw6z5C-Ee18,2020-08-05,-18,1,24,13,-35,4
KZ,Kazakhstan,,,,,,ChIJR6n87AcQqTgRGw6z5C-Ee18,2020-08-06,-16,4,29,15,-35,4
KZ,Kazakhstan,,,,,,ChIJR6n87AcQqTgRGw6z5C-Ee18,2020-08-07,-15,6,33,16,-32,2
KZ,Kazakhstan,,,,,,ChIJR6n87AcQqTgRGw6z5C-Ee18,2020-08-08,-30,-9,29,6,-26,0
KZ,Kazakhstan,,,,,,ChIJR6n87AcQqTgRGw6z5C-Ee18,2020-08-09,-32,-13,21,3,-15,-2
KZ,Kazakhstan,,,,,,ChIJR6n87AcQqTgRGw6z5C-Ee18,2020-08-10,-13,5,29,15,-33,4
KZ,Kazakhstan,,,,,,ChIJR6n87AcQqTgRGw6z5C-Ee18,2020-08-11,-15,4,25,18,-33,4
KZ,Kazakhstan,,,,,,ChIJR6n87AcQqTgRGw6z5C-Ee18,2020-08-12,-16,2,25,16,-34,3
KZ,Kazakhstan,,,,,,ChIJR6n87AcQqTgRGw6z5C-Ee18,2020-08-13,-16,2,23,16,-34,4
KZ,Kazakhstan,,,,,,ChIJR6n87AcQqTgRGw6z5C-Ee18,2020-08-14,-15,4,29,18,-31,3
KZ,Kazakhstan,,,,,,ChIJR6n87AcQqTgRGw6z5C-Ee18,2020-08-15,-29,-9,29,9,-24,0
KZ,Kazakhstan,,,,,,ChIJR6n87AcQqTgRGw6z5C-Ee18,2020-08-16,-32,-14,22,6,-12,-2
KZ,Kazakhstan,,,,,,ChIJR6n87AcQqTgRGw6z5C-Ee18,2020-08-17,-1,11,29,23,-28,2
KZ,Kazakhstan,,,,,,ChIJR6n87AcQqTgRGw6z5C-Ee18,2020-08-18,-4,7,20,22,-28,2
KZ,Kazakhstan,,,,,,ChIJR6n87AcQqTgRGw6z5C-Ee18,2020-08-19,-4,7,21,22,-28,1
KZ,Kazakhstan,,,,,,ChIJR6n87AcQqTgRGw6z5C-Ee18,2020-08-20,-3,8,25,25,-28,1
KZ,Kazakhstan,,,,,,ChIJR6n87AcQqTgRGw6z5C-Ee18,2020-08-21,-2,9,27,25,-26,0
KZ,Kazakhstan,,,,,,ChIJR6n87AcQqTgRGw6z5C-Ee18,2020-08-22,-31,-13,21,9,-24,0
KZ,Kazakhstan,,,,,,ChIJR6n87AcQqTgRGw6z5C-Ee18,2020-08-23,-33,-17,23,8,-13,-2
KZ,Kazakhstan,,,,,,ChIJR6n87AcQqTgRGw6z5C-Ee18,2020-08-24,1,8,27,25,-26,1
KZ,Kazakhstan,,,,,,ChIJR6n87AcQqTgRGw6z5C-Ee18,2020-08-25,-2,6,24,27,-27,1
KZ,Kazakhstan,,,,,,ChIJR6n87AcQqTgRGw6z5C-Ee18,2020-08-26,-4,4,23,24,-27,0
KZ,Kazakhstan,,,,,,ChIJR6n87AcQqTgRGw6z5C-Ee18,2020-08-27,-3,6,24,26,-26,1
KZ,Kazakhstan,,,,,,ChIJR6n87AcQqTgRGw6z5C-Ee18,2020-08-28,1,12,31,29,-24,-1
KZ,Kazakhstan,,,,,,ChIJR6n87AcQqTgRGw6z5C-Ee18,2020-08-29,-27,-9,28,14,-22,-2
KZ,Kazakhstan,,,,,,ChIJR6n87AcQqTgRGw6z5C-Ee18,2020-08-30,-29,-14,33,12,-12,-4
KZ,Kazakhstan,,,,,,ChIJR6n87AcQqTgRGw6z5C-Ee18,2020-08-31,-13,-1,31,9,-54,6
KZ,Kazakhstan,,,,,,ChIJR6n87AcQqTgRGw6z5C-Ee18,2020-09-01,1,8,29,28,-26,0
KZ,Kazakhstan,,,,,,ChIJR6n87AcQqTgRGw6z5C-Ee18,2020-09-02,-7,2,22,22,-27,1
KZ,Kazakhstan,,,,,,ChIJR6n87AcQqTgRGw6z5C-Ee18,2020-09-03,-8,2,13,20,-28,3
KZ,Kazakhstan,,,,,,ChIJR6n87AcQqTgRGw6z5C-Ee18,2020-09-04,-4,7,17,23,-25,1
KZ,Kazakhstan,,,,,,ChIJR6n87AcQqTgRGw6z5C-Ee18,2020-09-05,-25,-6,16,18,-21,0
KZ,Kazakhstan,,,,,,ChIJR6n87AcQqTgRGw6z5C-Ee18,2020-09-06,-28,-11,13,14,-11,-1
KZ,Kazakhstan,,,,,,ChIJR6n87AcQqTgRGw6z5C-Ee18,2020-09-07,-2,7,14,22,-27,2
KZ,Kazakhstan,,,,,,ChIJR6n87AcQqTgRGw6z5C-Ee18,2020-09-08,-4,7,16,26,-27,2
KZ,Kazakhstan,,,,,,ChIJR6n87AcQqTgRGw6z5C-Ee18,2020-09-09,-7,3,16,24,-27,1
KZ,Kazakhstan,,,,,,ChIJR6n87AcQqTgRGw6z5C-Ee18,2020-09-10,-3,6,21,26,-28,1
KZ,Kazakhstan,,,,,,ChIJR6n87AcQqTgRGw6z5C-Ee18,2020-09-11,-1,10,25,30,-26,0
KZ,Kazakhstan,,,,,,ChIJR6n87AcQqTgRGw6z5C-Ee18,2020-09-12,-22,-5,27,25,-22,-2
KZ,Kazakhstan,,,,,,ChIJR6n87AcQqTgRGw6z5C-Ee18,2020-09-13,-24,-10,29,22,-11,-4
KZ,Kazakhstan,,,,,,ChIJR6n87AcQqTgRGw6z5C-Ee18,2020-09-14,-3,5,22,25,-24,1
KZ,Kazakhstan,,,,,,ChIJR6n87AcQqTgRGw6z5C-Ee18,2020-09-15,-6,2,15,27,-25,2
KZ,Kazakhstan,,,,,,ChIJR6n87AcQqTgRGw6z5C-Ee18,2020-09-16,-9,-1,11,24,-26,2
KZ,Kazakhstan,,,,,,ChIJR6n87AcQqTgRGw6z5C-Ee18,2020-09-17,-10,-1,7,22,-27,3
KZ,Kazakhstan,,,,,,ChIJR6n87AcQqTgRGw6z5C-Ee18,2020-09-18,-7,4,12,25,-24,2
KZ,Kazakhstan,,,,,,ChIJR6n87AcQqTgRGw6z5C-Ee18,2020-09-19,-23,-6,17,23,-18,0
KZ,Kazakhstan,,,,,,ChIJR6n87AcQqTgRGw6z5C-Ee18,2020-09-20,-26,-12,20,20,-9,-1
KZ,Kazakhstan,,,,,,ChIJR6n87AcQqTgRGw6z5C-Ee18,2020-09-21,-7,1,11,21,-25,3
KZ,Kazakhstan,,,,,,ChIJR6n87AcQqTgRGw6z5C-Ee18,2020-09-22,-13,-2,2,22,-26,3
KZ,Kazakhstan,,,,,,ChIJR6n87AcQqTgRGw6z5C-Ee18,2020-09-23,-19,-4,-7,17,-28,3
KZ,Kazakhstan,,,,,,ChIJR6n87AcQqTgRGw6z5C-Ee18,2020-09-24,-17,-3,-4,18,-27,3
KZ,Kazakhstan,,,,,,ChIJR6n87AcQqTgRGw6z5C-Ee18,2020-09-25,-15,1,-2,21,-25,3
KZ,Kazakhstan,,,,,,ChIJR6n87AcQqTgRGw6z5C-Ee18,2020-09-26,-28,-8,3,20,-21,0
KZ,Kazakhstan,,,,,,ChIJR6n87AcQqTgRGw6z5C-Ee18,2020-09-27,-33,-14,4,15,-15,0
KZ,Kazakhstan,,,,,,ChIJR6n87AcQqTgRGw6z5C-Ee18,2020-09-28,-15,-1,-2,17,-25,3
KZ,Kazakhstan,,,,,,ChIJR6n87AcQqTgRGw6z5C-Ee18,2020-09-29,-17,-3,-5,20,-26,3
KZ,Kazakhstan,,,,,,ChIJR6n87AcQqTgRGw6z5C-Ee18,2020-09-30,-17,-2,-7,21,-28,1
KZ,Kazakhstan,,,,,,ChIJR6n87AcQqTgRGw6z5C-Ee18,2020-10-01,-16,1,-5,23,-28,0
KZ,Kazakhstan,,,,,,ChIJR6n87AcQqTgRGw6z5C-Ee18,2020-10-02,-14,3,-3,39,-26,-1
KZ,Kazakhstan,,,,,,ChIJR6n87AcQqTgRGw6z5C-Ee18,2020-10-03,-26,-5,8,41,-25,-3
KZ,Kazakhstan,,,,,,ChIJR6n87AcQqTgRGw6z5C-Ee18,2020-10-04,-31,-11,1,32,-20,-3
KZ,Kazakhstan,,,,,,ChIJR6n87AcQqTgRGw6z5C-Ee18,2020-10-05,-16,0,-9,34,-29,1
KZ,Kazakhstan,,,,,,ChIJR6n87AcQqTgRGw6z5C-Ee18,2020-10-06,-18,-2,-14,35,-29,1
KZ,Kazakhstan,,,,,,ChIJR6n87AcQqTgRGw6z5C-Ee18,2020-10-07,-18,-2,-13,35,-28,0
KZ,Kazakhstan,,,,,,ChIJR6n87AcQqTgRGw6z5C-Ee18,2020-10-08,-16,0,-8,36,-27,2
KZ,Kazakhstan,,,,,,ChIJR6n87AcQqTgRGw6z5C-Ee18,2020-10-09,-13,4,-7,39,-23,1
KZ,Kazakhstan,,,,,,ChIJR6n87AcQqTgRGw6z5C-Ee18,2020-10-10,-26,-3,-2,40,-20,0
KZ,Kazakhstan,,,,,,ChIJR6n87AcQqTgRGw6z5C-Ee18,2020-10-11,-29,-9,2,35,-15,-1
KZ,Kazakhstan,,,,,,ChIJR6n87AcQqTgRGw6z5C-Ee18,2020-10-12,-15,2,-6,38,-25,3
KZ,Kazakhstan,,,,,,ChIJR6n87AcQqTgRGw6z5C-Ee18,2020-10-13,-16,1,-3,44,-26,2
KZ,Kazakhstan,,,,,,ChIJR6n87AcQqTgRGw6z5C-Ee18,2020-10-14,-17,0,-6,43,-26,2
KZ,Kazakhstan,,,,,,ChIJR6n87AcQqTgRGw6z5C-Ee18,2020-10-15,-16,2,-5,42,-26,3
KZ,Kazakhstan,,,,,,ChIJR6n87AcQqTgRGw6z5C-Ee18,2020-10-16,-14,5,-3,44,-23,2
KZ,Kazakhstan,,,,,,ChIJR6n87AcQqTgRGw6z5C-Ee18,2020-10-17,-29,-6,3,41,-22,0
KZ,Kazakhstan,,,,,,ChIJR6n87AcQqTgRGw6z5C-Ee18,2020-10-18,-33,-13,1,29,-17,-1
KZ,Kazakhstan,,,,,,ChIJR6n87AcQqTgRGw6z5C-Ee18,2020-10-19,-17,0,-10,36,-25,4
KZ,Kazakhstan,,,,,,ChIJR6n87AcQqTgRGw6z5C-Ee18,2020-10-20,-18,-1,-6,40,-25,3
KZ,Kazakhstan,,,,,,ChIJR6n87AcQqTgRGw6z5C-Ee18,2020-10-21,-19,-1,-7,39,-25,3
KZ,Kazakhstan,,,,,,ChIJR6n87AcQqTgRGw6z5C-Ee18,2020-10-22,-18,-1,-9,36,-24,3
KZ,Kazakhstan,,,,,,ChIJR6n87AcQqTgRGw6z5C-Ee18,2020-10-23,-18,1,-11,34,-21,3
KZ,Kazakhstan,,,,,,ChIJR6n87AcQqTgRGw6z5C-Ee18,2020-10-24,-29,-6,-9,34,-19,2
KZ,Kazakhstan,,,,,,ChIJR6n87AcQqTgRGw6z5C-Ee18,2020-10-25,-36,-14,-9,22,-16,1
KZ,Kazakhstan,,,,,,ChIJR6n87AcQqTgRGw6z5C-Ee18,2020-10-26,-19,-1,-11,31,-23,4
KZ,Kazakhstan,,,,,,ChIJR6n87AcQqTgRGw6z5C-Ee18,2020-10-27,-20,-3,-13,35,-24,4
KZ,Kazakhstan,,,,,,ChIJR6n87AcQqTgRGw6z5C-Ee18,2020-10-28,-24,-7,-22,31,-25,4
KZ,Kazakhstan,,,,,,ChIJR6n87AcQqTgRGw6z5C-Ee18,2020-10-29,-20,-4,-21,35,-25,4
KZ,Kazakhstan,,,,,,ChIJR6n87AcQqTgRGw6z5C-Ee18,2020-10-30,-18,0,-18,38,-22,2
KZ,Kazakhstan,,,,,,ChIJR6n87AcQqTgRGw6z5C-Ee18,2020-10-31,-27,-6,-14,36,-18,0
KZ,Kazakhstan,,,,,,ChIJR6n87AcQqTgRGw6z5C-Ee18,2020-11-01,-36,-15,-9,26,-18,0
KZ,Kazakhstan,,,,,,ChIJR6n87AcQqTgRGw6z5C-Ee18,2020-11-02,-20,-4,-21,32,-25,3
KZ,Kazakhstan,,,,,,ChIJR6n87AcQqTgRGw6z5C-Ee18,2020-11-03,-19,-2,-20,38,-25,3
KZ,Kazakhstan,,,,,,ChIJR6n87AcQqTgRGw6z5C-Ee18,2020-11-04,-20,-2,-20,35,-26,2
KZ,Kazakhstan,,,,,,ChIJR6n87AcQqTgRGw6z5C-Ee18,2020-11-05,-17,2,-15,37,-26,2
KZ,Kazakhstan,,,,,,ChIJR6n87AcQqTgRGw6z5C-Ee18,2020-11-06,-15,5,-12,38,-24,1
KZ,Kazakhstan,,,,,,ChIJR6n87AcQqTgRGw6z5C-Ee18,2020-11-07,-26,-4,-10,35,-21,-1
KZ,Kazakhstan,,,,,,ChIJR6n87AcQqTgRGw6z5C-Ee18,2020-11-08,-36,-15,-13,24,-20,0
KZ,Kazakhstan,,,,,,ChIJR6n87AcQqTgRGw6z5C-Ee18,2020-11-09,-20,-3,-22,26,-27,3
KZ,Kazakhstan,,,,,,ChIJR6n87AcQqTgRGw6z5C-Ee18,2020-11-10,-17,1,-18,37,-27,2
KZ,Kazakhstan,,,,,,ChIJR6n87AcQqTgRGw6z5C-Ee18,2020-11-11,-19,-1,-20,34,-27,2
KZ,Kazakhstan,,,,,,ChIJR6n87AcQqTgRGw6z5C-Ee18,2020-11-12,-19,-1,-21,35,-27,2
KZ,Kazakhstan,,,,,,ChIJR6n87AcQqTgRGw6z5C-Ee18,2020-11-13,-18,1,-20,35,-24,2
KZ,Kazakhstan,,,,,,ChIJR6n87AcQqTgRGw6z5C-Ee18,2020-11-14,-30,-9,-23,27,-22,2
KZ,Kazakhstan,,,,,,ChIJR6n87AcQqTgRGw6z5C-Ee18,2020-11-15,-37,-18,-27,17,-20,2
KZ,Kazakhstan,,,,,,ChIJR6n87AcQqTgRGw6z5C-Ee18,2020-11-16,-21,-4,-24,28,-25,4
KZ,Kazakhstan,,,,,,ChIJR6n87AcQqTgRGw6z5C-Ee18,2020-11-17,-23,-6,-26,28,-26,4
KZ,Kazakhstan,,,,,,ChIJR6n87AcQqTgRGw6z5C-Ee18,2020-11-18,-25,-8,-28,26,-26,4
KZ,Kazakhstan,,,,,,ChIJR6n87AcQqTgRGw6z5C-Ee18,2020-11-19,-24,-7,-26,27,-26,5
KZ,Kazakhstan,,,,,,ChIJR6n87AcQqTgRGw6z5C-Ee18,2020-11-20,-22,-3,-24,29,-23,4
KZ,Kazakhstan,,,,,,ChIJR6n87AcQqTgRGw6z5C-Ee18,2020-11-21,-34,-14,-28,20,-22,3
KZ,Kazakhstan,,,,,,ChIJR6n87AcQqTgRGw6z5C-Ee18,2020-11-22,-41,-21,-30,11,-21,3
KZ,Kazakhstan,,,,,,ChIJR6n87AcQqTgRGw6z5C-Ee18,2020-11-23,-24,-7,-26,23,-25,5
KZ,Kazakhstan,,,,,,ChIJR6n87AcQqTgRGw6z5C-Ee18,2020-11-24,-24,-8,-25,28,-25,5
KZ,Kazakhstan,,,,,,ChIJR6n87AcQqTgRGw6z5C-Ee18,2020-11-25,-25,-8,-26,26,-25,4
KZ,Kazakhstan,,,,,,ChIJR6n87AcQqTgRGw6z5C-Ee18,2020-11-26,-23,-6,-24,29,-25,4
KZ,Kazakhstan,,,,,,ChIJR6n87AcQqTgRGw6z5C-Ee18,2020-11-27,-19,-2,-21,31,-21,3
KZ,Kazakhstan,,,,,,ChIJR6n87AcQqTgRGw6z5C-Ee18,2020-11-28,-31,-12,-28,23,-20,3
KZ,Kazakhstan,,,,,,ChIJR6n87AcQqTgRGw6z5C-Ee18,2020-11-29,-40,-22,-28,12,-20,3
KZ,Kazakhstan,,,,,,ChIJR6n87AcQqTgRGw6z5C-Ee18,2020-11-30,-21,-4,-26,25,-24,4
KZ,Kazakhstan,,,,,,ChIJR6n87AcQqTgRGw6z5C-Ee18,2020-12-01,-31,-14,-32,10,-58,13
KZ,Kazakhstan,,,,,,ChIJR6n87AcQqTgRGw6z5C-Ee18,2020-12-02,-26,-9,-28,25,-24,4
KZ,Kazakhstan,,,,,,ChIJR6n87AcQqTgRGw6z5C-Ee18,2020-12-03,-23,-5,-24,29,-24,5
KZ,Kazakhstan,,,,,,ChIJR6n87AcQqTgRGw6z5C-Ee18,2020-12-04,-21,0,-24,29,-21,4
KZ,Kazakhstan,,,,,,ChIJR6n87AcQqTgRGw6z5C-Ee18,2020-12-05,-29,-7,-27,24,-18,3
KZ,Kazakhstan,,,,,,ChIJR6n87AcQqTgRGw6z5C-Ee18,2020-12-06,-39,-19,-30,12,-19,3
KZ,Kazakhstan,,,,,,ChIJR6n87AcQqTgRGw6z5C-Ee18,2020-12-07,-22,-4,-27,24,-24,4
KZ,Kazakhstan,,,,,,ChIJR6n87AcQqTgRGw6z5C-Ee18,2020-12-08,-22,-5,-26,28,-23,4
KZ,Kazakhstan,,,,,,ChIJR6n87AcQqTgRGw6z5C-Ee18,2020-12-09,-23,-5,-22,30,-24,4
KZ,Kazakhstan,,,,,,ChIJR6n87AcQqTgRGw6z5C-Ee18,2020-12-10,-20,0,-16,34,-24,5
KZ,Kazakhstan,,,,,,ChIJR6n87AcQqTgRGw6z5C-Ee18,2020-12-11,-19,2,-14,35,-22,4
KZ,Kazakhstan,,,,,,ChIJR6n87AcQqTgRGw6z5C-Ee18,2020-12-12,-26,-5,-18,33,-17,3
KZ,Kazakhstan,,,,,,ChIJR6n87AcQqTgRGw6z5C-Ee18,2020-12-13,-36,-15,-19,22,-17,3
KZ,Kazakhstan,,,,,,ChIJR6n87AcQqTgRGw6z5C-Ee18,2020-12-14,-20,-2,-18,28,-24,5
KZ,Kazakhstan,,,,,,ChIJR6n87AcQqTgRGw6z5C-Ee18,2020-12-15,-15,3,-14,41,-25,3
KZ,Kazakhstan,,,,,,ChIJR6n87AcQqTgRGw6z5C-Ee18,2020-12-16,-22,-4,-20,22,-58,10
KZ,Kazakhstan,,,,,,ChIJR6n87AcQqTgRGw6z5C-Ee18,2020-12-17,-23,-7,-19,20,-57,10
KZ,Kazakhstan,,,,,,ChIJR6n87AcQqTgRGw6z5C-Ee18,2020-12-18,-25,-8,-19,18,-53,11
KZ,Kazakhstan,,,,,,ChIJR6n87AcQqTgRGw6z5C-Ee18,2020-12-19,-32,-13,-20,25,-20,4
KZ,Kazakhstan,,,,,,ChIJR6n87AcQqTgRGw6z5C-Ee18,2020-12-20,-29,-10,-12,43,74,-3
KZ,Kazakhstan,,,,,,ChIJR6n87AcQqTgRGw6z5C-Ee18,2020-12-21,-22,-5,-20,26,-25,6
KZ,Kazakhstan,,,,,,ChIJR6n87AcQqTgRGw6z5C-Ee18,2020-12-22,-21,-4,-17,32,-25,5
KZ,Kazakhstan,,,,,,ChIJR6n87AcQqTgRGw6z5C-Ee18,2020-12-23,-20,-3,-18,31,-24,4
KZ,Kazakhstan,,,,,,ChIJR6n87AcQqTgRGw6z5C-Ee18,2020-12-24,-16,1,-13,35,-24,4
KZ,Kazakhstan,,,,,,ChIJR6n87AcQqTgRGw6z5C-Ee18,2020-12-25,-16,3,-12,36,-21,4
KZ,Kazakhstan,,,,,,ChIJR6n87AcQqTgRGw6z5C-Ee18,2020-12-26,-21,2,-15,38,-13,2
KZ,Kazakhstan,,,,,,ChIJR6n87AcQqTgRGw6z5C-Ee18,2020-12-27,-27,-4,-16,34,-9,2
KZ,Kazakhstan,,,,,,ChIJR6n87AcQqTgRGw6z5C-Ee18,2020-12-28,-13,6,-16,34,-24,4
KZ,Kazakhstan,,,,,,ChIJR6n87AcQqTgRGw6z5C-Ee18,2020-12-29,-7,16,-10,46,-25,3
KZ,Kazakhstan,,,,,,ChIJR6n87AcQqTgRGw6z5C-Ee18,2020-12-30,-3,28,-11,48,-29,2
KZ,Kazakhstan,,,,,,ChIJR6n87AcQqTgRGw6z5C-Ee18,2020-12-31,-16,18,-11,29,-49,8
KZ,Kazakhstan,,,,,,ChIJR6n87AcQqTgRGw6z5C-Ee18,2021-01-01,-60,-51,-21,-20,-80,16
KZ,Kazakhstan,,,,,,ChIJR6n87AcQqTgRGw6z5C-Ee18,2021-01-02,-52,-42,-26,-9,-57,9
KZ,Kazakhstan,,,,,,ChIJR6n87AcQqTgRGw6z5C-Ee18,2021-01-03,-46,-34,-22,4,-31,5
KZ,Kazakhstan,,,,,,ChIJR6n87AcQqTgRGw6z5C-Ee18,2021-01-04,-33,-22,-29,2,-61,15
KZ,Kazakhstan,,,,,,ChIJR6n87AcQqTgRGw6z5C-Ee18,2021-01-05,-29,-14,-23,20,-32,7
KZ,Kazakhstan,,,,,,ChIJR6n87AcQqTgRGw6z5C-Ee18,2021-01-06,-25,-6,-22,26,-31,6
KZ,Kazakhstan,,,,,,ChIJR6n87AcQqTgRGw6z5C-Ee18,2021-01-07,-29,-13,-27,13,-59,14
KZ,Kazakhstan,,,,,,ChIJR6n87AcQqTgRGw6z5C-Ee18,2021-01-08,-26,-8,-22,23,-28,6
KZ,Kazakhstan,,,,,,ChIJR6n87AcQqTgRGw6z5C-Ee18,2021-01-09,-29,-9,-24,27,-19,3
KZ,Kazakhstan,,,,,,ChIJR6n87AcQqTgRGw6z5C-Ee18,2021-01-10,-32,-12,-15,32,-10,0
KZ,Kazakhstan,,,,,,ChIJR6n87AcQqTgRGw6z5C-Ee18,2021-01-11,-21,-3,-21,32,-26,4
KZ,Kazakhstan,,,,,,ChIJR6n87AcQqTgRGw6z5C-Ee18,2021-01-12,-25,-8,-23,32,-26,3
KZ,Kazakhstan,,,,,,ChIJR6n87AcQqTgRGw6z5C-Ee18,2021-01-13,-30,-12,-28,26,-28,2
KZ,Kazakhstan,,,,,,ChIJR6n87AcQqTgRGw6z5C-Ee18,2021-01-14,-32,-17,-30,21,-31,2
KZ,Kazakhstan,,,,,,ChIJR6n87AcQqTgRGw6z5C-Ee18,2021-01-15,-31,-15,-29,21,-30,1
KZ,Kazakhstan,,,,,,ChIJR6n87AcQqTgRGw6z5C-Ee18,2021-01-16,-34,-17,-24,23,-26,0
KZ,Kazakhstan,,,,,,ChIJR6n87AcQqTgRGw6z5C-Ee18,2021-01-17,-40,-23,-22,16,-24,0
KZ,Kazakhstan,,,,,,ChIJR6n87AcQqTgRGw6z5C-Ee18,2021-01-18,-30,-14,-27,22,-30,2
KZ,Kazakhstan,,,,,,ChIJR6n87AcQqTgRGw6z5C-Ee18,2021-01-19,-30,-15,-25,25,-31,1
KZ,Kazakhstan,,,,,,ChIJR6n87AcQqTgRGw6z5C-Ee18,2021-01-20,-32,-15,-28,24,-30,1
KZ,Kazakhstan,,,,,,ChIJR6n87AcQqTgRGw6z5C-Ee18,2021-01-21,-30,-14,-26,26,-30,2
KZ,Kazakhstan,,,,,,ChIJR6n87AcQqTgRGw6z5C-Ee18,2021-01-22,-32,-16,-30,21,-28,2
KZ,Kazakhstan,,,,,,ChIJR6n87AcQqTgRGw6z5C-Ee18,2021-01-23,-40,-22,-31,17,-26,2
KZ,Kazakhstan,,,,,,ChIJR6n87AcQqTgRGw6z5C-Ee18,2021-01-24,-46,-29,-32,9,-26,3
KZ,Kazakhstan,,,,,,ChIJR6n87AcQqTgRGw6z5C-Ee18,2021-01-25,-31,-14,-29,21,-29,3
KZ,Kazakhstan,,,,,,ChIJR6n87AcQqTgRGw6z5C-Ee18,2021-01-26,-30,-14,-27,26,-29,2
KZ,Kazakhstan,,,,,,ChIJR6n87AcQqTgRGw6z5C-Ee18,2021-01-27,-31,-15,-28,24,-29,2
KZ,Kazakhstan,,,,,,ChIJR6n87AcQqTgRGw6z5C-Ee18,2021-01-28,-29,-13,-26,25,-28,2
KZ,Kazakhstan,,,,,,ChIJR6n87AcQqTgRGw6z5C-Ee18,2021-01-29,-26,-7,-23,27,-26,1
KZ,Kazakhstan,,,,,,ChIJR6n87AcQqTgRGw6z5C-Ee18,2021-01-30,-33,-12,-19,25,-25,-1
KZ,Kazakhstan,,,,,,ChIJR6n87AcQqTgRGw6z5C-Ee18,2021-01-31,-39,-20,-18,15,-24,0
KZ,Kazakhstan,,,,,,ChIJR6n87AcQqTgRGw6z5C-Ee18,2021-02-01,-26,-7,-25,22,-28,1
KZ,Kazakhstan,,,,,,ChIJR6n87AcQqTgRGw6z5C-Ee18,2021-02-02,-26,-8,-22,28,-28,0
KZ,Kazakhstan,,,,,,ChIJR6n87AcQqTgRGw6z5C-Ee18,2021-02-03,-27,-8,-24,24,-28,0
KZ,Kazakhstan,,,,,,ChIJR6n87AcQqTgRGw6z5C-Ee18,2021-02-04,-25,-6,-19,25,-28,1
KZ,Kazakhstan,,,,,,ChIJR6n87AcQqTgRGw6z5C-Ee18,2021-02-05,-22,-1,-16,27,-26,0
KZ,Kazakhstan,,,,,,ChIJR6n87AcQqTgRGw6z5C-Ee18,2021-02-06,-30,-8,-15,26,-24,-1
KZ,Kazakhstan,,,,,,ChIJR6n87AcQqTgRGw6z5C-Ee18,2021-02-07,-42,-23,-24,11,-27,1
KZ,Kazakhstan,,,,,,ChIJR6n87AcQqTgRGw6z5C-Ee18,2021-02-08,-27,-8,-26,19,-28,2
KZ,Kazakhstan,,,,,,ChIJR6n87AcQqTgRGw6z5C-Ee18,2021-02-09,-27,-10,-27,21,-28,2
KZ,Kazakhstan,,,,,,ChIJR6n87AcQqTgRGw6z5C-Ee18,2021-02-10,-27,-8,-27,21,-28,2
KZ,Kazakhstan,,,,,,ChIJR6n87AcQqTgRGw6z5C-Ee18,2021-02-11,-24,-4,-25,26,-28,1
KZ,Kazakhstan,,,,,,ChIJR6n87AcQqTgRGw6z5C-Ee18,2021-02-12,-22,-2,-26,28,-26,-1
KZ,Kazakhstan,,,,,,ChIJR6n87AcQqTgRGw6z5C-Ee18,2021-02-13,-26,-5,-25,26,-24,-2
KZ,Kazakhstan,,,,,,ChIJR6n87AcQqTgRGw6z5C-Ee18,2021-02-14,-33,-13,-20,22,-25,-2
KZ,Kazakhstan,,,,,,ChIJR6n87AcQqTgRGw6z5C-Ee18,2021-02-15,-22,-4,-26,25,-28,-1
KZ,Kazakhstan,,,,,,ChIJR6n87AcQqTgRGw6z5C-Ee18,2021-02-16,-23,-4,-27,30,-28,-1
KZ,Kazakhstan,,,,,,ChIJR6n87AcQqTgRGw6z5C-Ee18,2021-02-17,-24,-5,-28,29,-27,-1
KZ,Kazakhstan,,,,,,ChIJR6n87AcQqTgRGw6z5C-Ee18,2021-02-18,-24,-7,-26,30,-28,0
KZ,Kazakhstan,,,,,,ChIJR6n87AcQqTgRGw6z5C-Ee18,2021-02-19,-24,-5,-29,29,-25,-1
KZ,Kazakhstan,,,,,,ChIJR6n87AcQqTgRGw6z5C-Ee18,2021-02-20,-29,-8,-31,24,-23,-1
KZ,Kazakhstan,,,,,,ChIJR6n87AcQqTgRGw6z5C-Ee18,2021-02-21,-37,-16,-31,17,-24,0
KZ,Kazakhstan,,,,,,ChIJR6n87AcQqTgRGw6z5C-Ee18,2021-02-22,-24,-5,-31,23,-27,0
KZ,Kazakhstan,,,,,,ChIJR6n87AcQqTgRGw6z5C-Ee18,2021-02-23,-26,-9,-34,26,-27,0
KZ,Kazakhstan,,,,,,ChIJR6n87AcQqTgRGw6z5C-Ee18,2021-02-24,-32,-14,-39,19,-29,1
KZ,Kazakhstan,,,,,,ChIJR6n87AcQqTgRGw6z5C-Ee18,2021-02-25,-33,-15,-39,16,-30,3
KZ,Kazakhstan,,,,,,ChIJR6n87AcQqTgRGw6z5C-Ee18,2021-02-26,-26,-7,-34,23,-26,1
KZ,Kazakhstan,,,,,,ChIJR6n87AcQqTgRGw6z5C-Ee18,2021-02-27,-27,-5,-32,28,-22,-1
KZ,Kazakhstan,,,,,,ChIJR6n87AcQqTgRGw6z5C-Ee18,2021-02-28,-31,-10,-27,27,-18,-1
KZ,Kazakhstan,,,,,,ChIJR6n87AcQqTgRGw6z5C-Ee18,2021-03-01,-22,-3,-28,28,-26,-1
KZ,Kazakhstan,,,,,,ChIJR6n87AcQqTgRGw6z5C-Ee18,2021-03-02,-19,-1,-27,37,-25,-2
KZ,Kazakhstan,,,,,,ChIJR6n87AcQqTgRGw6z5C-Ee18,2021-03-03,-22,-1,-31,33,-25,-1
KZ,Kazakhstan,,,,,,ChIJR6n87AcQqTgRGw6z5C-Ee18,2021-03-04,-15,7,-25,42,-24,-2
KZ,Kazakhstan,,,,,,ChIJR6n87AcQqTgRGw6z5C-Ee18,2021-03-05,-13,8,-25,42,-22,-3
