country_region_code,country_region,sub_region_1,sub_region_2,metro_area,iso_3166_2_code,census_fips_code,place_id,date,retail_and_recreation_percent_change_from_baseline,grocery_and_pharmacy_percent_change_from_baseline,parks_percent_change_from_baseline,transit_stations_percent_change_from_baseline,workplaces_percent_change_from_baseline,residential_percent_change_from_baseline
AW,Aruba,,,,,,ChIJ23da4s84hY4RL4yBiT6KavE,2020-02-15,2,3,12,26,-2,-2
AW,Aruba,,,,,,ChIJ23da4s84hY4RL4yBiT6KavE,2020-02-16,-1,-9,4,1,-1,0
AW,Aruba,,,,,,ChIJ23da4s84hY4RL4yBiT6KavE,2020-02-17,-1,-1,16,-4,-20,6
AW,Aruba,,,,,,ChIJ23da4s84hY4RL4yBiT6KavE,2020-02-18,-2,-5,8,2,-13,4
AW,Aruba,,,,,,ChIJ23da4s84hY4RL4yBiT6KavE,2020-02-19,1,-8,3,4,-14,4
AW,Aruba,,,,,,ChIJ23da4s84hY4RL4yBiT6KavE,2020-02-20,4,-1,0,29,-13,1
AW,Aruba,,,,,,ChIJ23da4s84hY4RL4yBiT6KavE,2020-02-21,7,9,9,1,-15,1
AW,Aruba,,,,,,ChIJ23da4s84hY4RL4yBiT6KavE,2020-02-22,-2,10,-4,13,-6,0
AW,Aruba,,,,,,ChIJ23da4s84hY4RL4yBiT6KavE,2020-02-23,14,-15,21,16,-8,-5
AW,Aruba,,,,,,ChIJ23da4s84hY4RL4yBiT6KavE,2020-02-24,-23,-30,24,-18,-62,18
AW,Aruba,,,,,,ChIJ23da4s84hY4RL4yBiT6KavE,2020-02-25,6,3,8,13,-1,0
AW,Aruba,,,,,,ChIJ23da4s84hY4RL4yBiT6KavE,2020-02-26,-1,-1,4,0,0,1
AW,Aruba,,,,,,ChIJ23da4s84hY4RL4yBiT6KavE,2020-02-27,-1,2,-1,5,1,0
AW,Aruba,,,,,,ChIJ23da4s84hY4RL4yBiT6KavE,2020-02-28,7,6,7,5,6,-3
AW,Aruba,,,,,,ChIJ23da4s84hY4RL4yBiT6KavE,2020-02-29,5,13,10,2,4,0
AW,Aruba,,,,,,ChIJ23da4s84hY4RL4yBiT6KavE,2020-03-01,8,6,5,3,4,0
AW,Aruba,,,,,,ChIJ23da4s84hY4RL4yBiT6KavE,2020-03-02,1,6,2,5,1,1
AW,Aruba,,,,,,ChIJ23da4s84hY4RL4yBiT6KavE,2020-03-03,5,2,20,10,1,0
AW,Aruba,,,,,,ChIJ23da4s84hY4RL4yBiT6KavE,2020-03-04,3,3,9,5,1,1
AW,Aruba,,,,,,ChIJ23da4s84hY4RL4yBiT6KavE,2020-03-05,-1,1,-1,4,2,0
AW,Aruba,,,,,,ChIJ23da4s84hY4RL4yBiT6KavE,2020-03-06,3,5,6,6,6,-2
AW,Aruba,,,,,,ChIJ23da4s84hY4RL4yBiT6KavE,2020-03-07,3,8,16,0,2,1
AW,Aruba,,,,,,ChIJ23da4s84hY4RL4yBiT6KavE,2020-03-08,2,0,4,1,-2,1
AW,Aruba,,,,,,ChIJ23da4s84hY4RL4yBiT6KavE,2020-03-09,-1,3,12,0,1,1
AW,Aruba,,,,,,ChIJ23da4s84hY4RL4yBiT6KavE,2020-03-10,-2,-1,10,-1,1,1
AW,Aruba,,,,,,ChIJ23da4s84hY4RL4yBiT6KavE,2020-03-11,-4,-1,1,1,1,2
AW,Aruba,,,,,,ChIJ23da4s84hY4RL4yBiT6KavE,2020-03-12,-10,3,4,1,1,2
AW,Aruba,,,,,,ChIJ23da4s84hY4RL4yBiT6KavE,2020-03-13,-10,40,-4,-5,3,1
AW,Aruba,,,,,,ChIJ23da4s84hY4RL4yBiT6KavE,2020-03-14,-23,15,-7,-19,-3,7
AW,Aruba,,,,,,ChIJ23da4s84hY4RL4yBiT6KavE,2020-03-15,-28,-13,-6,-18,-5,6
AW,Aruba,,,,,,ChIJ23da4s84hY4RL4yBiT6KavE,2020-03-16,-28,1,-5,-18,-21,12
AW,Aruba,,,,,,ChIJ23da4s84hY4RL4yBiT6KavE,2020-03-17,-38,8,-18,-27,-29,15
AW,Aruba,,,,,,ChIJ23da4s84hY4RL4yBiT6KavE,2020-03-18,-65,-59,-24,-49,-74,32
AW,Aruba,,,,,,ChIJ23da4s84hY4RL4yBiT6KavE,2020-03-19,-52,-5,-41,-40,-40,21
AW,Aruba,,,,,,ChIJ23da4s84hY4RL4yBiT6KavE,2020-03-20,-53,-7,-41,-45,-41,22
AW,Aruba,,,,,,ChIJ23da4s84hY4RL4yBiT6KavE,2020-03-21,-62,-19,-52,-54,-40,21
AW,Aruba,,,,,,ChIJ23da4s84hY4RL4yBiT6KavE,2020-03-22,-70,-36,-52,-62,-46,
AW,Aruba,,,,,,ChIJ23da4s84hY4RL4yBiT6KavE,2020-03-23,-53,-19,-48,-60,-48,24
AW,Aruba,,,,,,ChIJ23da4s84hY4RL4yBiT6KavE,2020-03-24,-55,-21,-49,-57,-51,26
AW,Aruba,,,,,,ChIJ23da4s84hY4RL4yBiT6KavE,2020-03-25,-57,-20,-56,-60,-53,27
AW,Aruba,,,,,,ChIJ23da4s84hY4RL4yBiT6KavE,2020-03-26,-57,-15,-54,-61,-55,27
AW,Aruba,,,,,,ChIJ23da4s84hY4RL4yBiT6KavE,2020-03-27,-50,-3,-50,-55,-52,25
AW,Aruba,,,,,,ChIJ23da4s84hY4RL4yBiT6KavE,2020-03-28,-49,-3,-50,-60,-51,20
AW,Aruba,,,,,,ChIJ23da4s84hY4RL4yBiT6KavE,2020-03-29,-88,-66,-80,-88,-72,
AW,Aruba,,,,,,ChIJ23da4s84hY4RL4yBiT6KavE,2020-03-30,-74,-43,-63,-77,-71,35
AW,Aruba,,,,,,ChIJ23da4s84hY4RL4yBiT6KavE,2020-03-31,-71,-38,-61,-73,-70,34
AW,Aruba,,,,,,ChIJ23da4s84hY4RL4yBiT6KavE,2020-04-01,-70,-36,-62,-71,-69,34
AW,Aruba,,,,,,ChIJ23da4s84hY4RL4yBiT6KavE,2020-04-02,-70,-36,-59,-72,-69,35
AW,Aruba,,,,,,ChIJ23da4s84hY4RL4yBiT6KavE,2020-04-03,-69,-31,-55,-72,-66,34
AW,Aruba,,,,,,ChIJ23da4s84hY4RL4yBiT6KavE,2020-04-04,-71,-32,-57,-78,-64,
AW,Aruba,,,,,,ChIJ23da4s84hY4RL4yBiT6KavE,2020-04-05,-76,-50,-51,-77,-64,
AW,Aruba,,,,,,ChIJ23da4s84hY4RL4yBiT6KavE,2020-04-06,-66,-31,-47,-72,-66,32
AW,Aruba,,,,,,ChIJ23da4s84hY4RL4yBiT6KavE,2020-04-07,-65,-29,-48,-70,-67,31
AW,Aruba,,,,,,ChIJ23da4s84hY4RL4yBiT6KavE,2020-04-08,-63,-21,-53,-68,-66,31
AW,Aruba,,,,,,ChIJ23da4s84hY4RL4yBiT6KavE,2020-04-09,-62,-11,-48,-66,-66,30
AW,Aruba,,,,,,ChIJ23da4s84hY4RL4yBiT6KavE,2020-04-10,-96,-96,-88,-92,-91,
AW,Aruba,,,,,,ChIJ23da4s84hY4RL4yBiT6KavE,2020-04-11,-71,-18,-52,-76,-64,
AW,Aruba,,,,,,ChIJ23da4s84hY4RL4yBiT6KavE,2020-04-12,-90,-92,-82,-88,-75,
AW,Aruba,,,,,,ChIJ23da4s84hY4RL4yBiT6KavE,2020-04-13,-88,-90,-69,-86,-89,
AW,Aruba,,,,,,ChIJ23da4s84hY4RL4yBiT6KavE,2020-04-14,-61,-20,-45,-66,-64,29
AW,Aruba,,,,,,ChIJ23da4s84hY4RL4yBiT6KavE,2020-04-15,-65,-29,-52,-67,-64,32
AW,Aruba,,,,,,ChIJ23da4s84hY4RL4yBiT6KavE,2020-04-16,-66,-31,-48,-68,-63,32
AW,Aruba,,,,,,ChIJ23da4s84hY4RL4yBiT6KavE,2020-04-17,-66,-27,-44,-69,-61,32
AW,Aruba,,,,,,ChIJ23da4s84hY4RL4yBiT6KavE,2020-04-18,-73,-33,-54,-74,-58,
AW,Aruba,,,,,,ChIJ23da4s84hY4RL4yBiT6KavE,2020-04-19,-77,-55,-53,-77,-60,
AW,Aruba,,,,,,ChIJ23da4s84hY4RL4yBiT6KavE,2020-04-20,-66,-31,-45,-69,-60,30
AW,Aruba,,,,,,ChIJ23da4s84hY4RL4yBiT6KavE,2020-04-21,-68,-36,-47,-67,-61,30
AW,Aruba,,,,,,ChIJ23da4s84hY4RL4yBiT6KavE,2020-04-22,-65,-31,-52,-67,-59,30
AW,Aruba,,,,,,ChIJ23da4s84hY4RL4yBiT6KavE,2020-04-23,-64,-29,-45,-65,-60,30
AW,Aruba,,,,,,ChIJ23da4s84hY4RL4yBiT6KavE,2020-04-24,-61,-19,-44,-64,-57,29
AW,Aruba,,,,,,ChIJ23da4s84hY4RL4yBiT6KavE,2020-04-25,-64,-19,-44,-69,-55,23
AW,Aruba,,,,,,ChIJ23da4s84hY4RL4yBiT6KavE,2020-04-26,-71,-29,-40,-71,-57,
AW,Aruba,,,,,,ChIJ23da4s84hY4RL4yBiT6KavE,2020-04-27,-77,-82,-31,-76,-84,
AW,Aruba,,,,,,ChIJ23da4s84hY4RL4yBiT6KavE,2020-04-28,-54,-14,-37,-55,-56,21
AW,Aruba,,,,,,ChIJ23da4s84hY4RL4yBiT6KavE,2020-04-29,-54,-17,-42,-54,-56,27
AW,Aruba,,,,,,ChIJ23da4s84hY4RL4yBiT6KavE,2020-04-30,-51,-2,-38,-51,-55,25
AW,Aruba,,,,,,ChIJ23da4s84hY4RL4yBiT6KavE,2020-05-01,-75,-79,-35,-72,-81,
AW,Aruba,,,,,,ChIJ23da4s84hY4RL4yBiT6KavE,2020-05-02,-56,-7,-39,-65,-51,21
AW,Aruba,,,,,,ChIJ23da4s84hY4RL4yBiT6KavE,2020-05-03,-65,-33,-35,-68,-50,
AW,Aruba,,,,,,ChIJ23da4s84hY4RL4yBiT6KavE,2020-05-04,-46,-15,-29,-57,-49,24
AW,Aruba,,,,,,ChIJ23da4s84hY4RL4yBiT6KavE,2020-05-05,-47,-16,-28,-51,-47,24
AW,Aruba,,,,,,ChIJ23da4s84hY4RL4yBiT6KavE,2020-05-06,-47,-16,-36,-53,-47,24
AW,Aruba,,,,,,ChIJ23da4s84hY4RL4yBiT6KavE,2020-05-07,-49,-16,-35,-53,-46,25
AW,Aruba,,,,,,ChIJ23da4s84hY4RL4yBiT6KavE,2020-05-08,-46,-8,-31,-53,-43,23
AW,Aruba,,,,,,ChIJ23da4s84hY4RL4yBiT6KavE,2020-05-09,-47,1,-26,-61,-44,19
AW,Aruba,,,,,,ChIJ23da4s84hY4RL4yBiT6KavE,2020-05-10,-61,-26,-26,-56,-41,
AW,Aruba,,,,,,ChIJ23da4s84hY4RL4yBiT6KavE,2020-05-11,-50,-23,-23,-56,-44,23
AW,Aruba,,,,,,ChIJ23da4s84hY4RL4yBiT6KavE,2020-05-12,-50,-21,-28,-53,-43,23
AW,Aruba,,,,,,ChIJ23da4s84hY4RL4yBiT6KavE,2020-05-13,-51,-22,-34,-54,-43,24
AW,Aruba,,,,,,ChIJ23da4s84hY4RL4yBiT6KavE,2020-05-14,-51,-22,-32,-54,-43,22
AW,Aruba,,,,,,ChIJ23da4s84hY4RL4yBiT6KavE,2020-05-15,-51,-16,-29,-55,-40,23
AW,Aruba,,,,,,ChIJ23da4s84hY4RL4yBiT6KavE,2020-05-16,-54,-15,-28,-64,-42,19
AW,Aruba,,,,,,ChIJ23da4s84hY4RL4yBiT6KavE,2020-05-17,-61,-27,-21,-65,-44,
AW,Aruba,,,,,,ChIJ23da4s84hY4RL4yBiT6KavE,2020-05-18,-46,-20,-18,-53,-37,20
AW,Aruba,,,,,,ChIJ23da4s84hY4RL4yBiT6KavE,2020-05-19,-46,-19,-26,-54,-36,20
AW,Aruba,,,,,,ChIJ23da4s84hY4RL4yBiT6KavE,2020-05-20,-37,0,-30,-50,-38,19
AW,Aruba,,,,,,ChIJ23da4s84hY4RL4yBiT6KavE,2020-05-21,-62,-73,-3,-63,-78,31
AW,Aruba,,,,,,ChIJ23da4s84hY4RL4yBiT6KavE,2020-05-22,-36,8,-19,-50,-47,21
AW,Aruba,,,,,,ChIJ23da4s84hY4RL4yBiT6KavE,2020-05-23,-43,0,-20,-57,-36,15
AW,Aruba,,,,,,ChIJ23da4s84hY4RL4yBiT6KavE,2020-05-24,-52,-19,-12,-60,-40,
AW,Aruba,,,,,,ChIJ23da4s84hY4RL4yBiT6KavE,2020-05-25,-33,-10,-22,-50,-31,17
AW,Aruba,,,,,,ChIJ23da4s84hY4RL4yBiT6KavE,2020-05-26,-35,-12,-28,-48,-29,16
AW,Aruba,,,,,,ChIJ23da4s84hY4RL4yBiT6KavE,2020-05-27,-34,-11,-28,-48,-30,17
AW,Aruba,,,,,,ChIJ23da4s84hY4RL4yBiT6KavE,2020-05-28,-34,-8,-24,-46,-29,16
AW,Aruba,,,,,,ChIJ23da4s84hY4RL4yBiT6KavE,2020-05-29,-28,4,-10,-41,-27,14
AW,Aruba,,,,,,ChIJ23da4s84hY4RL4yBiT6KavE,2020-05-30,-29,8,-9,-51,-27,11
AW,Aruba,,,,,,ChIJ23da4s84hY4RL4yBiT6KavE,2020-05-31,-40,-8,-9,-51,-30,
AW,Aruba,,,,,,ChIJ23da4s84hY4RL4yBiT6KavE,2020-06-01,-26,-7,-18,-48,-26,14
AW,Aruba,,,,,,ChIJ23da4s84hY4RL4yBiT6KavE,2020-06-02,-30,-8,-20,-43,-23,13
AW,Aruba,,,,,,ChIJ23da4s84hY4RL4yBiT6KavE,2020-06-03,-31,-6,-30,-45,-25,15
AW,Aruba,,,,,,ChIJ23da4s84hY4RL4yBiT6KavE,2020-06-04,-32,-8,-23,-47,-24,15
AW,Aruba,,,,,,ChIJ23da4s84hY4RL4yBiT6KavE,2020-06-05,-26,-1,-7,-43,-22,12
AW,Aruba,,,,,,ChIJ23da4s84hY4RL4yBiT6KavE,2020-06-06,-28,4,-9,-52,-27,11
AW,Aruba,,,,,,ChIJ23da4s84hY4RL4yBiT6KavE,2020-06-07,-38,-13,-6,-57,-30,
AW,Aruba,,,,,,ChIJ23da4s84hY4RL4yBiT6KavE,2020-06-08,-31,-8,-17,-45,-23,13
AW,Aruba,,,,,,ChIJ23da4s84hY4RL4yBiT6KavE,2020-06-09,-33,-12,-20,-46,-22,13
AW,Aruba,,,,,,ChIJ23da4s84hY4RL4yBiT6KavE,2020-06-10,-32,-12,-32,-50,-23,15
AW,Aruba,,,,,,ChIJ23da4s84hY4RL4yBiT6KavE,2020-06-11,-34,-11,-21,-48,-23,15
AW,Aruba,,,,,,ChIJ23da4s84hY4RL4yBiT6KavE,2020-06-12,-25,-3,-8,-47,-21,12
AW,Aruba,,,,,,ChIJ23da4s84hY4RL4yBiT6KavE,2020-06-13,-31,-1,-5,-54,-25,12
AW,Aruba,,,,,,ChIJ23da4s84hY4RL4yBiT6KavE,2020-06-14,-36,-15,-3,-56,-26,9
AW,Aruba,,,,,,ChIJ23da4s84hY4RL4yBiT6KavE,2020-06-15,-33,-11,-14,-46,-21,13
AW,Aruba,,,,,,ChIJ23da4s84hY4RL4yBiT6KavE,2020-06-16,-33,-12,-20,-46,-19,12
AW,Aruba,,,,,,ChIJ23da4s84hY4RL4yBiT6KavE,2020-06-17,-32,-12,-30,-45,-22,14
AW,Aruba,,,,,,ChIJ23da4s84hY4RL4yBiT6KavE,2020-06-18,-34,-12,-24,-50,-21,14
AW,Aruba,,,,,,ChIJ23da4s84hY4RL4yBiT6KavE,2020-06-19,-24,0,-8,-44,-20,9
AW,Aruba,,,,,,ChIJ23da4s84hY4RL4yBiT6KavE,2020-06-20,-25,8,-4,-50,-24,10
AW,Aruba,,,,,,ChIJ23da4s84hY4RL4yBiT6KavE,2020-06-21,-35,-19,-13,-52,-26,6
AW,Aruba,,,,,,ChIJ23da4s84hY4RL4yBiT6KavE,2020-06-22,-35,-14,-21,-51,-24,14
AW,Aruba,,,,,,ChIJ23da4s84hY4RL4yBiT6KavE,2020-06-23,-28,-9,-25,-48,-21,12
AW,Aruba,,,,,,ChIJ23da4s84hY4RL4yBiT6KavE,2020-06-24,-27,-8,-31,-45,-21,13
AW,Aruba,,,,,,ChIJ23da4s84hY4RL4yBiT6KavE,2020-06-25,-26,-2,-20,-45,-21,12
AW,Aruba,,,,,,ChIJ23da4s84hY4RL4yBiT6KavE,2020-06-26,-15,5,-8,-40,-19,9
AW,Aruba,,,,,,ChIJ23da4s84hY4RL4yBiT6KavE,2020-06-27,-21,2,-6,-53,-26,9
AW,Aruba,,,,,,ChIJ23da4s84hY4RL4yBiT6KavE,2020-06-28,-26,-8,-10,-52,-27,7
AW,Aruba,,,,,,ChIJ23da4s84hY4RL4yBiT6KavE,2020-06-29,-21,-2,-9,-44,-22,11
AW,Aruba,,,,,,ChIJ23da4s84hY4RL4yBiT6KavE,2020-06-30,-18,-2,-14,-43,-20,10
AW,Aruba,,,,,,ChIJ23da4s84hY4RL4yBiT6KavE,2020-07-01,-18,2,-20,-40,-22,10
AW,Aruba,,,,,,ChIJ23da4s84hY4RL4yBiT6KavE,2020-07-02,-22,-2,-15,-44,-22,11
AW,Aruba,,,,,,ChIJ23da4s84hY4RL4yBiT6KavE,2020-07-03,-14,7,4,-40,-20,8
AW,Aruba,,,,,,ChIJ23da4s84hY4RL4yBiT6KavE,2020-07-04,-21,4,-8,-51,-23,8
AW,Aruba,,,,,,ChIJ23da4s84hY4RL4yBiT6KavE,2020-07-05,-24,-10,2,-49,-26,6
AW,Aruba,,,,,,ChIJ23da4s84hY4RL4yBiT6KavE,2020-07-06,-22,-2,-10,-41,-23,11
AW,Aruba,,,,,,ChIJ23da4s84hY4RL4yBiT6KavE,2020-07-07,-26,-7,-21,-45,-22,12
AW,Aruba,,,,,,ChIJ23da4s84hY4RL4yBiT6KavE,2020-07-08,-22,-6,-20,-38,-22,11
AW,Aruba,,,,,,ChIJ23da4s84hY4RL4yBiT6KavE,2020-07-09,-24,-5,-16,-42,-21,11
AW,Aruba,,,,,,ChIJ23da4s84hY4RL4yBiT6KavE,2020-07-10,-17,-3,4,-34,-21,9
AW,Aruba,,,,,,ChIJ23da4s84hY4RL4yBiT6KavE,2020-07-11,-23,2,-3,-42,-20,8
AW,Aruba,,,,,,ChIJ23da4s84hY4RL4yBiT6KavE,2020-07-12,-30,-18,-10,-47,-26,7
AW,Aruba,,,,,,ChIJ23da4s84hY4RL4yBiT6KavE,2020-07-13,-25,-6,1,-35,-27,11
AW,Aruba,,,,,,ChIJ23da4s84hY4RL4yBiT6KavE,2020-07-14,-26,-9,-7,-37,-26,12
AW,Aruba,,,,,,ChIJ23da4s84hY4RL4yBiT6KavE,2020-07-15,-23,-9,-11,-36,-26,12
AW,Aruba,,,,,,ChIJ23da4s84hY4RL4yBiT6KavE,2020-07-16,-25,-11,-10,-38,-27,12
AW,Aruba,,,,,,ChIJ23da4s84hY4RL4yBiT6KavE,2020-07-17,-18,-3,1,-32,-25,10
AW,Aruba,,,,,,ChIJ23da4s84hY4RL4yBiT6KavE,2020-07-18,-22,-3,1,-42,-19,8
AW,Aruba,,,,,,ChIJ23da4s84hY4RL4yBiT6KavE,2020-07-19,-24,-14,6,-44,-22,5
AW,Aruba,,,,,,ChIJ23da4s84hY4RL4yBiT6KavE,2020-07-20,-22,-6,8,-34,-30,11
AW,Aruba,,,,,,ChIJ23da4s84hY4RL4yBiT6KavE,2020-07-21,-22,-9,-2,-37,-28,11
AW,Aruba,,,,,,ChIJ23da4s84hY4RL4yBiT6KavE,2020-07-22,-21,-7,-8,-34,-26,11
AW,Aruba,,,,,,ChIJ23da4s84hY4RL4yBiT6KavE,2020-07-23,-19,-6,-4,-38,-27,11
AW,Aruba,,,,,,ChIJ23da4s84hY4RL4yBiT6KavE,2020-07-24,-13,5,8,-33,-25,9
AW,Aruba,,,,,,ChIJ23da4s84hY4RL4yBiT6KavE,2020-07-25,-26,-5,-20,-47,-21,10
AW,Aruba,,,,,,ChIJ23da4s84hY4RL4yBiT6KavE,2020-07-26,-29,-13,-14,-47,-22,7
AW,Aruba,,,,,,ChIJ23da4s84hY4RL4yBiT6KavE,2020-07-27,-15,-1,9,-31,-29,11
AW,Aruba,,,,,,ChIJ23da4s84hY4RL4yBiT6KavE,2020-07-28,-15,-4,0,-35,-27,10
AW,Aruba,,,,,,ChIJ23da4s84hY4RL4yBiT6KavE,2020-07-29,-16,-5,-8,-34,-28,10
AW,Aruba,,,,,,ChIJ23da4s84hY4RL4yBiT6KavE,2020-07-30,-17,-5,-2,-36,-28,9
AW,Aruba,,,,,,ChIJ23da4s84hY4RL4yBiT6KavE,2020-07-31,-10,6,11,-26,-25,7
AW,Aruba,,,,,,ChIJ23da4s84hY4RL4yBiT6KavE,2020-08-01,-12,10,8,-33,-18,4
AW,Aruba,,,,,,ChIJ23da4s84hY4RL4yBiT6KavE,2020-08-02,-17,-5,12,-29,-19,3
AW,Aruba,,,,,,ChIJ23da4s84hY4RL4yBiT6KavE,2020-08-03,-13,0,11,-30,-29,10
AW,Aruba,,,,,,ChIJ23da4s84hY4RL4yBiT6KavE,2020-08-04,-19,0,-1,-36,-27,11
AW,Aruba,,,,,,ChIJ23da4s84hY4RL4yBiT6KavE,2020-08-05,-25,2,-12,-36,-30,13
AW,Aruba,,,,,,ChIJ23da4s84hY4RL4yBiT6KavE,2020-08-06,-32,-2,-18,-44,-32,15
AW,Aruba,,,,,,ChIJ23da4s84hY4RL4yBiT6KavE,2020-08-07,-35,-2,-16,-42,-32,16
AW,Aruba,,,,,,ChIJ23da4s84hY4RL4yBiT6KavE,2020-08-08,-41,-4,-24,-51,-24,14
AW,Aruba,,,,,,ChIJ23da4s84hY4RL4yBiT6KavE,2020-08-09,-45,-20,-19,-52,-27,
AW,Aruba,,,,,,ChIJ23da4s84hY4RL4yBiT6KavE,2020-08-10,-33,-7,-10,-43,-33,16
AW,Aruba,,,,,,ChIJ23da4s84hY4RL4yBiT6KavE,2020-08-11,-33,-10,-14,-41,-32,16
AW,Aruba,,,,,,ChIJ23da4s84hY4RL4yBiT6KavE,2020-08-12,-35,-10,-20,-41,-32,17
AW,Aruba,,,,,,ChIJ23da4s84hY4RL4yBiT6KavE,2020-08-13,-35,-11,-15,-40,-32,16
AW,Aruba,,,,,,ChIJ23da4s84hY4RL4yBiT6KavE,2020-08-14,-33,-8,-10,-39,-29,15
AW,Aruba,,,,,,ChIJ23da4s84hY4RL4yBiT6KavE,2020-08-15,-35,-5,-13,-47,-21,13
AW,Aruba,,,,,,ChIJ23da4s84hY4RL4yBiT6KavE,2020-08-16,-41,-20,-11,-51,-24,10
AW,Aruba,,,,,,ChIJ23da4s84hY4RL4yBiT6KavE,2020-08-17,,,,,-30,14
AW,Aruba,,,,,,ChIJ23da4s84hY4RL4yBiT6KavE,2020-08-18,,,,,-28,16
AW,Aruba,,,,,,ChIJ23da4s84hY4RL4yBiT6KavE,2020-08-19,,,,,-29,16
AW,Aruba,,,,,,ChIJ23da4s84hY4RL4yBiT6KavE,2020-08-20,,,,,-27,15
AW,Aruba,,,,,,ChIJ23da4s84hY4RL4yBiT6KavE,2020-08-21,,,,,-23,13
AW,Aruba,,,,,,ChIJ23da4s84hY4RL4yBiT6KavE,2020-08-22,,,,,,11
AW,Aruba,,,,,,ChIJ23da4s84hY4RL4yBiT6KavE,2020-08-23,,,,,,9
AW,Aruba,,,,,,ChIJ23da4s84hY4RL4yBiT6KavE,2020-08-24,,,,,-25,13
AW,Aruba,,,,,,ChIJ23da4s84hY4RL4yBiT6KavE,2020-08-25,,,,,-24,13
AW,Aruba,,,,,,ChIJ23da4s84hY4RL4yBiT6KavE,2020-08-26,,,,,-24,14
AW,Aruba,,,,,,ChIJ23da4s84hY4RL4yBiT6KavE,2020-08-27,,,,,-24,13
AW,Aruba,,,,,,ChIJ23da4s84hY4RL4yBiT6KavE,2020-08-28,,,,,-23,12
AW,Aruba,,,,,,ChIJ23da4s84hY4RL4yBiT6KavE,2020-08-29,,,,,,11
AW,Aruba,,,,,,ChIJ23da4s84hY4RL4yBiT6KavE,2020-08-30,,,,,,8
AW,Aruba,,,,,,ChIJ23da4s84hY4RL4yBiT6KavE,2020-08-31,,,,,-26,12
AW,Aruba,,,,,,ChIJ23da4s84hY4RL4yBiT6KavE,2020-09-01,,,,,-23,11
AW,Aruba,,,,,,ChIJ23da4s84hY4RL4yBiT6KavE,2020-09-02,,,,,-25,13
AW,Aruba,,,,,,ChIJ23da4s84hY4RL4yBiT6KavE,2020-09-03,,,,,-23,12
AW,Aruba,,,,,,ChIJ23da4s84hY4RL4yBiT6KavE,2020-09-04,,,,,-19,11
AW,Aruba,,,,,,ChIJ23da4s84hY4RL4yBiT6KavE,2020-09-05,,,,,,10
AW,Aruba,,,,,,ChIJ23da4s84hY4RL4yBiT6KavE,2020-09-06,,,,,,8
AW,Aruba,,,,,,ChIJ23da4s84hY4RL4yBiT6KavE,2020-09-07,,,,,-23,11
AW,Aruba,,,,,,ChIJ23da4s84hY4RL4yBiT6KavE,2020-09-08,,,,,-23,11
AW,Aruba,,,,,,ChIJ23da4s84hY4RL4yBiT6KavE,2020-09-09,,,,,-22,12
AW,Aruba,,,,,,ChIJ23da4s84hY4RL4yBiT6KavE,2020-09-10,,,,,-21,12
AW,Aruba,,,,,,ChIJ23da4s84hY4RL4yBiT6KavE,2020-09-11,-22,-4,-1,-55,-19,11
AW,Aruba,,,,,,ChIJ23da4s84hY4RL4yBiT6KavE,2020-09-12,-28,-2,-6,-65,-20,11
AW,Aruba,,,,,,ChIJ23da4s84hY4RL4yBiT6KavE,2020-09-13,-30,-11,0,-57,-25,
AW,Aruba,,,,,,ChIJ23da4s84hY4RL4yBiT6KavE,2020-09-14,-25,-10,5,-54,-21,11
AW,Aruba,,,,,,ChIJ23da4s84hY4RL4yBiT6KavE,2020-09-15,-25,-11,-4,-58,-20,11
AW,Aruba,,,,,,ChIJ23da4s84hY4RL4yBiT6KavE,2020-09-16,-28,-13,-17,-58,-22,12
AW,Aruba,,,,,,ChIJ23da4s84hY4RL4yBiT6KavE,2020-09-17,-32,-15,-14,-58,-23,13
AW,Aruba,,,,,,ChIJ23da4s84hY4RL4yBiT6KavE,2020-09-18,-26,-5,-5,-53,-20,12
AW,Aruba,,,,,,ChIJ23da4s84hY4RL4yBiT6KavE,2020-09-19,-34,-8,-9,-67,-20,14
AW,Aruba,,,,,,ChIJ23da4s84hY4RL4yBiT6KavE,2020-09-20,-37,-18,-11,-65,-24,
AW,Aruba,,,,,,ChIJ23da4s84hY4RL4yBiT6KavE,2020-09-21,-27,-12,7,-56,-24,13
AW,Aruba,,,,,,ChIJ23da4s84hY4RL4yBiT6KavE,2020-09-22,-29,-14,6,-56,-22,11
AW,Aruba,,,,,,ChIJ23da4s84hY4RL4yBiT6KavE,2020-09-23,-29,-12,3,-55,-22,11
AW,Aruba,,,,,,ChIJ23da4s84hY4RL4yBiT6KavE,2020-09-24,-30,-12,-3,-56,-22,13
AW,Aruba,,,,,,ChIJ23da4s84hY4RL4yBiT6KavE,2020-09-25,-23,-3,7,-49,-18,11
AW,Aruba,,,,,,ChIJ23da4s84hY4RL4yBiT6KavE,2020-09-26,-24,4,3,-62,-19,11
AW,Aruba,,,,,,ChIJ23da4s84hY4RL4yBiT6KavE,2020-09-27,-31,-8,10,-59,-22,9
AW,Aruba,,,,,,ChIJ23da4s84hY4RL4yBiT6KavE,2020-09-28,-24,-8,17,-56,-21,12
AW,Aruba,,,,,,ChIJ23da4s84hY4RL4yBiT6KavE,2020-09-29,-24,-8,8,-49,-19,11
AW,Aruba,,,,,,ChIJ23da4s84hY4RL4yBiT6KavE,2020-09-30,-21,-6,0,-47,-19,9
AW,Aruba,,,,,,ChIJ23da4s84hY4RL4yBiT6KavE,2020-10-01,-20,-2,1,-51,-18,8
AW,Aruba,,,,,,ChIJ23da4s84hY4RL4yBiT6KavE,2020-10-02,-18,2,10,-48,-23,10
AW,Aruba,,,,,,ChIJ23da4s84hY4RL4yBiT6KavE,2020-10-03,-31,-5,-13,-65,-23,12
AW,Aruba,,,,,,ChIJ23da4s84hY4RL4yBiT6KavE,2020-10-04,-25,-5,4,-59,-20,6
AW,Aruba,,,,,,ChIJ23da4s84hY4RL4yBiT6KavE,2020-10-05,-19,-3,17,-52,-28,9
AW,Aruba,,,,,,ChIJ23da4s84hY4RL4yBiT6KavE,2020-10-06,-21,-8,11,-54,-26,10
AW,Aruba,,,,,,ChIJ23da4s84hY4RL4yBiT6KavE,2020-10-07,-21,-7,9,-53,-26,10
AW,Aruba,,,,,,ChIJ23da4s84hY4RL4yBiT6KavE,2020-10-08,-24,-8,16,-53,-26,12
AW,Aruba,,,,,,ChIJ23da4s84hY4RL4yBiT6KavE,2020-10-09,-20,-6,26,-49,-23,10
AW,Aruba,,,,,,ChIJ23da4s84hY4RL4yBiT6KavE,2020-10-10,-23,0,18,-61,-14,8
AW,Aruba,,,,,,ChIJ23da4s84hY4RL4yBiT6KavE,2020-10-11,-26,-11,18,-60,-19,7
AW,Aruba,,,,,,ChIJ23da4s84hY4RL4yBiT6KavE,2020-10-12,-23,-9,26,-49,-15,9
AW,Aruba,,,,,,ChIJ23da4s84hY4RL4yBiT6KavE,2020-10-13,-23,-10,13,-53,-14,9
AW,Aruba,,,,,,ChIJ23da4s84hY4RL4yBiT6KavE,2020-10-14,-24,-9,4,-52,-14,10
AW,Aruba,,,,,,ChIJ23da4s84hY4RL4yBiT6KavE,2020-10-15,-26,-8,4,-52,-13,10
AW,Aruba,,,,,,ChIJ23da4s84hY4RL4yBiT6KavE,2020-10-16,-21,-5,11,-47,-11,8
AW,Aruba,,,,,,ChIJ23da4s84hY4RL4yBiT6KavE,2020-10-17,-24,-3,6,-60,-15,10
AW,Aruba,,,,,,ChIJ23da4s84hY4RL4yBiT6KavE,2020-10-18,-28,-11,20,-60,-17,8
AW,Aruba,,,,,,ChIJ23da4s84hY4RL4yBiT6KavE,2020-10-19,-25,-9,17,-51,-13,9
AW,Aruba,,,,,,ChIJ23da4s84hY4RL4yBiT6KavE,2020-10-20,-37,-24,-15,-59,-15,13
AW,Aruba,,,,,,ChIJ23da4s84hY4RL4yBiT6KavE,2020-10-21,-22,-6,4,-52,-12,8
AW,Aruba,,,,,,ChIJ23da4s84hY4RL4yBiT6KavE,2020-10-22,-21,-5,8,-53,-11,8
AW,Aruba,,,,,,ChIJ23da4s84hY4RL4yBiT6KavE,2020-10-23,-14,3,23,-47,-7,5
AW,Aruba,,,,,,ChIJ23da4s84hY4RL4yBiT6KavE,2020-10-24,-16,7,21,-58,-12,6
AW,Aruba,,,,,,ChIJ23da4s84hY4RL4yBiT6KavE,2020-10-25,-26,-8,9,-59,-19,6
AW,Aruba,,,,,,ChIJ23da4s84hY4RL4yBiT6KavE,2020-10-26,-17,-5,24,-52,-13,7
AW,Aruba,,,,,,ChIJ23da4s84hY4RL4yBiT6KavE,2020-10-27,-17,-6,19,-53,-15,7
AW,Aruba,,,,,,ChIJ23da4s84hY4RL4yBiT6KavE,2020-10-28,-16,-5,9,-51,-10,7
AW,Aruba,,,,,,ChIJ23da4s84hY4RL4yBiT6KavE,2020-10-29,-17,-3,12,-49,-11,6
AW,Aruba,,,,,,ChIJ23da4s84hY4RL4yBiT6KavE,2020-10-30,-10,3,26,-42,-8,3
AW,Aruba,,,,,,ChIJ23da4s84hY4RL4yBiT6KavE,2020-10-31,-9,8,25,-56,-12,4
AW,Aruba,,,,,,ChIJ23da4s84hY4RL4yBiT6KavE,2020-11-01,-22,-8,18,-52,-17,5
AW,Aruba,,,,,,ChIJ23da4s84hY4RL4yBiT6KavE,2020-11-02,-14,-2,25,-44,-12,5
AW,Aruba,,,,,,ChIJ23da4s84hY4RL4yBiT6KavE,2020-11-03,-18,-5,13,-53,-10,5
AW,Aruba,,,,,,ChIJ23da4s84hY4RL4yBiT6KavE,2020-11-04,-20,-6,5,-48,-10,6
AW,Aruba,,,,,,ChIJ23da4s84hY4RL4yBiT6KavE,2020-11-05,-21,-6,4,-53,-10,7
AW,Aruba,,,,,,ChIJ23da4s84hY4RL4yBiT6KavE,2020-11-06,-14,-2,26,-46,-8,4
AW,Aruba,,,,,,ChIJ23da4s84hY4RL4yBiT6KavE,2020-11-07,-17,1,20,-54,-11,6
AW,Aruba,,,,,,ChIJ23da4s84hY4RL4yBiT6KavE,2020-11-08,-23,-9,13,-57,-17,6
AW,Aruba,,,,,,ChIJ23da4s84hY4RL4yBiT6KavE,2020-11-09,-19,-8,23,-53,-10,6
AW,Aruba,,,,,,ChIJ23da4s84hY4RL4yBiT6KavE,2020-11-10,-19,-7,18,-53,-8,5
AW,Aruba,,,,,,ChIJ23da4s84hY4RL4yBiT6KavE,2020-11-11,-18,-7,13,-48,-9,6
AW,Aruba,,,,,,ChIJ23da4s84hY4RL4yBiT6KavE,2020-11-12,-22,-7,7,-54,-8,7
AW,Aruba,,,,,,ChIJ23da4s84hY4RL4yBiT6KavE,2020-11-13,-23,-10,3,-47,-6,6
AW,Aruba,,,,,,ChIJ23da4s84hY4RL4yBiT6KavE,2020-11-14,-20,0,16,-56,-10,6
AW,Aruba,,,,,,ChIJ23da4s84hY4RL4yBiT6KavE,2020-11-15,-23,-12,16,-56,-15,5
AW,Aruba,,,,,,ChIJ23da4s84hY4RL4yBiT6KavE,2020-11-16,-23,-11,16,-50,-9,7
AW,Aruba,,,,,,ChIJ23da4s84hY4RL4yBiT6KavE,2020-11-17,-23,-13,13,-53,-7,6
AW,Aruba,,,,,,ChIJ23da4s84hY4RL4yBiT6KavE,2020-11-18,-22,-9,9,-52,-8,6
AW,Aruba,,,,,,ChIJ23da4s84hY4RL4yBiT6KavE,2020-11-19,-21,-10,15,-49,-6,6
AW,Aruba,,,,,,ChIJ23da4s84hY4RL4yBiT6KavE,2020-11-20,-12,-3,19,-49,-4,3
AW,Aruba,,,,,,ChIJ23da4s84hY4RL4yBiT6KavE,2020-11-21,-15,-2,16,-53,-9,5
AW,Aruba,,,,,,ChIJ23da4s84hY4RL4yBiT6KavE,2020-11-22,-18,-7,12,-56,-13,4
AW,Aruba,,,,,,ChIJ23da4s84hY4RL4yBiT6KavE,2020-11-23,-11,0,36,-48,-9,4
AW,Aruba,,,,,,ChIJ23da4s84hY4RL4yBiT6KavE,2020-11-24,-9,0,30,-50,-8,3
AW,Aruba,,,,,,ChIJ23da4s84hY4RL4yBiT6KavE,2020-11-25,-7,1,22,-49,-9,4
AW,Aruba,,,,,,ChIJ23da4s84hY4RL4yBiT6KavE,2020-11-26,-6,3,30,-52,-7,2
AW,Aruba,,,,,,ChIJ23da4s84hY4RL4yBiT6KavE,2020-11-27,7,6,66,-49,-7,0
AW,Aruba,,,,,,ChIJ23da4s84hY4RL4yBiT6KavE,2020-11-28,-3,8,33,-49,-9,2
AW,Aruba,,,,,,ChIJ23da4s84hY4RL4yBiT6KavE,2020-11-29,-10,1,17,-53,-10,2
AW,Aruba,,,,,,ChIJ23da4s84hY4RL4yBiT6KavE,2020-11-30,-1,6,45,-45,-8,2
AW,Aruba,,,,,,ChIJ23da4s84hY4RL4yBiT6KavE,2020-12-01,0,7,30,-49,-7,1
AW,Aruba,,,,,,ChIJ23da4s84hY4RL4yBiT6KavE,2020-12-02,-3,6,16,-46,-7,2
AW,Aruba,,,,,,ChIJ23da4s84hY4RL4yBiT6KavE,2020-12-03,-4,2,20,-48,-8,2
AW,Aruba,,,,,,ChIJ23da4s84hY4RL4yBiT6KavE,2020-12-04,1,9,38,-33,-5,0
AW,Aruba,,,,,,ChIJ23da4s84hY4RL4yBiT6KavE,2020-12-05,0,13,28,-50,-10,2
AW,Aruba,,,,,,ChIJ23da4s84hY4RL4yBiT6KavE,2020-12-06,-6,1,26,-52,-13,2
AW,Aruba,,,,,,ChIJ23da4s84hY4RL4yBiT6KavE,2020-12-07,-2,5,42,-43,-10,3
AW,Aruba,,,,,,ChIJ23da4s84hY4RL4yBiT6KavE,2020-12-08,-6,-2,34,-51,-7,2
AW,Aruba,,,,,,ChIJ23da4s84hY4RL4yBiT6KavE,2020-12-09,-8,-3,23,-45,-10,3
AW,Aruba,,,,,,ChIJ23da4s84hY4RL4yBiT6KavE,2020-12-10,-7,-1,35,-44,-10,2
AW,Aruba,,,,,,ChIJ23da4s84hY4RL4yBiT6KavE,2020-12-11,-1,5,48,-35,-6,-2
AW,Aruba,,,,,,ChIJ23da4s84hY4RL4yBiT6KavE,2020-12-12,-4,6,41,-46,-10,0
AW,Aruba,,,,,,ChIJ23da4s84hY4RL4yBiT6KavE,2020-12-13,-10,-1,42,-46,-12,1
AW,Aruba,,,,,,ChIJ23da4s84hY4RL4yBiT6KavE,2020-12-14,-6,2,54,-34,-14,2
AW,Aruba,,,,,,ChIJ23da4s84hY4RL4yBiT6KavE,2020-12-15,-4,1,46,-50,-11,1
AW,Aruba,,,,,,ChIJ23da4s84hY4RL4yBiT6KavE,2020-12-16,-2,4,31,-43,-11,1
AW,Aruba,,,,,,ChIJ23da4s84hY4RL4yBiT6KavE,2020-12-17,-1,6,45,-42,-11,1
AW,Aruba,,,,,,ChIJ23da4s84hY4RL4yBiT6KavE,2020-12-18,1,7,50,-33,-14,0
AW,Aruba,,,,,,ChIJ23da4s84hY4RL4yBiT6KavE,2020-12-19,3,14,43,-45,-9,-1
AW,Aruba,,,,,,ChIJ23da4s84hY4RL4yBiT6KavE,2020-12-20,4,7,48,-41,-4,-1
AW,Aruba,,,,,,ChIJ23da4s84hY4RL4yBiT6KavE,2020-12-21,13,18,81,-34,-28,3
AW,Aruba,,,,,,ChIJ23da4s84hY4RL4yBiT6KavE,2020-12-22,17,22,73,-45,-28,2
AW,Aruba,,,,,,ChIJ23da4s84hY4RL4yBiT6KavE,2020-12-23,20,36,63,-31,-29,2
AW,Aruba,,,,,,ChIJ23da4s84hY4RL4yBiT6KavE,2020-12-24,8,39,76,-42,-40,3
AW,Aruba,,,,,,ChIJ23da4s84hY4RL4yBiT6KavE,2020-12-25,-58,-75,50,-54,-72,19
AW,Aruba,,,,,,ChIJ23da4s84hY4RL4yBiT6KavE,2020-12-26,-40,-42,35,-51,-38,10
AW,Aruba,,,,,,ChIJ23da4s84hY4RL4yBiT6KavE,2020-12-27,-6,-3,51,-43,-5,1
AW,Aruba,,,,,,ChIJ23da4s84hY4RL4yBiT6KavE,2020-12-28,13,16,86,-39,-33,6
AW,Aruba,,,,,,ChIJ23da4s84hY4RL4yBiT6KavE,2020-12-29,11,16,73,-44,-32,5
AW,Aruba,,,,,,ChIJ23da4s84hY4RL4yBiT6KavE,2020-12-30,8,28,48,-40,-33,7
AW,Aruba,,,,,,ChIJ23da4s84hY4RL4yBiT6KavE,2020-12-31,-4,28,68,-46,-40,7
AW,Aruba,,,,,,ChIJ23da4s84hY4RL4yBiT6KavE,2021-01-01,-55,-77,52,-56,-72,22
AW,Aruba,,,,,,ChIJ23da4s84hY4RL4yBiT6KavE,2021-01-02,-32,-17,38,-50,-28,10
AW,Aruba,,,,,,ChIJ23da4s84hY4RL4yBiT6KavE,2021-01-03,-19,-18,51,-45,-10,4
AW,Aruba,,,,,,ChIJ23da4s84hY4RL4yBiT6KavE,2021-01-04,-11,-7,58,-40,-27,9
AW,Aruba,,,,,,ChIJ23da4s84hY4RL4yBiT6KavE,2021-01-05,-10,-4,47,-50,-25,8
AW,Aruba,,,,,,ChIJ23da4s84hY4RL4yBiT6KavE,2021-01-06,-16,-8,26,-42,-12,6
AW,Aruba,,,,,,ChIJ23da4s84hY4RL4yBiT6KavE,2021-01-07,-17,-7,27,-42,-11,6
AW,Aruba,,,,,,ChIJ23da4s84hY4RL4yBiT6KavE,2021-01-08,-12,-2,28,-43,-9,3
AW,Aruba,,,,,,ChIJ23da4s84hY4RL4yBiT6KavE,2021-01-09,-18,-3,21,-52,-12,4
AW,Aruba,,,,,,ChIJ23da4s84hY4RL4yBiT6KavE,2021-01-10,-21,-13,25,-51,-12,3
AW,Aruba,,,,,,ChIJ23da4s84hY4RL4yBiT6KavE,2021-01-11,-16,-4,36,-44,-11,3
AW,Aruba,,,,,,ChIJ23da4s84hY4RL4yBiT6KavE,2021-01-12,-15,-7,27,-53,-10,2
AW,Aruba,,,,,,ChIJ23da4s84hY4RL4yBiT6KavE,2021-01-13,-21,-14,16,-47,-13,3
AW,Aruba,,,,,,ChIJ23da4s84hY4RL4yBiT6KavE,2021-01-14,-24,-13,14,-49,-14,3
AW,Aruba,,,,,,ChIJ23da4s84hY4RL4yBiT6KavE,2021-01-15,-20,-11,21,-46,-11,1
AW,Aruba,,,,,,ChIJ23da4s84hY4RL4yBiT6KavE,2021-01-16,-26,-10,11,-57,-17,5
AW,Aruba,,,,,,ChIJ23da4s84hY4RL4yBiT6KavE,2021-01-17,-26,-19,26,-57,-17,3
AW,Aruba,,,,,,ChIJ23da4s84hY4RL4yBiT6KavE,2021-01-18,-22,-12,35,-47,-15,3
AW,Aruba,,,,,,ChIJ23da4s84hY4RL4yBiT6KavE,2021-01-19,-23,-14,23,-55,-13,3
AW,Aruba,,,,,,ChIJ23da4s84hY4RL4yBiT6KavE,2021-01-20,-22,-13,18,-49,-14,3
AW,Aruba,,,,,,ChIJ23da4s84hY4RL4yBiT6KavE,2021-01-21,-21,-10,16,-49,-13,2
AW,Aruba,,,,,,ChIJ23da4s84hY4RL4yBiT6KavE,2021-01-22,-14,-2,20,-46,-11,0
AW,Aruba,,,,,,ChIJ23da4s84hY4RL4yBiT6KavE,2021-01-23,-17,2,16,-58,-15,2
AW,Aruba,,,,,,ChIJ23da4s84hY4RL4yBiT6KavE,2021-01-24,-19,4,32,-55,-15,0
AW,Aruba,,,,,,ChIJ23da4s84hY4RL4yBiT6KavE,2021-01-25,-34,-76,83,-60,-70,19
AW,Aruba,,,,,,ChIJ23da4s84hY4RL4yBiT6KavE,2021-01-26,-20,-3,6,-56,-15,2
AW,Aruba,,,,,,ChIJ23da4s84hY4RL4yBiT6KavE,2021-01-27,-19,-4,10,-50,-13,2
AW,Aruba,,,,,,ChIJ23da4s84hY4RL4yBiT6KavE,2021-01-28,-17,-3,14,-50,-11,0
AW,Aruba,,,,,,ChIJ23da4s84hY4RL4yBiT6KavE,2021-01-29,-10,2,21,-42,-8,-4
AW,Aruba,,,,,,ChIJ23da4s84hY4RL4yBiT6KavE,2021-01-30,-14,7,22,-57,-13,-2
AW,Aruba,,,,,,ChIJ23da4s84hY4RL4yBiT6KavE,2021-01-31,-20,-7,24,-55,-14,-2
AW,Aruba,,,,,,ChIJ23da4s84hY4RL4yBiT6KavE,2021-02-01,-16,-2,24,-50,-12,-3
AW,Aruba,,,,,,ChIJ23da4s84hY4RL4yBiT6KavE,2021-02-02,-19,-5,19,-54,-11,-3
AW,Aruba,,,,,,ChIJ23da4s84hY4RL4yBiT6KavE,2021-02-03,-20,-9,13,-49,-12,-1
AW,Aruba,,,,,,ChIJ23da4s84hY4RL4yBiT6KavE,2021-02-04,-22,-9,20,-49,-11,0
AW,Aruba,,,,,,ChIJ23da4s84hY4RL4yBiT6KavE,2021-02-05,-13,-3,32,-46,-9,-3
AW,Aruba,,,,,,ChIJ23da4s84hY4RL4yBiT6KavE,2021-02-06,-17,-1,32,-59,-13,0
AW,Aruba,,,,,,ChIJ23da4s84hY4RL4yBiT6KavE,2021-02-07,-19,-13,40,-58,-13,-1
AW,Aruba,,,,,,ChIJ23da4s84hY4RL4yBiT6KavE,2021-02-08,-15,-9,42,-49,-24,3
AW,Aruba,,,,,,ChIJ23da4s84hY4RL4yBiT6KavE,2021-02-09,-17,-9,25,-52,-11,-2
AW,Aruba,,,,,,ChIJ23da4s84hY4RL4yBiT6KavE,2021-02-10,-18,-11,17,-49,-11,-1
AW,Aruba,,,,,,ChIJ23da4s84hY4RL4yBiT6KavE,2021-02-11,-18,-7,25,-48,-11,-4
AW,Aruba,,,,,,ChIJ23da4s84hY4RL4yBiT6KavE,2021-02-12,-12,-3,37,-42,-8,-8
AW,Aruba,,,,,,ChIJ23da4s84hY4RL4yBiT6KavE,2021-02-13,-13,3,35,-55,-12,-7
AW,Aruba,,,,,,ChIJ23da4s84hY4RL4yBiT6KavE,2021-02-14,0,-7,53,-54,-10,-8
AW,Aruba,,,,,,ChIJ23da4s84hY4RL4yBiT6KavE,2021-02-15,-35,-41,72,-63,-67,10
AW,Aruba,,,,,,ChIJ23da4s84hY4RL4yBiT6KavE,2021-02-16,-18,-5,32,-50,-12,-8
AW,Aruba,,,,,,ChIJ23da4s84hY4RL4yBiT6KavE,2021-02-17,-20,-8,22,-49,-11,-7
AW,Aruba,,,,,,ChIJ23da4s84hY4RL4yBiT6KavE,2021-02-18,-19,-8,20,-51,-11,-7
AW,Aruba,,,,,,ChIJ23da4s84hY4RL4yBiT6KavE,2021-02-19,-14,-1,35,-47,-6,-9
AW,Aruba,,,,,,ChIJ23da4s84hY4RL4yBiT6KavE,2021-02-20,-16,1,34,-54,-10,-6
AW,Aruba,,,,,,ChIJ23da4s84hY4RL4yBiT6KavE,2021-02-21,-18,-11,42,-53,-12,-6
AW,Aruba,,,,,,ChIJ23da4s84hY4RL4yBiT6KavE,2021-02-22,-16,-7,46,-49,-9,-8
AW,Aruba,,,,,,ChIJ23da4s84hY4RL4yBiT6KavE,2021-02-23,-12,-2,29,-56,-10,-8
AW,Aruba,,,,,,ChIJ23da4s84hY4RL4yBiT6KavE,2021-02-24,-13,-2,16,-53,-10,-7
AW,Aruba,,,,,,ChIJ23da4s84hY4RL4yBiT6KavE,2021-02-25,-11,-4,29,-53,-9,-9
AW,Aruba,,,,,,ChIJ23da4s84hY4RL4yBiT6KavE,2021-02-26,0,7,37,-46,-5,-11
AW,Aruba,,,,,,ChIJ23da4s84hY4RL4yBiT6KavE,2021-02-27,-3,13,42,-56,-8,-9
AW,Aruba,,,,,,ChIJ23da4s84hY4RL4yBiT6KavE,2021-02-28,-8,-1,49,-51,-6,-8
AW,Aruba,,,,,,ChIJ23da4s84hY4RL4yBiT6KavE,2021-03-01,-4,4,43,-51,-9,-10
AW,Aruba,,,,,,ChIJ23da4s84hY4RL4yBiT6KavE,2021-03-02,-8,-1,32,-53,-8,-9
AW,Aruba,,,,,,ChIJ23da4s84hY4RL4yBiT6KavE,2021-03-03,-9,-2,20,-51,-8,-9
AW,Aruba,,,,,,ChIJ23da4s84hY4RL4yBiT6KavE,2021-03-04,-12,-1,26,-48,-7,-9
AW,Aruba,,,,,,ChIJ23da4s84hY4RL4yBiT6KavE,2021-03-05,-6,3,38,-48,-5,-11
