country_region_code,country_region,sub_region_1,sub_region_2,metro_area,iso_3166_2_code,census_fips_code,place_id,date,retail_and_recreation_percent_change_from_baseline,grocery_and_pharmacy_percent_change_from_baseline,parks_percent_change_from_baseline,transit_stations_percent_change_from_baseline,workplaces_percent_change_from_baseline,residential_percent_change_from_baseline
MT,Malta,,,,,,ChIJxUeGHShFDhMROUK-NmHYgvU,2020-02-15,6,3,21,6,3,-1
MT,Malta,,,,,,ChIJxUeGHShFDhMROUK-NmHYgvU,2020-02-16,6,12,16,6,2,-1
MT,Malta,,,,,,ChIJxUeGHShFDhMROUK-NmHYgvU,2020-02-17,5,5,32,6,3,-1
MT,Malta,,,,,,ChIJxUeGHShFDhMROUK-NmHYgvU,2020-02-18,9,4,23,5,3,-1
MT,Malta,,,,,,ChIJxUeGHShFDhMROUK-NmHYgvU,2020-02-19,7,3,18,7,3,-1
MT,Malta,,,,,,ChIJxUeGHShFDhMROUK-NmHYgvU,2020-02-20,9,3,22,8,3,-1
MT,Malta,,,,,,ChIJxUeGHShFDhMROUK-NmHYgvU,2020-02-21,10,6,36,12,0,-1
MT,Malta,,,,,,ChIJxUeGHShFDhMROUK-NmHYgvU,2020-02-22,7,3,60,11,0,-2
MT,Malta,,,,,,ChIJxUeGHShFDhMROUK-NmHYgvU,2020-02-23,11,9,60,14,2,-3
MT,Malta,,,,,,ChIJxUeGHShFDhMROUK-NmHYgvU,2020-02-24,13,10,62,9,-9,0
MT,Malta,,,,,,ChIJxUeGHShFDhMROUK-NmHYgvU,2020-02-25,16,23,65,12,-7,-1
MT,Malta,,,,,,ChIJxUeGHShFDhMROUK-NmHYgvU,2020-02-26,5,15,25,6,-4,1
MT,Malta,,,,,,ChIJxUeGHShFDhMROUK-NmHYgvU,2020-02-27,4,6,13,3,3,1
MT,Malta,,,,,,ChIJxUeGHShFDhMROUK-NmHYgvU,2020-02-28,7,7,14,4,3,0
MT,Malta,,,,,,ChIJxUeGHShFDhMROUK-NmHYgvU,2020-02-29,7,7,16,5,4,0
MT,Malta,,,,,,ChIJxUeGHShFDhMROUK-NmHYgvU,2020-03-01,12,10,24,9,3,-1
MT,Malta,,,,,,ChIJxUeGHShFDhMROUK-NmHYgvU,2020-03-02,6,7,32,5,3,0
MT,Malta,,,,,,ChIJxUeGHShFDhMROUK-NmHYgvU,2020-03-03,4,4,-9,-1,3,1
MT,Malta,,,,,,ChIJxUeGHShFDhMROUK-NmHYgvU,2020-03-04,1,5,-3,0,3,1
MT,Malta,,,,,,ChIJxUeGHShFDhMROUK-NmHYgvU,2020-03-05,7,5,17,4,3,0
MT,Malta,,,,,,ChIJxUeGHShFDhMROUK-NmHYgvU,2020-03-06,8,8,22,4,4,0
MT,Malta,,,,,,ChIJxUeGHShFDhMROUK-NmHYgvU,2020-03-07,1,14,-6,-1,4,1
MT,Malta,,,,,,ChIJxUeGHShFDhMROUK-NmHYgvU,2020-03-08,0,11,-1,-3,2,1
MT,Malta,,,,,,ChIJxUeGHShFDhMROUK-NmHYgvU,2020-03-09,-1,12,15,1,3,1
MT,Malta,,,,,,ChIJxUeGHShFDhMROUK-NmHYgvU,2020-03-10,-1,16,0,-2,2,2
MT,Malta,,,,,,ChIJxUeGHShFDhMROUK-NmHYgvU,2020-03-11,-3,17,18,0,2,2
MT,Malta,,,,,,ChIJxUeGHShFDhMROUK-NmHYgvU,2020-03-12,-11,37,3,-9,-3,5
MT,Malta,,,,,,ChIJxUeGHShFDhMROUK-NmHYgvU,2020-03-13,-28,25,-6,-22,-22,13
MT,Malta,,,,,,ChIJxUeGHShFDhMROUK-NmHYgvU,2020-03-14,-43,1,-13,-26,-14,11
MT,Malta,,,,,,ChIJxUeGHShFDhMROUK-NmHYgvU,2020-03-15,-55,-16,-19,-36,-22,12
MT,Malta,,,,,,ChIJxUeGHShFDhMROUK-NmHYgvU,2020-03-16,-39,-7,-27,-35,-34,16
MT,Malta,,,,,,ChIJxUeGHShFDhMROUK-NmHYgvU,2020-03-17,-45,-6,-44,-39,-41,19
MT,Malta,,,,,,ChIJxUeGHShFDhMROUK-NmHYgvU,2020-03-18,-52,-7,-34,-38,-44,20
MT,Malta,,,,,,ChIJxUeGHShFDhMROUK-NmHYgvU,2020-03-19,-70,-33,-13,-51,-78,31
MT,Malta,,,,,,ChIJxUeGHShFDhMROUK-NmHYgvU,2020-03-20,-60,-13,-42,-47,-53,26
MT,Malta,,,,,,ChIJxUeGHShFDhMROUK-NmHYgvU,2020-03-21,-74,-30,-69,-59,-41,21
MT,Malta,,,,,,ChIJxUeGHShFDhMROUK-NmHYgvU,2020-03-22,-80,-39,-68,-65,-47,20
MT,Malta,,,,,,ChIJxUeGHShFDhMROUK-NmHYgvU,2020-03-23,-64,-26,-46,-52,-51,24
MT,Malta,,,,,,ChIJxUeGHShFDhMROUK-NmHYgvU,2020-03-24,-65,-28,-53,-53,-53,25
MT,Malta,,,,,,ChIJxUeGHShFDhMROUK-NmHYgvU,2020-03-25,-72,-39,-67,-60,-55,27
MT,Malta,,,,,,ChIJxUeGHShFDhMROUK-NmHYgvU,2020-03-26,-67,-27,-56,-56,-54,27
MT,Malta,,,,,,ChIJxUeGHShFDhMROUK-NmHYgvU,2020-03-27,-67,-12,-54,-55,-54,28
MT,Malta,,,,,,ChIJxUeGHShFDhMROUK-NmHYgvU,2020-03-28,-72,-23,-42,-52,-47,20
MT,Malta,,,,,,ChIJxUeGHShFDhMROUK-NmHYgvU,2020-03-29,-76,-38,-45,-57,-49,19
MT,Malta,,,,,,ChIJxUeGHShFDhMROUK-NmHYgvU,2020-03-30,-66,-29,-56,-57,-62,27
MT,Malta,,,,,,ChIJxUeGHShFDhMROUK-NmHYgvU,2020-03-31,-71,-39,-17,-54,-81,32
MT,Malta,,,,,,ChIJxUeGHShFDhMROUK-NmHYgvU,2020-04-01,-62,-23,-40,-50,-54,25
MT,Malta,,,,,,ChIJxUeGHShFDhMROUK-NmHYgvU,2020-04-02,-65,-31,-55,-55,-56,27
MT,Malta,,,,,,ChIJxUeGHShFDhMROUK-NmHYgvU,2020-04-03,-70,-28,-63,-58,-56,30
MT,Malta,,,,,,ChIJxUeGHShFDhMROUK-NmHYgvU,2020-04-04,-73,-25,-49,-56,-48,21
MT,Malta,,,,,,ChIJxUeGHShFDhMROUK-NmHYgvU,2020-04-05,-74,-32,-38,-54,-48,18
MT,Malta,,,,,,ChIJxUeGHShFDhMROUK-NmHYgvU,2020-04-06,-61,-27,-35,-51,-55,24
MT,Malta,,,,,,ChIJxUeGHShFDhMROUK-NmHYgvU,2020-04-07,-62,-26,-46,-52,-56,25
MT,Malta,,,,,,ChIJxUeGHShFDhMROUK-NmHYgvU,2020-04-08,-61,-21,-27,-48,-56,25
MT,Malta,,,,,,ChIJxUeGHShFDhMROUK-NmHYgvU,2020-04-09,-60,-13,-35,-49,-58,26
MT,Malta,,,,,,ChIJxUeGHShFDhMROUK-NmHYgvU,2020-04-10,-78,-57,-16,-60,-84,37
MT,Malta,,,,,,ChIJxUeGHShFDhMROUK-NmHYgvU,2020-04-11,-71,-11,-41,-51,-50,20
MT,Malta,,,,,,ChIJxUeGHShFDhMROUK-NmHYgvU,2020-04-12,-77,-50,-41,-55,-51,19
MT,Malta,,,,,,ChIJxUeGHShFDhMROUK-NmHYgvU,2020-04-13,-61,-26,-28,-50,-59,26
MT,Malta,,,,,,ChIJxUeGHShFDhMROUK-NmHYgvU,2020-04-14,-62,-31,-41,-51,-56,26
MT,Malta,,,,,,ChIJxUeGHShFDhMROUK-NmHYgvU,2020-04-15,-63,-29,-31,-49,-56,25
MT,Malta,,,,,,ChIJxUeGHShFDhMROUK-NmHYgvU,2020-04-16,-63,-28,-36,-50,-57,26
MT,Malta,,,,,,ChIJxUeGHShFDhMROUK-NmHYgvU,2020-04-17,-64,-21,-22,-49,-56,28
MT,Malta,,,,,,ChIJxUeGHShFDhMROUK-NmHYgvU,2020-04-18,-69,-25,-26,-48,-43,19
MT,Malta,,,,,,ChIJxUeGHShFDhMROUK-NmHYgvU,2020-04-19,-72,-36,-29,-50,-44,17
MT,Malta,,,,,,ChIJxUeGHShFDhMROUK-NmHYgvU,2020-04-20,-63,-33,-47,-52,-54,25
MT,Malta,,,,,,ChIJxUeGHShFDhMROUK-NmHYgvU,2020-04-21,-59,-28,-34,-47,-53,24
MT,Malta,,,,,,ChIJxUeGHShFDhMROUK-NmHYgvU,2020-04-22,-61,-28,-26,-46,-53,24
MT,Malta,,,,,,ChIJxUeGHShFDhMROUK-NmHYgvU,2020-04-23,-60,-27,-29,-48,-54,25
MT,Malta,,,,,,ChIJxUeGHShFDhMROUK-NmHYgvU,2020-04-24,-62,-21,-27,-47,-54,27
MT,Malta,,,,,,ChIJxUeGHShFDhMROUK-NmHYgvU,2020-04-25,-66,-20,-21,-43,-42,17
MT,Malta,,,,,,ChIJxUeGHShFDhMROUK-NmHYgvU,2020-04-26,-68,-29,-24,-46,-42,16
MT,Malta,,,,,,ChIJxUeGHShFDhMROUK-NmHYgvU,2020-04-27,-56,-25,-13,-44,-51,23
MT,Malta,,,,,,ChIJxUeGHShFDhMROUK-NmHYgvU,2020-04-28,-55,-25,-19,-42,-51,21
MT,Malta,,,,,,ChIJxUeGHShFDhMROUK-NmHYgvU,2020-04-29,-59,-25,-32,-43,-51,24
MT,Malta,,,,,,ChIJxUeGHShFDhMROUK-NmHYgvU,2020-04-30,-52,-13,-12,-40,-52,22
MT,Malta,,,,,,ChIJxUeGHShFDhMROUK-NmHYgvU,2020-05-01,-67,-30,14,-46,-78,31
MT,Malta,,,,,,ChIJxUeGHShFDhMROUK-NmHYgvU,2020-05-02,-62,-11,-21,-41,-39,17
MT,Malta,,,,,,ChIJxUeGHShFDhMROUK-NmHYgvU,2020-05-03,-65,-26,-19,-43,-37,14
MT,Malta,,,,,,ChIJxUeGHShFDhMROUK-NmHYgvU,2020-05-04,-45,-20,-11,-38,-48,21
MT,Malta,,,,,,ChIJxUeGHShFDhMROUK-NmHYgvU,2020-05-05,-46,-19,-15,-37,-47,21
MT,Malta,,,,,,ChIJxUeGHShFDhMROUK-NmHYgvU,2020-05-06,-46,-16,-1,-33,-47,21
MT,Malta,,,,,,ChIJxUeGHShFDhMROUK-NmHYgvU,2020-05-07,-47,-15,-17,-36,-48,22
MT,Malta,,,,,,ChIJxUeGHShFDhMROUK-NmHYgvU,2020-05-08,-48,-6,-3,-33,-47,23
MT,Malta,,,,,,ChIJxUeGHShFDhMROUK-NmHYgvU,2020-05-09,-50,-4,-8,-28,-31,14
MT,Malta,,,,,,ChIJxUeGHShFDhMROUK-NmHYgvU,2020-05-10,-61,-19,-26,-34,-31,13
MT,Malta,,,,,,ChIJxUeGHShFDhMROUK-NmHYgvU,2020-05-11,-45,-17,-16,-36,-45,20
MT,Malta,,,,,,ChIJxUeGHShFDhMROUK-NmHYgvU,2020-05-12,-44,-18,-5,-32,-45,20
MT,Malta,,,,,,ChIJxUeGHShFDhMROUK-NmHYgvU,2020-05-13,-47,-17,-10,-35,-45,21
MT,Malta,,,,,,ChIJxUeGHShFDhMROUK-NmHYgvU,2020-05-14,-47,-17,-8,-37,-46,20
MT,Malta,,,,,,ChIJxUeGHShFDhMROUK-NmHYgvU,2020-05-15,-50,-10,4,-34,-47,22
MT,Malta,,,,,,ChIJxUeGHShFDhMROUK-NmHYgvU,2020-05-16,-54,-12,1,-31,-30,13
MT,Malta,,,,,,ChIJxUeGHShFDhMROUK-NmHYgvU,2020-05-17,-61,-22,-1,-35,-30,12
MT,Malta,,,,,,ChIJxUeGHShFDhMROUK-NmHYgvU,2020-05-18,-44,-15,-17,-35,-44,20
MT,Malta,,,,,,ChIJxUeGHShFDhMROUK-NmHYgvU,2020-05-19,-41,-15,-21,-35,-43,20
MT,Malta,,,,,,ChIJxUeGHShFDhMROUK-NmHYgvU,2020-05-20,-41,-14,-5,-32,-43,20
MT,Malta,,,,,,ChIJxUeGHShFDhMROUK-NmHYgvU,2020-05-21,-41,-12,-8,-33,-42,20
MT,Malta,,,,,,ChIJxUeGHShFDhMROUK-NmHYgvU,2020-05-22,-39,-7,13,-30,-42,20
MT,Malta,,,,,,ChIJxUeGHShFDhMROUK-NmHYgvU,2020-05-23,-43,-9,15,-26,-22,11
MT,Malta,,,,,,ChIJxUeGHShFDhMROUK-NmHYgvU,2020-05-24,-49,-21,14,-29,-20,9
MT,Malta,,,,,,ChIJxUeGHShFDhMROUK-NmHYgvU,2020-05-25,-32,-12,15,-30,-41,17
MT,Malta,,,,,,ChIJxUeGHShFDhMROUK-NmHYgvU,2020-05-26,-30,-13,0,-30,-38,17
MT,Malta,,,,,,ChIJxUeGHShFDhMROUK-NmHYgvU,2020-05-27,-40,-19,-18,-35,-40,19
MT,Malta,,,,,,ChIJxUeGHShFDhMROUK-NmHYgvU,2020-05-28,-29,-7,13,-27,-38,17
MT,Malta,,,,,,ChIJxUeGHShFDhMROUK-NmHYgvU,2020-05-29,-31,-4,19,-26,-39,18
MT,Malta,,,,,,ChIJxUeGHShFDhMROUK-NmHYgvU,2020-05-30,-41,-7,-22,-30,-14,11
MT,Malta,,,,,,ChIJxUeGHShFDhMROUK-NmHYgvU,2020-05-31,-41,-18,18,-25,-8,7
MT,Malta,,,,,,ChIJxUeGHShFDhMROUK-NmHYgvU,2020-06-01,-27,-9,14,-27,-37,16
MT,Malta,,,,,,ChIJxUeGHShFDhMROUK-NmHYgvU,2020-06-02,-25,-11,2,-27,-35,15
MT,Malta,,,,,,ChIJxUeGHShFDhMROUK-NmHYgvU,2020-06-03,-25,-10,25,-24,-35,15
MT,Malta,,,,,,ChIJxUeGHShFDhMROUK-NmHYgvU,2020-06-04,-25,-8,13,-27,-35,16
MT,Malta,,,,,,ChIJxUeGHShFDhMROUK-NmHYgvU,2020-06-05,-27,-4,-3,-27,-34,16
MT,Malta,,,,,,ChIJxUeGHShFDhMROUK-NmHYgvU,2020-06-06,-28,-4,0,-23,-9,8
MT,Malta,,,,,,ChIJxUeGHShFDhMROUK-NmHYgvU,2020-06-07,-34,-19,17,-24,-6,5
MT,Malta,,,,,,ChIJxUeGHShFDhMROUK-NmHYgvU,2020-06-08,-23,-9,17,-25,-32,13
MT,Malta,,,,,,ChIJxUeGHShFDhMROUK-NmHYgvU,2020-06-09,-20,-12,5,-25,-30,13
MT,Malta,,,,,,ChIJxUeGHShFDhMROUK-NmHYgvU,2020-06-10,-20,-8,23,-22,-30,12
MT,Malta,,,,,,ChIJxUeGHShFDhMROUK-NmHYgvU,2020-06-11,-19,-7,22,-24,-31,12
MT,Malta,,,,,,ChIJxUeGHShFDhMROUK-NmHYgvU,2020-06-12,-20,-2,33,-23,-31,12
MT,Malta,,,,,,ChIJxUeGHShFDhMROUK-NmHYgvU,2020-06-13,-25,-4,29,-20,-6,4
MT,Malta,,,,,,ChIJxUeGHShFDhMROUK-NmHYgvU,2020-06-14,-31,-18,21,-26,-1,3
MT,Malta,,,,,,ChIJxUeGHShFDhMROUK-NmHYgvU,2020-06-15,-19,-8,10,-25,-30,12
MT,Malta,,,,,,ChIJxUeGHShFDhMROUK-NmHYgvU,2020-06-16,-14,-7,-1,-24,-28,12
MT,Malta,,,,,,ChIJxUeGHShFDhMROUK-NmHYgvU,2020-06-17,-14,-6,28,-20,-28,11
MT,Malta,,,,,,ChIJxUeGHShFDhMROUK-NmHYgvU,2020-06-18,-14,-7,28,-23,-29,11
MT,Malta,,,,,,ChIJxUeGHShFDhMROUK-NmHYgvU,2020-06-19,-14,-1,31,-21,-30,10
MT,Malta,,,,,,ChIJxUeGHShFDhMROUK-NmHYgvU,2020-06-20,-17,-1,26,-19,-4,3
MT,Malta,,,,,,ChIJxUeGHShFDhMROUK-NmHYgvU,2020-06-21,-24,-15,5,-24,4,3
MT,Malta,,,,,,ChIJxUeGHShFDhMROUK-NmHYgvU,2020-06-22,-15,-7,23,-24,-30,10
MT,Malta,,,,,,ChIJxUeGHShFDhMROUK-NmHYgvU,2020-06-23,-11,-8,18,-21,-28,10
MT,Malta,,,,,,ChIJxUeGHShFDhMROUK-NmHYgvU,2020-06-24,-11,-8,35,-19,-27,9
MT,Malta,,,,,,ChIJxUeGHShFDhMROUK-NmHYgvU,2020-06-25,-10,-5,32,-20,-27,9
MT,Malta,,,,,,ChIJxUeGHShFDhMROUK-NmHYgvU,2020-06-26,-10,1,44,-16,-30,8
MT,Malta,,,,,,ChIJxUeGHShFDhMROUK-NmHYgvU,2020-06-27,-16,-2,40,-16,-7,1
MT,Malta,,,,,,ChIJxUeGHShFDhMROUK-NmHYgvU,2020-06-28,-22,-15,34,-21,2,0
MT,Malta,,,,,,ChIJxUeGHShFDhMROUK-NmHYgvU,2020-06-29,-16,-22,115,-23,-68,13
MT,Malta,,,,,,ChIJxUeGHShFDhMROUK-NmHYgvU,2020-06-30,-3,1,17,-17,-27,7
MT,Malta,,,,,,ChIJxUeGHShFDhMROUK-NmHYgvU,2020-07-01,-5,-3,41,-10,-25,6
MT,Malta,,,,,,ChIJxUeGHShFDhMROUK-NmHYgvU,2020-07-02,-5,-5,31,-15,-26,7
MT,Malta,,,,,,ChIJxUeGHShFDhMROUK-NmHYgvU,2020-07-03,-7,2,41,-13,-26,6
MT,Malta,,,,,,ChIJxUeGHShFDhMROUK-NmHYgvU,2020-07-04,-13,-3,28,-14,-5,1
MT,Malta,,,,,,ChIJxUeGHShFDhMROUK-NmHYgvU,2020-07-05,-20,-13,15,-21,3,1
MT,Malta,,,,,,ChIJxUeGHShFDhMROUK-NmHYgvU,2020-07-06,-6,-4,39,-14,-26,6
MT,Malta,,,,,,ChIJxUeGHShFDhMROUK-NmHYgvU,2020-07-07,0,-1,25,-12,-25,6
MT,Malta,,,,,,ChIJxUeGHShFDhMROUK-NmHYgvU,2020-07-08,-3,-5,52,-12,-24,5
MT,Malta,,,,,,ChIJxUeGHShFDhMROUK-NmHYgvU,2020-07-09,-4,-3,46,-13,-24,6
MT,Malta,,,,,,ChIJxUeGHShFDhMROUK-NmHYgvU,2020-07-10,-5,1,59,-12,-25,5
MT,Malta,,,,,,ChIJxUeGHShFDhMROUK-NmHYgvU,2020-07-11,-12,-4,51,-11,-5,0
MT,Malta,,,,,,ChIJxUeGHShFDhMROUK-NmHYgvU,2020-07-12,-20,-14,32,-17,2,-1
MT,Malta,,,,,,ChIJxUeGHShFDhMROUK-NmHYgvU,2020-07-13,-4,-3,53,-12,-26,5
MT,Malta,,,,,,ChIJxUeGHShFDhMROUK-NmHYgvU,2020-07-14,1,-3,38,-11,-24,5
MT,Malta,,,,,,ChIJxUeGHShFDhMROUK-NmHYgvU,2020-07-15,1,-3,59,-10,-22,4
MT,Malta,,,,,,ChIJxUeGHShFDhMROUK-NmHYgvU,2020-07-16,1,-5,54,-11,-23,5
MT,Malta,,,,,,ChIJxUeGHShFDhMROUK-NmHYgvU,2020-07-17,0,1,54,-8,-25,4
MT,Malta,,,,,,ChIJxUeGHShFDhMROUK-NmHYgvU,2020-07-18,-8,-4,47,-8,-5,-1
MT,Malta,,,,,,ChIJxUeGHShFDhMROUK-NmHYgvU,2020-07-19,-14,-12,31,-11,1,-1
MT,Malta,,,,,,ChIJxUeGHShFDhMROUK-NmHYgvU,2020-07-20,-2,-2,62,-8,-26,5
MT,Malta,,,,,,ChIJxUeGHShFDhMROUK-NmHYgvU,2020-07-21,5,-3,50,-6,-24,4
MT,Malta,,,,,,ChIJxUeGHShFDhMROUK-NmHYgvU,2020-07-22,5,-2,72,-5,-21,4
MT,Malta,,,,,,ChIJxUeGHShFDhMROUK-NmHYgvU,2020-07-23,5,-3,63,-6,-23,4
MT,Malta,,,,,,ChIJxUeGHShFDhMROUK-NmHYgvU,2020-07-24,1,3,70,-4,-24,4
MT,Malta,,,,,,ChIJxUeGHShFDhMROUK-NmHYgvU,2020-07-25,-7,-3,57,-6,-7,-1
MT,Malta,,,,,,ChIJxUeGHShFDhMROUK-NmHYgvU,2020-07-26,-14,-11,37,-12,1,-1
MT,Malta,,,,,,ChIJxUeGHShFDhMROUK-NmHYgvU,2020-07-27,0,-1,69,-6,-26,4
MT,Malta,,,,,,ChIJxUeGHShFDhMROUK-NmHYgvU,2020-07-28,4,-2,51,-8,-24,5
MT,Malta,,,,,,ChIJxUeGHShFDhMROUK-NmHYgvU,2020-07-29,3,-1,71,-5,-24,4
MT,Malta,,,,,,ChIJxUeGHShFDhMROUK-NmHYgvU,2020-07-30,3,-3,64,-9,-25,5
MT,Malta,,,,,,ChIJxUeGHShFDhMROUK-NmHYgvU,2020-07-31,2,4,72,-6,-27,4
MT,Malta,,,,,,ChIJxUeGHShFDhMROUK-NmHYgvU,2020-08-01,-8,-4,48,-6,-8,0
MT,Malta,,,,,,ChIJxUeGHShFDhMROUK-NmHYgvU,2020-08-02,-14,-9,35,-13,-2,0
MT,Malta,,,,,,ChIJxUeGHShFDhMROUK-NmHYgvU,2020-08-03,2,-1,69,-7,-27,5
MT,Malta,,,,,,ChIJxUeGHShFDhMROUK-NmHYgvU,2020-08-04,8,1,51,-7,-25,5
MT,Malta,,,,,,ChIJxUeGHShFDhMROUK-NmHYgvU,2020-08-05,9,3,70,-4,-24,5
MT,Malta,,,,,,ChIJxUeGHShFDhMROUK-NmHYgvU,2020-08-06,7,1,66,-4,-25,5
MT,Malta,,,,,,ChIJxUeGHShFDhMROUK-NmHYgvU,2020-08-07,-1,2,76,-5,-26,5
MT,Malta,,,,,,ChIJxUeGHShFDhMROUK-NmHYgvU,2020-08-08,-7,-3,57,-5,-9,1
MT,Malta,,,,,,ChIJxUeGHShFDhMROUK-NmHYgvU,2020-08-09,-14,-10,40,-11,-3,1
MT,Malta,,,,,,ChIJxUeGHShFDhMROUK-NmHYgvU,2020-08-10,4,2,93,-5,-32,6
MT,Malta,,,,,,ChIJxUeGHShFDhMROUK-NmHYgvU,2020-08-11,10,1,74,-6,-32,6
MT,Malta,,,,,,ChIJxUeGHShFDhMROUK-NmHYgvU,2020-08-12,5,0,94,-4,-32,7
MT,Malta,,,,,,ChIJxUeGHShFDhMROUK-NmHYgvU,2020-08-13,6,1,87,-6,-35,8
MT,Malta,,,,,,ChIJxUeGHShFDhMROUK-NmHYgvU,2020-08-14,0,8,84,-8,-39,8
MT,Malta,,,,,,ChIJxUeGHShFDhMROUK-NmHYgvU,2020-08-15,-29,-22,60,-17,-34,5
MT,Malta,,,,,,ChIJxUeGHShFDhMROUK-NmHYgvU,2020-08-16,-20,-12,37,-17,-7,2
MT,Malta,,,,,,ChIJxUeGHShFDhMROUK-NmHYgvU,2020-08-17,-2,0,,-10,-37,8
MT,Malta,,,,,,ChIJxUeGHShFDhMROUK-NmHYgvU,2020-08-18,2,-4,,-11,-32,8
MT,Malta,,,,,,ChIJxUeGHShFDhMROUK-NmHYgvU,2020-08-19,-2,-4,,-10,-32,8
MT,Malta,,,,,,ChIJxUeGHShFDhMROUK-NmHYgvU,2020-08-20,-3,-6,,-12,-32,8
MT,Malta,,,,,,ChIJxUeGHShFDhMROUK-NmHYgvU,2020-08-21,-10,-2,,-11,-33,8
MT,Malta,,,,,,ChIJxUeGHShFDhMROUK-NmHYgvU,2020-08-22,-17,-9,56,-12,-12,2
MT,Malta,,,,,,ChIJxUeGHShFDhMROUK-NmHYgvU,2020-08-23,-22,-15,24,-18,-2,2
MT,Malta,,,,,,ChIJxUeGHShFDhMROUK-NmHYgvU,2020-08-24,-4,-5,,-13,-29,7
MT,Malta,,,,,,ChIJxUeGHShFDhMROUK-NmHYgvU,2020-08-25,-1,-6,40,-13,-26,7
MT,Malta,,,,,,ChIJxUeGHShFDhMROUK-NmHYgvU,2020-08-26,-3,-7,,-13,-26,6
MT,Malta,,,,,,ChIJxUeGHShFDhMROUK-NmHYgvU,2020-08-27,-2,-7,,-13,-27,7
MT,Malta,,,,,,ChIJxUeGHShFDhMROUK-NmHYgvU,2020-08-28,-6,-3,,-12,-28,6
MT,Malta,,,,,,ChIJxUeGHShFDhMROUK-NmHYgvU,2020-08-29,-14,-8,48,-14,-8,1
MT,Malta,,,,,,ChIJxUeGHShFDhMROUK-NmHYgvU,2020-08-30,-20,-16,24,-18,-3,1
MT,Malta,,,,,,ChIJxUeGHShFDhMROUK-NmHYgvU,2020-08-31,-6,-7,,-14,-28,7
MT,Malta,,,,,,ChIJxUeGHShFDhMROUK-NmHYgvU,2020-09-01,0,-6,34,-13,-25,6
MT,Malta,,,,,,ChIJxUeGHShFDhMROUK-NmHYgvU,2020-09-02,-2,-8,,-13,-26,6
MT,Malta,,,,,,ChIJxUeGHShFDhMROUK-NmHYgvU,2020-09-03,-3,-10,,-17,-26,7
MT,Malta,,,,,,ChIJxUeGHShFDhMROUK-NmHYgvU,2020-09-04,-5,-2,42,-13,-27,6
MT,Malta,,,,,,ChIJxUeGHShFDhMROUK-NmHYgvU,2020-09-05,-12,-7,35,-14,-8,0
MT,Malta,,,,,,ChIJxUeGHShFDhMROUK-NmHYgvU,2020-09-06,-19,-14,19,-20,-4,2
MT,Malta,,,,,,ChIJxUeGHShFDhMROUK-NmHYgvU,2020-09-07,5,0,,-14,-40,7
MT,Malta,,,,,,ChIJxUeGHShFDhMROUK-NmHYgvU,2020-09-08,-6,-25,,-21,-69,14
MT,Malta,,,,,,ChIJxUeGHShFDhMROUK-NmHYgvU,2020-09-09,-3,-6,,-12,-27,6
MT,Malta,,,,,,ChIJxUeGHShFDhMROUK-NmHYgvU,2020-09-10,-2,-10,,-14,-27,6
MT,Malta,,,,,,ChIJxUeGHShFDhMROUK-NmHYgvU,2020-09-11,-6,-4,45,-12,-27,6
MT,Malta,,,,,,ChIJxUeGHShFDhMROUK-NmHYgvU,2020-09-12,-12,-9,25,-16,-7,2
MT,Malta,,,,,,ChIJxUeGHShFDhMROUK-NmHYgvU,2020-09-13,-24,-16,-21,-24,-5,5
MT,Malta,,,,,,ChIJxUeGHShFDhMROUK-NmHYgvU,2020-09-14,-18,-17,-3,-21,-28,10
MT,Malta,,,,,,ChIJxUeGHShFDhMROUK-NmHYgvU,2020-09-15,1,-6,16,-16,-25,7
MT,Malta,,,,,,ChIJxUeGHShFDhMROUK-NmHYgvU,2020-09-16,-3,-8,31,-12,-25,7
MT,Malta,,,,,,ChIJxUeGHShFDhMROUK-NmHYgvU,2020-09-17,-2,-11,32,-14,-27,7
MT,Malta,,,,,,ChIJxUeGHShFDhMROUK-NmHYgvU,2020-09-18,-3,-3,40,-9,-26,5
MT,Malta,,,,,,ChIJxUeGHShFDhMROUK-NmHYgvU,2020-09-19,-8,-5,36,-9,-5,0
MT,Malta,,,,,,ChIJxUeGHShFDhMROUK-NmHYgvU,2020-09-20,-11,-12,25,-13,0,1
MT,Malta,,,,,,ChIJxUeGHShFDhMROUK-NmHYgvU,2020-09-21,-4,-19,113,-14,-68,13
MT,Malta,,,,,,ChIJxUeGHShFDhMROUK-NmHYgvU,2020-09-22,-2,-4,23,-9,-25,6
MT,Malta,,,,,,ChIJxUeGHShFDhMROUK-NmHYgvU,2020-09-23,-6,-5,31,-7,-24,7
MT,Malta,,,,,,ChIJxUeGHShFDhMROUK-NmHYgvU,2020-09-24,-3,-8,36,-8,-23,7
MT,Malta,,,,,,ChIJxUeGHShFDhMROUK-NmHYgvU,2020-09-25,-6,0,32,-8,-24,7
MT,Malta,,,,,,ChIJxUeGHShFDhMROUK-NmHYgvU,2020-09-26,-9,1,7,-9,-3,3
MT,Malta,,,,,,ChIJxUeGHShFDhMROUK-NmHYgvU,2020-09-27,-19,-8,-12,-15,-1,5
MT,Malta,,,,,,ChIJxUeGHShFDhMROUK-NmHYgvU,2020-09-28,-5,-4,35,-10,-24,7
MT,Malta,,,,,,ChIJxUeGHShFDhMROUK-NmHYgvU,2020-09-29,-3,-6,22,-10,-22,7
MT,Malta,,,,,,ChIJxUeGHShFDhMROUK-NmHYgvU,2020-09-30,-3,-4,40,-7,-22,6
MT,Malta,,,,,,ChIJxUeGHShFDhMROUK-NmHYgvU,2020-10-01,-6,-6,32,-12,-21,6
MT,Malta,,,,,,ChIJxUeGHShFDhMROUK-NmHYgvU,2020-10-02,-8,-1,36,-7,-21,6
MT,Malta,,,,,,ChIJxUeGHShFDhMROUK-NmHYgvU,2020-10-03,-10,-1,24,-8,-2,2
MT,Malta,,,,,,ChIJxUeGHShFDhMROUK-NmHYgvU,2020-10-04,-14,-6,11,-11,1,3
MT,Malta,,,,,,ChIJxUeGHShFDhMROUK-NmHYgvU,2020-10-05,-14,-7,15,-14,-24,7
MT,Malta,,,,,,ChIJxUeGHShFDhMROUK-NmHYgvU,2020-10-06,-5,-3,18,-9,-21,6
MT,Malta,,,,,,ChIJxUeGHShFDhMROUK-NmHYgvU,2020-10-07,-8,-4,23,-8,-20,7
MT,Malta,,,,,,ChIJxUeGHShFDhMROUK-NmHYgvU,2020-10-08,-7,-6,23,-12,-21,7
MT,Malta,,,,,,ChIJxUeGHShFDhMROUK-NmHYgvU,2020-10-09,-9,-3,27,-10,-21,7
MT,Malta,,,,,,ChIJxUeGHShFDhMROUK-NmHYgvU,2020-10-10,-8,-3,31,-8,-3,2
MT,Malta,,,,,,ChIJxUeGHShFDhMROUK-NmHYgvU,2020-10-11,-13,-6,23,-11,-1,3
MT,Malta,,,,,,ChIJxUeGHShFDhMROUK-NmHYgvU,2020-10-12,-22,-9,-15,-19,-25,10
MT,Malta,,,,,,ChIJxUeGHShFDhMROUK-NmHYgvU,2020-10-13,-11,-4,-4,-13,-21,8
MT,Malta,,,,,,ChIJxUeGHShFDhMROUK-NmHYgvU,2020-10-14,-11,-5,19,-8,-20,8
MT,Malta,,,,,,ChIJxUeGHShFDhMROUK-NmHYgvU,2020-10-15,-14,-9,8,-13,-21,9
MT,Malta,,,,,,ChIJxUeGHShFDhMROUK-NmHYgvU,2020-10-16,-13,1,17,-9,-21,8
MT,Malta,,,,,,ChIJxUeGHShFDhMROUK-NmHYgvU,2020-10-17,-18,-3,14,-12,-6,5
MT,Malta,,,,,,ChIJxUeGHShFDhMROUK-NmHYgvU,2020-10-18,-22,-4,10,-15,-5,5
MT,Malta,,,,,,ChIJxUeGHShFDhMROUK-NmHYgvU,2020-10-19,-22,-8,-2,-17,-25,10
MT,Malta,,,,,,ChIJxUeGHShFDhMROUK-NmHYgvU,2020-10-20,-16,-10,1,-13,-22,9
MT,Malta,,,,,,ChIJxUeGHShFDhMROUK-NmHYgvU,2020-10-21,-15,-6,16,-11,-22,9
MT,Malta,,,,,,ChIJxUeGHShFDhMROUK-NmHYgvU,2020-10-22,-16,-8,22,-13,-22,10
MT,Malta,,,,,,ChIJxUeGHShFDhMROUK-NmHYgvU,2020-10-23,-17,-1,22,-10,-21,9
MT,Malta,,,,,,ChIJxUeGHShFDhMROUK-NmHYgvU,2020-10-24,-18,-1,13,-13,-6,5
MT,Malta,,,,,,ChIJxUeGHShFDhMROUK-NmHYgvU,2020-10-25,-18,-3,12,-13,-3,5
MT,Malta,,,,,,ChIJxUeGHShFDhMROUK-NmHYgvU,2020-10-26,-18,-4,18,-15,-23,9
MT,Malta,,,,,,ChIJxUeGHShFDhMROUK-NmHYgvU,2020-10-27,-23,-12,-21,-21,-22,11
MT,Malta,,,,,,ChIJxUeGHShFDhMROUK-NmHYgvU,2020-10-28,-16,-5,1,-15,-21,9
MT,Malta,,,,,,ChIJxUeGHShFDhMROUK-NmHYgvU,2020-10-29,-17,-8,5,-17,-22,10
MT,Malta,,,,,,ChIJxUeGHShFDhMROUK-NmHYgvU,2020-10-30,-18,2,1,-15,-22,10
MT,Malta,,,,,,ChIJxUeGHShFDhMROUK-NmHYgvU,2020-10-31,-17,1,11,-13,-6,4
MT,Malta,,,,,,ChIJxUeGHShFDhMROUK-NmHYgvU,2020-11-01,-24,-6,11,-15,-6,4
MT,Malta,,,,,,ChIJxUeGHShFDhMROUK-NmHYgvU,2020-11-02,-15,-7,25,-16,-32,10
MT,Malta,,,,,,ChIJxUeGHShFDhMROUK-NmHYgvU,2020-11-03,-13,-7,5,-17,-30,10
MT,Malta,,,,,,ChIJxUeGHShFDhMROUK-NmHYgvU,2020-11-04,-16,-7,18,-16,-28,10
MT,Malta,,,,,,ChIJxUeGHShFDhMROUK-NmHYgvU,2020-11-05,-22,-9,3,-20,-21,10
MT,Malta,,,,,,ChIJxUeGHShFDhMROUK-NmHYgvU,2020-11-06,-23,-4,-1,-18,-22,10
MT,Malta,,,,,,ChIJxUeGHShFDhMROUK-NmHYgvU,2020-11-07,-21,-2,5,-18,-7,6
MT,Malta,,,,,,ChIJxUeGHShFDhMROUK-NmHYgvU,2020-11-08,-25,-4,-1,-20,-6,6
MT,Malta,,,,,,ChIJxUeGHShFDhMROUK-NmHYgvU,2020-11-09,-21,-6,2,-21,-22,10
MT,Malta,,,,,,ChIJxUeGHShFDhMROUK-NmHYgvU,2020-11-10,-19,-8,-9,-20,-21,10
MT,Malta,,,,,,ChIJxUeGHShFDhMROUK-NmHYgvU,2020-11-11,-19,-8,3,-18,-21,10
MT,Malta,,,,,,ChIJxUeGHShFDhMROUK-NmHYgvU,2020-11-12,-20,-11,0,-21,-21,10
MT,Malta,,,,,,ChIJxUeGHShFDhMROUK-NmHYgvU,2020-11-13,-21,-1,0,-17,-22,10
MT,Malta,,,,,,ChIJxUeGHShFDhMROUK-NmHYgvU,2020-11-14,-20,-3,13,-18,-7,5
MT,Malta,,,,,,ChIJxUeGHShFDhMROUK-NmHYgvU,2020-11-15,-28,-7,-6,-24,-8,6
MT,Malta,,,,,,ChIJxUeGHShFDhMROUK-NmHYgvU,2020-11-16,-20,-6,2,-21,-22,10
MT,Malta,,,,,,ChIJxUeGHShFDhMROUK-NmHYgvU,2020-11-17,-27,-14,-35,-28,-22,12
MT,Malta,,,,,,ChIJxUeGHShFDhMROUK-NmHYgvU,2020-11-18,-19,-7,-5,-18,-21,10
MT,Malta,,,,,,ChIJxUeGHShFDhMROUK-NmHYgvU,2020-11-19,-20,-9,-23,-23,-22,11
MT,Malta,,,,,,ChIJxUeGHShFDhMROUK-NmHYgvU,2020-11-20,-22,-4,-27,-20,-22,12
MT,Malta,,,,,,ChIJxUeGHShFDhMROUK-NmHYgvU,2020-11-21,-25,-5,-38,-26,-8,8
MT,Malta,,,,,,ChIJxUeGHShFDhMROUK-NmHYgvU,2020-11-22,-36,-13,-52,-35,-11,10
MT,Malta,,,,,,ChIJxUeGHShFDhMROUK-NmHYgvU,2020-11-23,-20,-6,-22,-24,-23,11
MT,Malta,,,,,,ChIJxUeGHShFDhMROUK-NmHYgvU,2020-11-24,-17,-9,-30,-23,-21,11
MT,Malta,,,,,,ChIJxUeGHShFDhMROUK-NmHYgvU,2020-11-25,-18,-9,-26,-21,-21,10
MT,Malta,,,,,,ChIJxUeGHShFDhMROUK-NmHYgvU,2020-11-26,-13,-7,-18,-20,-21,10
MT,Malta,,,,,,ChIJxUeGHShFDhMROUK-NmHYgvU,2020-11-27,-7,3,-15,-16,-22,9
MT,Malta,,,,,,ChIJxUeGHShFDhMROUK-NmHYgvU,2020-11-28,-18,-2,-32,-24,-8,7
MT,Malta,,,,,,ChIJxUeGHShFDhMROUK-NmHYgvU,2020-11-29,-28,-8,-53,-32,-8,9
MT,Malta,,,,,,ChIJxUeGHShFDhMROUK-NmHYgvU,2020-11-30,-14,-3,-9,-19,-22,9
MT,Malta,,,,,,ChIJxUeGHShFDhMROUK-NmHYgvU,2020-12-01,-14,-6,-23,-19,-20,9
MT,Malta,,,,,,ChIJxUeGHShFDhMROUK-NmHYgvU,2020-12-02,-17,-5,-26,-20,-20,10
MT,Malta,,,,,,ChIJxUeGHShFDhMROUK-NmHYgvU,2020-12-03,-23,-12,-40,-27,-21,12
MT,Malta,,,,,,ChIJxUeGHShFDhMROUK-NmHYgvU,2020-12-04,-16,1,-19,-17,-20,10
MT,Malta,,,,,,ChIJxUeGHShFDhMROUK-NmHYgvU,2020-12-05,-15,0,-12,-17,-5,5
MT,Malta,,,,,,ChIJxUeGHShFDhMROUK-NmHYgvU,2020-12-06,-23,-6,-43,-29,-7,8
MT,Malta,,,,,,ChIJxUeGHShFDhMROUK-NmHYgvU,2020-12-07,3,6,3,-16,-32,9
MT,Malta,,,,,,ChIJxUeGHShFDhMROUK-NmHYgvU,2020-12-08,-1,-15,4,-28,-67,19
MT,Malta,,,,,,ChIJxUeGHShFDhMROUK-NmHYgvU,2020-12-09,-17,-5,-25,-20,-20,9
MT,Malta,,,,,,ChIJxUeGHShFDhMROUK-NmHYgvU,2020-12-10,-18,-8,-26,-21,-20,10
MT,Malta,,,,,,ChIJxUeGHShFDhMROUK-NmHYgvU,2020-12-11,-20,-3,-23,-20,-20,10
MT,Malta,,,,,,ChIJxUeGHShFDhMROUK-NmHYgvU,2020-12-12,-16,0,-12,-20,-5,6
MT,Malta,,,,,,ChIJxUeGHShFDhMROUK-NmHYgvU,2020-12-13,-20,-4,-31,-28,-4,7
MT,Malta,,,,,,ChIJxUeGHShFDhMROUK-NmHYgvU,2020-12-14,-13,-2,-9,-18,-22,9
MT,Malta,,,,,,ChIJxUeGHShFDhMROUK-NmHYgvU,2020-12-15,-9,-3,-12,-15,-20,8
MT,Malta,,,,,,ChIJxUeGHShFDhMROUK-NmHYgvU,2020-12-16,-10,-2,-7,-14,-20,8
MT,Malta,,,,,,ChIJxUeGHShFDhMROUK-NmHYgvU,2020-12-17,-9,-3,-11,-16,-20,9
MT,Malta,,,,,,ChIJxUeGHShFDhMROUK-NmHYgvU,2020-12-18,-10,4,2,-11,-20,8
MT,Malta,,,,,,ChIJxUeGHShFDhMROUK-NmHYgvU,2020-12-19,-15,1,-12,-17,-6,5
MT,Malta,,,,,,ChIJxUeGHShFDhMROUK-NmHYgvU,2020-12-20,-24,-2,-43,-29,-5,8
MT,Malta,,,,,,ChIJxUeGHShFDhMROUK-NmHYgvU,2020-12-21,0,7,-3,-15,-28,9
MT,Malta,,,,,,ChIJxUeGHShFDhMROUK-NmHYgvU,2020-12-22,11,10,2,-12,-27,7
MT,Malta,,,,,,ChIJxUeGHShFDhMROUK-NmHYgvU,2020-12-23,16,26,37,-6,-36,8
MT,Malta,,,,,,ChIJxUeGHShFDhMROUK-NmHYgvU,2020-12-24,10,25,25,-14,-52,12
MT,Malta,,,,,,ChIJxUeGHShFDhMROUK-NmHYgvU,2020-12-25,-59,-53,-9,-35,-77,21
MT,Malta,,,,,,ChIJxUeGHShFDhMROUK-NmHYgvU,2020-12-26,-35,-19,-25,-32,-32,11
MT,Malta,,,,,,ChIJxUeGHShFDhMROUK-NmHYgvU,2020-12-27,-33,-22,-43,-33,-13,9
MT,Malta,,,,,,ChIJxUeGHShFDhMROUK-NmHYgvU,2020-12-28,1,2,13,-21,-49,14
MT,Malta,,,,,,ChIJxUeGHShFDhMROUK-NmHYgvU,2020-12-29,5,2,20,-16,-47,13
MT,Malta,,,,,,ChIJxUeGHShFDhMROUK-NmHYgvU,2020-12-30,6,13,41,-12,-48,12
MT,Malta,,,,,,ChIJxUeGHShFDhMROUK-NmHYgvU,2020-12-31,-3,15,29,-19,-55,14
MT,Malta,,,,,,ChIJxUeGHShFDhMROUK-NmHYgvU,2021-01-01,-55,-60,-7,-41,-77,22
MT,Malta,,,,,,ChIJxUeGHShFDhMROUK-NmHYgvU,2021-01-02,-29,-13,0,-25,-28,10
MT,Malta,,,,,,ChIJxUeGHShFDhMROUK-NmHYgvU,2021-01-03,-24,-16,-2,-18,-10,6
MT,Malta,,,,,,ChIJxUeGHShFDhMROUK-NmHYgvU,2021-01-04,-17,-6,-9,-21,-30,11
MT,Malta,,,,,,ChIJxUeGHShFDhMROUK-NmHYgvU,2021-01-05,-18,-8,-21,-22,-28,11
MT,Malta,,,,,,ChIJxUeGHShFDhMROUK-NmHYgvU,2021-01-06,-18,-8,-5,-19,-27,11
MT,Malta,,,,,,ChIJxUeGHShFDhMROUK-NmHYgvU,2021-01-07,-24,-16,-20,-26,-27,13
MT,Malta,,,,,,ChIJxUeGHShFDhMROUK-NmHYgvU,2021-01-08,-27,-10,-27,-24,-25,13
MT,Malta,,,,,,ChIJxUeGHShFDhMROUK-NmHYgvU,2021-01-09,-26,-8,-27,-24,-7,7
MT,Malta,,,,,,ChIJxUeGHShFDhMROUK-NmHYgvU,2021-01-10,-30,-13,-29,-25,-8,8
MT,Malta,,,,,,ChIJxUeGHShFDhMROUK-NmHYgvU,2021-01-11,-25,-8,-23,-22,-21,10
MT,Malta,,,,,,ChIJxUeGHShFDhMROUK-NmHYgvU,2021-01-12,-27,-15,-39,-25,-21,11
MT,Malta,,,,,,ChIJxUeGHShFDhMROUK-NmHYgvU,2021-01-13,-28,-15,-34,-24,-22,10
MT,Malta,,,,,,ChIJxUeGHShFDhMROUK-NmHYgvU,2021-01-14,-30,-19,-43,-29,-24,11
MT,Malta,,,,,,ChIJxUeGHShFDhMROUK-NmHYgvU,2021-01-15,-31,-11,-38,-27,-24,10
MT,Malta,,,,,,ChIJxUeGHShFDhMROUK-NmHYgvU,2021-01-16,-29,-12,-36,-29,-11,7
MT,Malta,,,,,,ChIJxUeGHShFDhMROUK-NmHYgvU,2021-01-17,-34,-16,-39,-32,-13,7
MT,Malta,,,,,,ChIJxUeGHShFDhMROUK-NmHYgvU,2021-01-18,-30,-15,-35,-28,-24,10
MT,Malta,,,,,,ChIJxUeGHShFDhMROUK-NmHYgvU,2021-01-19,-22,-15,-25,-23,-23,9
MT,Malta,,,,,,ChIJxUeGHShFDhMROUK-NmHYgvU,2021-01-20,-25,-15,-24,-22,-23,9
MT,Malta,,,,,,ChIJxUeGHShFDhMROUK-NmHYgvU,2021-01-21,-25,-14,-26,-26,-23,10
MT,Malta,,,,,,ChIJxUeGHShFDhMROUK-NmHYgvU,2021-01-22,-25,-11,-20,-21,-22,10
MT,Malta,,,,,,ChIJxUeGHShFDhMROUK-NmHYgvU,2021-01-23,-25,-10,-22,-23,-9,6
MT,Malta,,,,,,ChIJxUeGHShFDhMROUK-NmHYgvU,2021-01-24,-32,-15,-31,-29,-12,7
MT,Malta,,,,,,ChIJxUeGHShFDhMROUK-NmHYgvU,2021-01-25,-25,-12,-21,-25,-24,9
MT,Malta,,,,,,ChIJxUeGHShFDhMROUK-NmHYgvU,2021-01-26,-29,-19,-46,-30,-23,11
MT,Malta,,,,,,ChIJxUeGHShFDhMROUK-NmHYgvU,2021-01-27,-24,-13,-25,-23,-23,10
MT,Malta,,,,,,ChIJxUeGHShFDhMROUK-NmHYgvU,2021-01-28,-23,-13,-23,-25,-23,10
MT,Malta,,,,,,ChIJxUeGHShFDhMROUK-NmHYgvU,2021-01-29,-21,-5,-20,-20,-22,9
MT,Malta,,,,,,ChIJxUeGHShFDhMROUK-NmHYgvU,2021-01-30,-18,-3,0,-16,-10,4
MT,Malta,,,,,,ChIJxUeGHShFDhMROUK-NmHYgvU,2021-01-31,-30,-8,-34,-27,-11,6
MT,Malta,,,,,,ChIJxUeGHShFDhMROUK-NmHYgvU,2021-02-01,-23,-7,-17,-23,-23,9
MT,Malta,,,,,,ChIJxUeGHShFDhMROUK-NmHYgvU,2021-02-02,-22,-10,-31,-22,-21,9
MT,Malta,,,,,,ChIJxUeGHShFDhMROUK-NmHYgvU,2021-02-03,-20,-11,-9,-20,-21,8
MT,Malta,,,,,,ChIJxUeGHShFDhMROUK-NmHYgvU,2021-02-04,-20,-13,-11,-24,-22,8
MT,Malta,,,,,,ChIJxUeGHShFDhMROUK-NmHYgvU,2021-02-05,-20,-4,-8,-21,-21,8
MT,Malta,,,,,,ChIJxUeGHShFDhMROUK-NmHYgvU,2021-02-06,-17,-4,8,-18,-9,3
MT,Malta,,,,,,ChIJxUeGHShFDhMROUK-NmHYgvU,2021-02-07,-27,-8,-21,-28,-11,5
MT,Malta,,,,,,ChIJxUeGHShFDhMROUK-NmHYgvU,2021-02-08,-22,-7,-20,-24,-23,8
MT,Malta,,,,,,ChIJxUeGHShFDhMROUK-NmHYgvU,2021-02-09,-8,-3,-19,-18,-21,6
MT,Malta,,,,,,ChIJxUeGHShFDhMROUK-NmHYgvU,2021-02-10,-10,-16,83,-21,-69,16
MT,Malta,,,,,,ChIJxUeGHShFDhMROUK-NmHYgvU,2021-02-11,-18,-5,-26,-26,-22,9
MT,Malta,,,,,,ChIJxUeGHShFDhMROUK-NmHYgvU,2021-02-12,-18,0,-8,-22,-22,8
MT,Malta,,,,,,ChIJxUeGHShFDhMROUK-NmHYgvU,2021-02-13,-20,0,-13,-28,-9,4
MT,Malta,,,,,,ChIJxUeGHShFDhMROUK-NmHYgvU,2021-02-14,-22,-9,-20,-32,-8,5
MT,Malta,,,,,,ChIJxUeGHShFDhMROUK-NmHYgvU,2021-02-15,-18,-7,-14,-28,-31,9
MT,Malta,,,,,,ChIJxUeGHShFDhMROUK-NmHYgvU,2021-02-16,-12,-4,-9,-24,-27,9
MT,Malta,,,,,,ChIJxUeGHShFDhMROUK-NmHYgvU,2021-02-17,-17,-3,-2,-22,-24,9
MT,Malta,,,,,,ChIJxUeGHShFDhMROUK-NmHYgvU,2021-02-18,-18,-4,-6,-23,-19,9
MT,Malta,,,,,,ChIJxUeGHShFDhMROUK-NmHYgvU,2021-02-19,-20,2,-14,-21,-18,8
MT,Malta,,,,,,ChIJxUeGHShFDhMROUK-NmHYgvU,2021-02-20,-16,3,7,-22,-6,3
MT,Malta,,,,,,ChIJxUeGHShFDhMROUK-NmHYgvU,2021-02-21,-20,0,6,-20,-6,3
MT,Malta,,,,,,ChIJxUeGHShFDhMROUK-NmHYgvU,2021-02-22,-19,-2,-11,-23,-20,8
MT,Malta,,,,,,ChIJxUeGHShFDhMROUK-NmHYgvU,2021-02-23,-17,-4,-21,-23,-17,8
MT,Malta,,,,,,ChIJxUeGHShFDhMROUK-NmHYgvU,2021-02-24,-16,-3,-6,-20,-19,8
MT,Malta,,,,,,ChIJxUeGHShFDhMROUK-NmHYgvU,2021-02-25,-15,-4,-10,-23,-19,8
MT,Malta,,,,,,ChIJxUeGHShFDhMROUK-NmHYgvU,2021-02-26,-17,6,-14,-21,-20,8
MT,Malta,,,,,,ChIJxUeGHShFDhMROUK-NmHYgvU,2021-02-27,-13,6,7,-20,-7,2
MT,Malta,,,,,,ChIJxUeGHShFDhMROUK-NmHYgvU,2021-02-28,-17,6,11,-20,-7,2
MT,Malta,,,,,,ChIJxUeGHShFDhMROUK-NmHYgvU,2021-03-01,-19,1,-12,-23,-20,8
MT,Malta,,,,,,ChIJxUeGHShFDhMROUK-NmHYgvU,2021-03-02,-16,-3,-26,-22,-19,8
MT,Malta,,,,,,ChIJxUeGHShFDhMROUK-NmHYgvU,2021-03-03,-19,-1,-18,-22,-20,9
MT,Malta,,,,,,ChIJxUeGHShFDhMROUK-NmHYgvU,2021-03-04,-17,-5,-13,-23,-21,9
MT,Malta,,,,,,ChIJxUeGHShFDhMROUK-NmHYgvU,2021-03-05,-35,6,-20,-23,-23,11
