country_region_code,country_region,sub_region_1,sub_region_2,metro_area,iso_3166_2_code,census_fips_code,place_id,date,retail_and_recreation_percent_change_from_baseline,grocery_and_pharmacy_percent_change_from_baseline,parks_percent_change_from_baseline,transit_stations_percent_change_from_baseline,workplaces_percent_change_from_baseline,residential_percent_change_from_baseline
ZM,Zambia,,,,,,ChIJcQv8_KX0QBkRRT5Yfqz5n_E,2020-02-15,-1,-4,-5,-5,7,4
ZM,Zambia,,,,,,ChIJcQv8_KX0QBkRRT5Yfqz5n_E,2020-02-16,-4,-4,-6,-7,2,3
ZM,Zambia,,,,,,ChIJcQv8_KX0QBkRRT5Yfqz5n_E,2020-02-17,-8,-10,-4,-8,8,3
ZM,Zambia,,,,,,ChIJcQv8_KX0QBkRRT5Yfqz5n_E,2020-02-18,-6,-7,0,-4,6,2
ZM,Zambia,,,,,,ChIJcQv8_KX0QBkRRT5Yfqz5n_E,2020-02-19,-8,-11,0,-7,4,3
ZM,Zambia,,,,,,ChIJcQv8_KX0QBkRRT5Yfqz5n_E,2020-02-20,-10,-15,-5,-8,1,3
ZM,Zambia,,,,,,ChIJcQv8_KX0QBkRRT5Yfqz5n_E,2020-02-21,-9,-12,2,-11,6,2
ZM,Zambia,,,,,,ChIJcQv8_KX0QBkRRT5Yfqz5n_E,2020-02-22,-3,-7,1,-9,5,3
ZM,Zambia,,,,,,ChIJcQv8_KX0QBkRRT5Yfqz5n_E,2020-02-23,-6,-9,-3,-11,0,3
ZM,Zambia,,,,,,ChIJcQv8_KX0QBkRRT5Yfqz5n_E,2020-02-24,-10,-13,-4,-11,5,4
ZM,Zambia,,,,,,ChIJcQv8_KX0QBkRRT5Yfqz5n_E,2020-02-25,-6,-8,-1,-7,5,3
ZM,Zambia,,,,,,ChIJcQv8_KX0QBkRRT5Yfqz5n_E,2020-02-26,-4,-6,2,-6,6,2
ZM,Zambia,,,,,,ChIJcQv8_KX0QBkRRT5Yfqz5n_E,2020-02-27,2,-2,-2,-2,6,1
ZM,Zambia,,,,,,ChIJcQv8_KX0QBkRRT5Yfqz5n_E,2020-02-28,2,-1,1,-4,8,2
ZM,Zambia,,,,,,ChIJcQv8_KX0QBkRRT5Yfqz5n_E,2020-02-29,14,9,3,2,7,1
ZM,Zambia,,,,,,ChIJcQv8_KX0QBkRRT5Yfqz5n_E,2020-03-01,13,8,2,0,7,1
ZM,Zambia,,,,,,ChIJcQv8_KX0QBkRRT5Yfqz5n_E,2020-03-02,6,6,0,0,10,1
ZM,Zambia,,,,,,ChIJcQv8_KX0QBkRRT5Yfqz5n_E,2020-03-03,5,4,4,3,10,2
ZM,Zambia,,,,,,ChIJcQv8_KX0QBkRRT5Yfqz5n_E,2020-03-04,6,4,4,1,9,2
ZM,Zambia,,,,,,ChIJcQv8_KX0QBkRRT5Yfqz5n_E,2020-03-05,7,6,7,5,10,0
ZM,Zambia,,,,,,ChIJcQv8_KX0QBkRRT5Yfqz5n_E,2020-03-06,7,3,8,3,12,1
ZM,Zambia,,,,,,ChIJcQv8_KX0QBkRRT5Yfqz5n_E,2020-03-07,12,6,10,4,10,1
ZM,Zambia,,,,,,ChIJcQv8_KX0QBkRRT5Yfqz5n_E,2020-03-08,11,4,13,3,12,0
ZM,Zambia,,,,,,ChIJcQv8_KX0QBkRRT5Yfqz5n_E,2020-03-09,1,-5,11,-5,-44,12
ZM,Zambia,,,,,,ChIJcQv8_KX0QBkRRT5Yfqz5n_E,2020-03-10,0,-1,8,1,10,1
ZM,Zambia,,,,,,ChIJcQv8_KX0QBkRRT5Yfqz5n_E,2020-03-11,5,0,10,1,8,0
ZM,Zambia,,,,,,ChIJcQv8_KX0QBkRRT5Yfqz5n_E,2020-03-12,-2,-4,7,-5,-43,11
ZM,Zambia,,,,,,ChIJcQv8_KX0QBkRRT5Yfqz5n_E,2020-03-13,-3,-5,5,-6,9,2
ZM,Zambia,,,,,,ChIJcQv8_KX0QBkRRT5Yfqz5n_E,2020-03-14,0,-6,6,-7,9,2
ZM,Zambia,,,,,,ChIJcQv8_KX0QBkRRT5Yfqz5n_E,2020-03-15,-4,-6,1,-9,7,2
ZM,Zambia,,,,,,ChIJcQv8_KX0QBkRRT5Yfqz5n_E,2020-03-16,-7,-7,-2,-10,8,2
ZM,Zambia,,,,,,ChIJcQv8_KX0QBkRRT5Yfqz5n_E,2020-03-17,-5,-4,0,-9,8,1
ZM,Zambia,,,,,,ChIJcQv8_KX0QBkRRT5Yfqz5n_E,2020-03-18,-3,-3,0,-8,8,3
ZM,Zambia,,,,,,ChIJcQv8_KX0QBkRRT5Yfqz5n_E,2020-03-19,-2,0,-4,-5,5,2
ZM,Zambia,,,,,,ChIJcQv8_KX0QBkRRT5Yfqz5n_E,2020-03-20,-4,-3,0,-4,5,2
ZM,Zambia,,,,,,ChIJcQv8_KX0QBkRRT5Yfqz5n_E,2020-03-21,-6,-6,-4,-10,4,5
ZM,Zambia,,,,,,ChIJcQv8_KX0QBkRRT5Yfqz5n_E,2020-03-22,-12,-9,-8,-15,1,6
ZM,Zambia,,,,,,ChIJcQv8_KX0QBkRRT5Yfqz5n_E,2020-03-23,-8,-6,-3,-12,-2,5
ZM,Zambia,,,,,,ChIJcQv8_KX0QBkRRT5Yfqz5n_E,2020-03-24,-5,-2,-7,-9,-4,5
ZM,Zambia,,,,,,ChIJcQv8_KX0QBkRRT5Yfqz5n_E,2020-03-25,-5,0,-8,-10,-5,5
ZM,Zambia,,,,,,ChIJcQv8_KX0QBkRRT5Yfqz5n_E,2020-03-26,-7,2,-8,-9,-8,6
ZM,Zambia,,,,,,ChIJcQv8_KX0QBkRRT5Yfqz5n_E,2020-03-27,-16,-6,-6,-17,-8,9
ZM,Zambia,,,,,,ChIJcQv8_KX0QBkRRT5Yfqz5n_E,2020-03-28,-14,-1,-5,-17,0,9
ZM,Zambia,,,,,,ChIJcQv8_KX0QBkRRT5Yfqz5n_E,2020-03-29,-21,-8,-6,-24,0,10
ZM,Zambia,,,,,,ChIJcQv8_KX0QBkRRT5Yfqz5n_E,2020-03-30,-11,-3,-8,-17,-12,10
ZM,Zambia,,,,,,ChIJcQv8_KX0QBkRRT5Yfqz5n_E,2020-03-31,-8,1,-4,-14,-15,9
ZM,Zambia,,,,,,ChIJcQv8_KX0QBkRRT5Yfqz5n_E,2020-04-01,-10,2,-3,-14,-15,10
ZM,Zambia,,,,,,ChIJcQv8_KX0QBkRRT5Yfqz5n_E,2020-04-02,-13,1,-4,-15,-17,11
ZM,Zambia,,,,,,ChIJcQv8_KX0QBkRRT5Yfqz5n_E,2020-04-03,-17,-5,-2,-20,-14,13
ZM,Zambia,,,,,,ChIJcQv8_KX0QBkRRT5Yfqz5n_E,2020-04-04,-19,-8,-2,-23,-1,10
ZM,Zambia,,,,,,ChIJcQv8_KX0QBkRRT5Yfqz5n_E,2020-04-05,-24,-12,-6,-28,-1,11
ZM,Zambia,,,,,,ChIJcQv8_KX0QBkRRT5Yfqz5n_E,2020-04-06,-15,-9,-5,-22,-17,12
ZM,Zambia,,,,,,ChIJcQv8_KX0QBkRRT5Yfqz5n_E,2020-04-07,-16,-9,-3,-20,-19,11
ZM,Zambia,,,,,,ChIJcQv8_KX0QBkRRT5Yfqz5n_E,2020-04-08,-16,-9,-4,-21,-18,11
ZM,Zambia,,,,,,ChIJcQv8_KX0QBkRRT5Yfqz5n_E,2020-04-09,-12,-4,-3,-18,-20,10
ZM,Zambia,,,,,,ChIJcQv8_KX0QBkRRT5Yfqz5n_E,2020-04-10,-29,-17,-2,-27,-46,20
ZM,Zambia,,,,,,ChIJcQv8_KX0QBkRRT5Yfqz5n_E,2020-04-11,-26,-16,-4,-28,-16,13
ZM,Zambia,,,,,,ChIJcQv8_KX0QBkRRT5Yfqz5n_E,2020-04-12,-27,-17,-6,-28,-3,11
ZM,Zambia,,,,,,ChIJcQv8_KX0QBkRRT5Yfqz5n_E,2020-04-13,-32,-23,-3,-32,-51,21
ZM,Zambia,,,,,,ChIJcQv8_KX0QBkRRT5Yfqz5n_E,2020-04-14,-16,-10,-4,-20,-16,11
ZM,Zambia,,,,,,ChIJcQv8_KX0QBkRRT5Yfqz5n_E,2020-04-15,-19,-12,-10,-25,-18,13
ZM,Zambia,,,,,,ChIJcQv8_KX0QBkRRT5Yfqz5n_E,2020-04-16,-18,-10,-6,-23,-19,12
ZM,Zambia,,,,,,ChIJcQv8_KX0QBkRRT5Yfqz5n_E,2020-04-17,-23,-14,-6,-26,-15,13
ZM,Zambia,,,,,,ChIJcQv8_KX0QBkRRT5Yfqz5n_E,2020-04-18,-26,-18,-9,-29,-1,13
ZM,Zambia,,,,,,ChIJcQv8_KX0QBkRRT5Yfqz5n_E,2020-04-19,-30,-22,-12,-33,-2,13
ZM,Zambia,,,,,,ChIJcQv8_KX0QBkRRT5Yfqz5n_E,2020-04-20,-22,-18,-10,-29,-16,14
ZM,Zambia,,,,,,ChIJcQv8_KX0QBkRRT5Yfqz5n_E,2020-04-21,-22,-16,-7,-27,-18,13
ZM,Zambia,,,,,,ChIJcQv8_KX0QBkRRT5Yfqz5n_E,2020-04-22,-22,-17,-8,-26,-18,14
ZM,Zambia,,,,,,ChIJcQv8_KX0QBkRRT5Yfqz5n_E,2020-04-23,-20,-12,-5,-24,-18,14
ZM,Zambia,,,,,,ChIJcQv8_KX0QBkRRT5Yfqz5n_E,2020-04-24,-20,-10,-2,-24,-15,15
ZM,Zambia,,,,,,ChIJcQv8_KX0QBkRRT5Yfqz5n_E,2020-04-25,-20,-9,-8,-25,0,12
ZM,Zambia,,,,,,ChIJcQv8_KX0QBkRRT5Yfqz5n_E,2020-04-26,-24,-14,-4,-30,1,13
ZM,Zambia,,,,,,ChIJcQv8_KX0QBkRRT5Yfqz5n_E,2020-04-27,-16,-10,-7,-23,-15,14
ZM,Zambia,,,,,,ChIJcQv8_KX0QBkRRT5Yfqz5n_E,2020-04-28,-14,-6,-1,-19,-15,12
ZM,Zambia,,,,,,ChIJcQv8_KX0QBkRRT5Yfqz5n_E,2020-04-29,-11,-1,0,-16,-14,13
ZM,Zambia,,,,,,ChIJcQv8_KX0QBkRRT5Yfqz5n_E,2020-04-30,-7,5,0,-11,-14,12
ZM,Zambia,,,,,,ChIJcQv8_KX0QBkRRT5Yfqz5n_E,2020-05-01,-23,-10,-1,-23,-44,20
ZM,Zambia,,,,,,ChIJcQv8_KX0QBkRRT5Yfqz5n_E,2020-05-02,-17,-6,-1,-20,0,12
ZM,Zambia,,,,,,ChIJcQv8_KX0QBkRRT5Yfqz5n_E,2020-05-03,-25,-13,-4,-26,2,12
ZM,Zambia,,,,,,ChIJcQv8_KX0QBkRRT5Yfqz5n_E,2020-05-04,-13,-6,-5,-18,-12,12
ZM,Zambia,,,,,,ChIJcQv8_KX0QBkRRT5Yfqz5n_E,2020-05-05,-12,-5,-2,-15,-12,12
ZM,Zambia,,,,,,ChIJcQv8_KX0QBkRRT5Yfqz5n_E,2020-05-06,-12,-2,2,-13,-13,13
ZM,Zambia,,,,,,ChIJcQv8_KX0QBkRRT5Yfqz5n_E,2020-05-07,-11,-1,1,-11,-13,13
ZM,Zambia,,,,,,ChIJcQv8_KX0QBkRRT5Yfqz5n_E,2020-05-08,-15,-4,-2,-15,-9,14
ZM,Zambia,,,,,,ChIJcQv8_KX0QBkRRT5Yfqz5n_E,2020-05-09,-14,-3,1,-15,7,11
ZM,Zambia,,,,,,ChIJcQv8_KX0QBkRRT5Yfqz5n_E,2020-05-10,-18,-9,-5,-22,7,12
ZM,Zambia,,,,,,ChIJcQv8_KX0QBkRRT5Yfqz5n_E,2020-05-11,-12,-5,0,-16,-10,13
ZM,Zambia,,,,,,ChIJcQv8_KX0QBkRRT5Yfqz5n_E,2020-05-12,-12,-5,2,-14,-11,13
ZM,Zambia,,,,,,ChIJcQv8_KX0QBkRRT5Yfqz5n_E,2020-05-13,-12,-5,0,-15,-11,13
ZM,Zambia,,,,,,ChIJcQv8_KX0QBkRRT5Yfqz5n_E,2020-05-14,-11,-1,4,-14,-10,12
ZM,Zambia,,,,,,ChIJcQv8_KX0QBkRRT5Yfqz5n_E,2020-05-15,-14,-4,3,-17,-7,14
ZM,Zambia,,,,,,ChIJcQv8_KX0QBkRRT5Yfqz5n_E,2020-05-16,-14,-3,-1,-17,8,12
ZM,Zambia,,,,,,ChIJcQv8_KX0QBkRRT5Yfqz5n_E,2020-05-17,-20,-10,-5,-25,6,12
ZM,Zambia,,,,,,ChIJcQv8_KX0QBkRRT5Yfqz5n_E,2020-05-18,-12,-6,-3,-18,-8,14
ZM,Zambia,,,,,,ChIJcQv8_KX0QBkRRT5Yfqz5n_E,2020-05-19,-14,-8,-3,-16,-10,13
ZM,Zambia,,,,,,ChIJcQv8_KX0QBkRRT5Yfqz5n_E,2020-05-20,-12,-5,1,-14,-10,14
ZM,Zambia,,,,,,ChIJcQv8_KX0QBkRRT5Yfqz5n_E,2020-05-21,-9,2,4,-12,-11,13
ZM,Zambia,,,,,,ChIJcQv8_KX0QBkRRT5Yfqz5n_E,2020-05-22,-7,5,5,-12,-6,13
ZM,Zambia,,,,,,ChIJcQv8_KX0QBkRRT5Yfqz5n_E,2020-05-23,-5,8,5,-10,8,10
ZM,Zambia,,,,,,ChIJcQv8_KX0QBkRRT5Yfqz5n_E,2020-05-24,-10,1,3,-16,10,10
ZM,Zambia,,,,,,ChIJcQv8_KX0QBkRRT5Yfqz5n_E,2020-05-25,-14,-4,2,-17,-46,19
ZM,Zambia,,,,,,ChIJcQv8_KX0QBkRRT5Yfqz5n_E,2020-05-26,-1,8,4,-6,-6,11
ZM,Zambia,,,,,,ChIJcQv8_KX0QBkRRT5Yfqz5n_E,2020-05-27,-2,9,1,-7,-6,12
ZM,Zambia,,,,,,ChIJcQv8_KX0QBkRRT5Yfqz5n_E,2020-05-28,-2,12,3,-4,-7,11
ZM,Zambia,,,,,,ChIJcQv8_KX0QBkRRT5Yfqz5n_E,2020-05-29,-4,9,9,-7,-3,12
ZM,Zambia,,,,,,ChIJcQv8_KX0QBkRRT5Yfqz5n_E,2020-05-30,-1,9,1,-6,11,8
ZM,Zambia,,,,,,ChIJcQv8_KX0QBkRRT5Yfqz5n_E,2020-05-31,-7,2,1,-12,13,9
ZM,Zambia,,,,,,ChIJcQv8_KX0QBkRRT5Yfqz5n_E,2020-06-01,-1,7,-1,-8,-3,9
ZM,Zambia,,,,,,ChIJcQv8_KX0QBkRRT5Yfqz5n_E,2020-06-02,-2,5,1,-6,-3,10
ZM,Zambia,,,,,,ChIJcQv8_KX0QBkRRT5Yfqz5n_E,2020-06-03,-2,5,3,-8,-4,11
ZM,Zambia,,,,,,ChIJcQv8_KX0QBkRRT5Yfqz5n_E,2020-06-04,-3,6,7,-6,-3,10
ZM,Zambia,,,,,,ChIJcQv8_KX0QBkRRT5Yfqz5n_E,2020-06-05,-5,4,8,-8,0,10
ZM,Zambia,,,,,,ChIJcQv8_KX0QBkRRT5Yfqz5n_E,2020-06-06,-3,4,9,-9,10,8
ZM,Zambia,,,,,,ChIJcQv8_KX0QBkRRT5Yfqz5n_E,2020-06-07,-7,-1,4,-14,12,9
ZM,Zambia,,,,,,ChIJcQv8_KX0QBkRRT5Yfqz5n_E,2020-06-08,-5,1,-1,-9,-1,10
ZM,Zambia,,,,,,ChIJcQv8_KX0QBkRRT5Yfqz5n_E,2020-06-09,-7,0,2,-9,-1,10
ZM,Zambia,,,,,,ChIJcQv8_KX0QBkRRT5Yfqz5n_E,2020-06-10,-4,2,7,-9,-2,10
ZM,Zambia,,,,,,ChIJcQv8_KX0QBkRRT5Yfqz5n_E,2020-06-11,-4,5,5,-8,-3,10
ZM,Zambia,,,,,,ChIJcQv8_KX0QBkRRT5Yfqz5n_E,2020-06-12,-5,2,6,-11,1,10
ZM,Zambia,,,,,,ChIJcQv8_KX0QBkRRT5Yfqz5n_E,2020-06-13,-3,3,7,-10,10,9
ZM,Zambia,,,,,,ChIJcQv8_KX0QBkRRT5Yfqz5n_E,2020-06-14,-9,-3,-2,-16,9,9
ZM,Zambia,,,,,,ChIJcQv8_KX0QBkRRT5Yfqz5n_E,2020-06-15,-6,-1,0,-12,-1,10
ZM,Zambia,,,,,,ChIJcQv8_KX0QBkRRT5Yfqz5n_E,2020-06-16,-5,0,1,-10,-2,9
ZM,Zambia,,,,,,ChIJcQv8_KX0QBkRRT5Yfqz5n_E,2020-06-17,-5,2,3,-9,-3,9
ZM,Zambia,,,,,,ChIJcQv8_KX0QBkRRT5Yfqz5n_E,2020-06-18,-6,1,1,-10,-4,8
ZM,Zambia,,,,,,ChIJcQv8_KX0QBkRRT5Yfqz5n_E,2020-06-19,-7,-3,2,-12,0,9
ZM,Zambia,,,,,,ChIJcQv8_KX0QBkRRT5Yfqz5n_E,2020-06-20,-3,1,4,-10,9,8
ZM,Zambia,,,,,,ChIJcQv8_KX0QBkRRT5Yfqz5n_E,2020-06-21,-7,-3,1,-16,8,8
ZM,Zambia,,,,,,ChIJcQv8_KX0QBkRRT5Yfqz5n_E,2020-06-22,-7,-3,-2,-13,-3,9
ZM,Zambia,,,,,,ChIJcQv8_KX0QBkRRT5Yfqz5n_E,2020-06-23,-6,0,5,-10,-4,9
ZM,Zambia,,,,,,ChIJcQv8_KX0QBkRRT5Yfqz5n_E,2020-06-24,-3,3,5,-9,-5,8
ZM,Zambia,,,,,,ChIJcQv8_KX0QBkRRT5Yfqz5n_E,2020-06-25,2,12,7,-5,-5,7
ZM,Zambia,,,,,,ChIJcQv8_KX0QBkRRT5Yfqz5n_E,2020-06-26,4,13,7,-3,-2,7
ZM,Zambia,,,,,,ChIJcQv8_KX0QBkRRT5Yfqz5n_E,2020-06-27,10,17,10,-2,8,4
ZM,Zambia,,,,,,ChIJcQv8_KX0QBkRRT5Yfqz5n_E,2020-06-28,2,10,3,-9,6,5
ZM,Zambia,,,,,,ChIJcQv8_KX0QBkRRT5Yfqz5n_E,2020-06-29,3,11,0,-4,-3,6
ZM,Zambia,,,,,,ChIJcQv8_KX0QBkRRT5Yfqz5n_E,2020-06-30,5,13,2,0,-4,6
ZM,Zambia,,,,,,ChIJcQv8_KX0QBkRRT5Yfqz5n_E,2020-07-01,6,15,5,-3,-4,6
ZM,Zambia,,,,,,ChIJcQv8_KX0QBkRRT5Yfqz5n_E,2020-07-02,7,18,6,3,-5,6
ZM,Zambia,,,,,,ChIJcQv8_KX0QBkRRT5Yfqz5n_E,2020-07-03,5,14,11,1,-2,6
ZM,Zambia,,,,,,ChIJcQv8_KX0QBkRRT5Yfqz5n_E,2020-07-04,8,14,11,0,3,4
ZM,Zambia,,,,,,ChIJcQv8_KX0QBkRRT5Yfqz5n_E,2020-07-05,5,11,19,-6,3,4
ZM,Zambia,,,,,,ChIJcQv8_KX0QBkRRT5Yfqz5n_E,2020-07-06,-2,3,18,-7,-48,14
ZM,Zambia,,,,,,ChIJcQv8_KX0QBkRRT5Yfqz5n_E,2020-07-07,-2,4,13,-8,-47,14
ZM,Zambia,,,,,,ChIJcQv8_KX0QBkRRT5Yfqz5n_E,2020-07-08,6,11,9,-2,-4,6
ZM,Zambia,,,,,,ChIJcQv8_KX0QBkRRT5Yfqz5n_E,2020-07-09,5,12,5,-4,-6,7
ZM,Zambia,,,,,,ChIJcQv8_KX0QBkRRT5Yfqz5n_E,2020-07-10,2,8,8,-7,-2,7
ZM,Zambia,,,,,,ChIJcQv8_KX0QBkRRT5Yfqz5n_E,2020-07-11,4,9,11,-8,7,7
ZM,Zambia,,,,,,ChIJcQv8_KX0QBkRRT5Yfqz5n_E,2020-07-12,-2,4,1,-13,6,7
ZM,Zambia,,,,,,ChIJcQv8_KX0QBkRRT5Yfqz5n_E,2020-07-13,2,5,3,-10,-4,7
ZM,Zambia,,,,,,ChIJcQv8_KX0QBkRRT5Yfqz5n_E,2020-07-14,2,7,8,-7,-6,7
ZM,Zambia,,,,,,ChIJcQv8_KX0QBkRRT5Yfqz5n_E,2020-07-15,2,8,7,-6,-4,8
ZM,Zambia,,,,,,ChIJcQv8_KX0QBkRRT5Yfqz5n_E,2020-07-16,1,8,3,-7,-6,9
ZM,Zambia,,,,,,ChIJcQv8_KX0QBkRRT5Yfqz5n_E,2020-07-17,-2,5,4,-10,-3,9
ZM,Zambia,,,,,,ChIJcQv8_KX0QBkRRT5Yfqz5n_E,2020-07-18,1,5,5,-11,5,8
ZM,Zambia,,,,,,ChIJcQv8_KX0QBkRRT5Yfqz5n_E,2020-07-19,-6,2,2,-17,4,9
ZM,Zambia,,,,,,ChIJcQv8_KX0QBkRRT5Yfqz5n_E,2020-07-20,-3,3,-1,-11,-5,9
ZM,Zambia,,,,,,ChIJcQv8_KX0QBkRRT5Yfqz5n_E,2020-07-21,-1,6,6,-10,-7,9
ZM,Zambia,,,,,,ChIJcQv8_KX0QBkRRT5Yfqz5n_E,2020-07-22,4,12,4,-7,-6,9
ZM,Zambia,,,,,,ChIJcQv8_KX0QBkRRT5Yfqz5n_E,2020-07-23,4,15,4,-6,-7,9
ZM,Zambia,,,,,,ChIJcQv8_KX0QBkRRT5Yfqz5n_E,2020-07-24,3,14,5,-7,-3,9
ZM,Zambia,,,,,,ChIJcQv8_KX0QBkRRT5Yfqz5n_E,2020-07-25,6,17,6,-6,4,8
ZM,Zambia,,,,,,ChIJcQv8_KX0QBkRRT5Yfqz5n_E,2020-07-26,1,11,5,-14,5,8
ZM,Zambia,,,,,,ChIJcQv8_KX0QBkRRT5Yfqz5n_E,2020-07-27,4,14,3,-8,-6,8
ZM,Zambia,,,,,,ChIJcQv8_KX0QBkRRT5Yfqz5n_E,2020-07-28,5,14,4,-5,-8,9
ZM,Zambia,,,,,,ChIJcQv8_KX0QBkRRT5Yfqz5n_E,2020-07-29,5,15,5,-2,-7,9
ZM,Zambia,,,,,,ChIJcQv8_KX0QBkRRT5Yfqz5n_E,2020-07-30,7,17,6,1,-8,8
ZM,Zambia,,,,,,ChIJcQv8_KX0QBkRRT5Yfqz5n_E,2020-07-31,7,16,7,-1,-7,8
ZM,Zambia,,,,,,ChIJcQv8_KX0QBkRRT5Yfqz5n_E,2020-08-01,10,19,8,1,3,6
ZM,Zambia,,,,,,ChIJcQv8_KX0QBkRRT5Yfqz5n_E,2020-08-02,4,11,8,-9,2,6
ZM,Zambia,,,,,,ChIJcQv8_KX0QBkRRT5Yfqz5n_E,2020-08-03,-4,4,7,-10,-49,17
ZM,Zambia,,,,,,ChIJcQv8_KX0QBkRRT5Yfqz5n_E,2020-08-04,6,14,3,-1,-7,8
ZM,Zambia,,,,,,ChIJcQv8_KX0QBkRRT5Yfqz5n_E,2020-08-05,6,15,5,-2,-7,8
ZM,Zambia,,,,,,ChIJcQv8_KX0QBkRRT5Yfqz5n_E,2020-08-06,5,17,5,-1,-8,7
ZM,Zambia,,,,,,ChIJcQv8_KX0QBkRRT5Yfqz5n_E,2020-08-07,2,12,13,-4,-3,6
ZM,Zambia,,,,,,ChIJcQv8_KX0QBkRRT5Yfqz5n_E,2020-08-08,4,11,13,-7,5,5
ZM,Zambia,,,,,,ChIJcQv8_KX0QBkRRT5Yfqz5n_E,2020-08-09,0,10,9,-10,7,5
ZM,Zambia,,,,,,ChIJcQv8_KX0QBkRRT5Yfqz5n_E,2020-08-10,3,9,11,-5,-6,6
ZM,Zambia,,,,,,ChIJcQv8_KX0QBkRRT5Yfqz5n_E,2020-08-11,1,9,9,-5,-8,6
ZM,Zambia,,,,,,ChIJcQv8_KX0QBkRRT5Yfqz5n_E,2020-08-12,2,11,12,-4,-7,7
ZM,Zambia,,,,,,ChIJcQv8_KX0QBkRRT5Yfqz5n_E,2020-08-13,3,15,11,-4,-8,7
ZM,Zambia,,,,,,ChIJcQv8_KX0QBkRRT5Yfqz5n_E,2020-08-14,1,12,12,-4,-5,7
ZM,Zambia,,,,,,ChIJcQv8_KX0QBkRRT5Yfqz5n_E,2020-08-15,4,11,11,-8,5,5
ZM,Zambia,,,,,,ChIJcQv8_KX0QBkRRT5Yfqz5n_E,2020-08-16,-1,8,11,-11,8,6
ZM,Zambia,,,,,,ChIJcQv8_KX0QBkRRT5Yfqz5n_E,2020-08-17,1,7,,-7,-6,6
ZM,Zambia,,,,,,ChIJcQv8_KX0QBkRRT5Yfqz5n_E,2020-08-18,1,7,,-6,-5,7
ZM,Zambia,,,,,,ChIJcQv8_KX0QBkRRT5Yfqz5n_E,2020-08-19,1,7,,-6,-6,7
ZM,Zambia,,,,,,ChIJcQv8_KX0QBkRRT5Yfqz5n_E,2020-08-20,-1,8,,-5,-7,7
ZM,Zambia,,,,,,ChIJcQv8_KX0QBkRRT5Yfqz5n_E,2020-08-21,-2,8,,-8,-4,8
ZM,Zambia,,,,,,ChIJcQv8_KX0QBkRRT5Yfqz5n_E,2020-08-22,1,7,,-9,6,6
ZM,Zambia,,,,,,ChIJcQv8_KX0QBkRRT5Yfqz5n_E,2020-08-23,-1,6,,-14,6,6
ZM,Zambia,,,,,,ChIJcQv8_KX0QBkRRT5Yfqz5n_E,2020-08-24,0,5,,-9,-5,7
ZM,Zambia,,,,,,ChIJcQv8_KX0QBkRRT5Yfqz5n_E,2020-08-25,2,8,,-7,-6,7
ZM,Zambia,,,,,,ChIJcQv8_KX0QBkRRT5Yfqz5n_E,2020-08-26,6,14,,-5,-6,7
ZM,Zambia,,,,,,ChIJcQv8_KX0QBkRRT5Yfqz5n_E,2020-08-27,10,20,,-1,-7,5
ZM,Zambia,,,,,,ChIJcQv8_KX0QBkRRT5Yfqz5n_E,2020-08-28,10,19,,0,-6,5
ZM,Zambia,,,,,,ChIJcQv8_KX0QBkRRT5Yfqz5n_E,2020-08-29,12,19,,0,4,3
ZM,Zambia,,,,,,ChIJcQv8_KX0QBkRRT5Yfqz5n_E,2020-08-30,9,16,,-9,5,4
ZM,Zambia,,,,,,ChIJcQv8_KX0QBkRRT5Yfqz5n_E,2020-08-31,9,15,,-4,-8,7
ZM,Zambia,,,,,,ChIJcQv8_KX0QBkRRT5Yfqz5n_E,2020-09-01,9,16,,-2,-8,7
ZM,Zambia,,,,,,ChIJcQv8_KX0QBkRRT5Yfqz5n_E,2020-09-02,9,17,,-4,-9,7
ZM,Zambia,,,,,,ChIJcQv8_KX0QBkRRT5Yfqz5n_E,2020-09-03,8,17,,-2,-11,8
ZM,Zambia,,,,,,ChIJcQv8_KX0QBkRRT5Yfqz5n_E,2020-09-04,6,17,,-2,-7,8
ZM,Zambia,,,,,,ChIJcQv8_KX0QBkRRT5Yfqz5n_E,2020-09-05,10,18,,-3,3,5
ZM,Zambia,,,,,,ChIJcQv8_KX0QBkRRT5Yfqz5n_E,2020-09-06,7,16,,-10,-1,6
ZM,Zambia,,,,,,ChIJcQv8_KX0QBkRRT5Yfqz5n_E,2020-09-07,9,14,,-4,-9,8
ZM,Zambia,,,,,,ChIJcQv8_KX0QBkRRT5Yfqz5n_E,2020-09-08,8,14,,-4,-8,8
ZM,Zambia,,,,,,ChIJcQv8_KX0QBkRRT5Yfqz5n_E,2020-09-09,9,15,,-5,-7,8
ZM,Zambia,,,,,,ChIJcQv8_KX0QBkRRT5Yfqz5n_E,2020-09-10,10,15,,-1,-9,9
ZM,Zambia,,,,,,ChIJcQv8_KX0QBkRRT5Yfqz5n_E,2020-09-11,8,14,31,-2,-6,8
ZM,Zambia,,,,,,ChIJcQv8_KX0QBkRRT5Yfqz5n_E,2020-09-12,11,15,34,-2,3,6
ZM,Zambia,,,,,,ChIJcQv8_KX0QBkRRT5Yfqz5n_E,2020-09-13,10,14,29,-12,0,7
ZM,Zambia,,,,,,ChIJcQv8_KX0QBkRRT5Yfqz5n_E,2020-09-14,8,10,30,-9,-3,9
ZM,Zambia,,,,,,ChIJcQv8_KX0QBkRRT5Yfqz5n_E,2020-09-15,6,10,37,-6,-3,9
ZM,Zambia,,,,,,ChIJcQv8_KX0QBkRRT5Yfqz5n_E,2020-09-16,8,14,34,-6,-5,9
ZM,Zambia,,,,,,ChIJcQv8_KX0QBkRRT5Yfqz5n_E,2020-09-17,6,13,29,-4,-7,9
ZM,Zambia,,,,,,ChIJcQv8_KX0QBkRRT5Yfqz5n_E,2020-09-18,4,12,25,-4,-3,9
ZM,Zambia,,,,,,ChIJcQv8_KX0QBkRRT5Yfqz5n_E,2020-09-19,9,14,31,-4,2,7
ZM,Zambia,,,,,,ChIJcQv8_KX0QBkRRT5Yfqz5n_E,2020-09-20,9,16,24,-11,0,7
ZM,Zambia,,,,,,ChIJcQv8_KX0QBkRRT5Yfqz5n_E,2020-09-21,6,12,26,-8,-5,8
ZM,Zambia,,,,,,ChIJcQv8_KX0QBkRRT5Yfqz5n_E,2020-09-22,0,9,26,-7,-7,9
ZM,Zambia,,,,,,ChIJcQv8_KX0QBkRRT5Yfqz5n_E,2020-09-23,5,18,24,-5,-8,8
ZM,Zambia,,,,,,ChIJcQv8_KX0QBkRRT5Yfqz5n_E,2020-09-24,5,18,26,0,-9,8
ZM,Zambia,,,,,,ChIJcQv8_KX0QBkRRT5Yfqz5n_E,2020-09-25,5,20,21,0,-6,8
ZM,Zambia,,,,,,ChIJcQv8_KX0QBkRRT5Yfqz5n_E,2020-09-26,11,24,31,4,-2,5
ZM,Zambia,,,,,,ChIJcQv8_KX0QBkRRT5Yfqz5n_E,2020-09-27,9,21,28,-8,-10,7
ZM,Zambia,,,,,,ChIJcQv8_KX0QBkRRT5Yfqz5n_E,2020-09-28,4,17,22,-6,-6,7
ZM,Zambia,,,,,,ChIJcQv8_KX0QBkRRT5Yfqz5n_E,2020-09-29,3,16,24,-6,-7,6
ZM,Zambia,,,,,,ChIJcQv8_KX0QBkRRT5Yfqz5n_E,2020-09-30,4,19,14,-4,-12,3
ZM,Zambia,,,,,,ChIJcQv8_KX0QBkRRT5Yfqz5n_E,2020-10-01,3,16,7,-4,-13,-2
ZM,Zambia,,,,,,ChIJcQv8_KX0QBkRRT5Yfqz5n_E,2020-10-02,2,14,5,-3,-10,-3
ZM,Zambia,,,,,,ChIJcQv8_KX0QBkRRT5Yfqz5n_E,2020-10-03,4,15,4,-7,-11,-4
ZM,Zambia,,,,,,ChIJcQv8_KX0QBkRRT5Yfqz5n_E,2020-10-04,4,13,3,-18,-21,-2
ZM,Zambia,,,,,,ChIJcQv8_KX0QBkRRT5Yfqz5n_E,2020-10-05,2,11,4,-9,-16,-2
ZM,Zambia,,,,,,ChIJcQv8_KX0QBkRRT5Yfqz5n_E,2020-10-06,0,9,3,-9,-13,-3
ZM,Zambia,,,,,,ChIJcQv8_KX0QBkRRT5Yfqz5n_E,2020-10-07,2,11,5,-7,-10,-1
ZM,Zambia,,,,,,ChIJcQv8_KX0QBkRRT5Yfqz5n_E,2020-10-08,1,8,5,-7,-10,2
ZM,Zambia,,,,,,ChIJcQv8_KX0QBkRRT5Yfqz5n_E,2020-10-09,0,6,6,-10,-6,2
ZM,Zambia,,,,,,ChIJcQv8_KX0QBkRRT5Yfqz5n_E,2020-10-10,2,7,6,-11,-4,4
ZM,Zambia,,,,,,ChIJcQv8_KX0QBkRRT5Yfqz5n_E,2020-10-11,2,9,4,-19,-11,5
ZM,Zambia,,,,,,ChIJcQv8_KX0QBkRRT5Yfqz5n_E,2020-10-12,-1,6,4,-14,-7,5
ZM,Zambia,,,,,,ChIJcQv8_KX0QBkRRT5Yfqz5n_E,2020-10-13,-1,7,4,-10,-7,4
ZM,Zambia,,,,,,ChIJcQv8_KX0QBkRRT5Yfqz5n_E,2020-10-14,2,12,6,-6,-5,4
ZM,Zambia,,,,,,ChIJcQv8_KX0QBkRRT5Yfqz5n_E,2020-10-15,3,13,9,-1,-7,4
ZM,Zambia,,,,,,ChIJcQv8_KX0QBkRRT5Yfqz5n_E,2020-10-16,2,12,12,-2,-4,4
ZM,Zambia,,,,,,ChIJcQv8_KX0QBkRRT5Yfqz5n_E,2020-10-17,3,11,15,-4,-4,4
ZM,Zambia,,,,,,ChIJcQv8_KX0QBkRRT5Yfqz5n_E,2020-10-18,1,9,15,-18,-13,5
ZM,Zambia,,,,,,ChIJcQv8_KX0QBkRRT5Yfqz5n_E,2020-10-19,-8,0,8,-20,-53,17
ZM,Zambia,,,,,,ChIJcQv8_KX0QBkRRT5Yfqz5n_E,2020-10-20,-3,7,9,-10,-3,5
ZM,Zambia,,,,,,ChIJcQv8_KX0QBkRRT5Yfqz5n_E,2020-10-21,4,11,5,-10,-3,6
ZM,Zambia,,,,,,ChIJcQv8_KX0QBkRRT5Yfqz5n_E,2020-10-22,10,19,4,-3,-5,4
ZM,Zambia,,,,,,ChIJcQv8_KX0QBkRRT5Yfqz5n_E,2020-10-23,10,20,7,-3,-1,2
ZM,Zambia,,,,,,ChIJcQv8_KX0QBkRRT5Yfqz5n_E,2020-10-24,10,19,16,-6,-17,3
ZM,Zambia,,,,,,ChIJcQv8_KX0QBkRRT5Yfqz5n_E,2020-10-25,10,19,8,-16,-8,3
ZM,Zambia,,,,,,ChIJcQv8_KX0QBkRRT5Yfqz5n_E,2020-10-26,12,18,6,-8,-1,4
ZM,Zambia,,,,,,ChIJcQv8_KX0QBkRRT5Yfqz5n_E,2020-10-27,10,17,6,-7,-2,3
ZM,Zambia,,,,,,ChIJcQv8_KX0QBkRRT5Yfqz5n_E,2020-10-28,10,20,0,-4,-2,3
ZM,Zambia,,,,,,ChIJcQv8_KX0QBkRRT5Yfqz5n_E,2020-10-29,9,17,-2,0,-5,3
ZM,Zambia,,,,,,ChIJcQv8_KX0QBkRRT5Yfqz5n_E,2020-10-30,9,17,-1,0,-2,2
ZM,Zambia,,,,,,ChIJcQv8_KX0QBkRRT5Yfqz5n_E,2020-10-31,11,19,6,-2,-3,2
ZM,Zambia,,,,,,ChIJcQv8_KX0QBkRRT5Yfqz5n_E,2020-11-01,10,19,4,-10,-11,3
ZM,Zambia,,,,,,ChIJcQv8_KX0QBkRRT5Yfqz5n_E,2020-11-02,8,15,0,-6,-3,4
ZM,Zambia,,,,,,ChIJcQv8_KX0QBkRRT5Yfqz5n_E,2020-11-03,5,11,1,-6,-4,3
ZM,Zambia,,,,,,ChIJcQv8_KX0QBkRRT5Yfqz5n_E,2020-11-04,4,14,1,-8,-4,5
ZM,Zambia,,,,,,ChIJcQv8_KX0QBkRRT5Yfqz5n_E,2020-11-05,7,14,4,-2,-4,3
ZM,Zambia,,,,,,ChIJcQv8_KX0QBkRRT5Yfqz5n_E,2020-11-06,4,12,2,-6,0,3
ZM,Zambia,,,,,,ChIJcQv8_KX0QBkRRT5Yfqz5n_E,2020-11-07,7,12,4,-7,-3,3
ZM,Zambia,,,,,,ChIJcQv8_KX0QBkRRT5Yfqz5n_E,2020-11-08,7,13,0,-16,-9,4
ZM,Zambia,,,,,,ChIJcQv8_KX0QBkRRT5Yfqz5n_E,2020-11-09,2,8,-1,-15,-4,5
ZM,Zambia,,,,,,ChIJcQv8_KX0QBkRRT5Yfqz5n_E,2020-11-10,-1,4,0,-15,-6,3
ZM,Zambia,,,,,,ChIJcQv8_KX0QBkRRT5Yfqz5n_E,2020-11-11,3,10,1,-10,-4,4
ZM,Zambia,,,,,,ChIJcQv8_KX0QBkRRT5Yfqz5n_E,2020-11-12,2,7,2,-9,-6,4
ZM,Zambia,,,,,,ChIJcQv8_KX0QBkRRT5Yfqz5n_E,2020-11-13,1,10,1,-7,-3,3
ZM,Zambia,,,,,,ChIJcQv8_KX0QBkRRT5Yfqz5n_E,2020-11-14,4,7,6,-10,-4,2
ZM,Zambia,,,,,,ChIJcQv8_KX0QBkRRT5Yfqz5n_E,2020-11-15,2,7,3,-19,-11,4
ZM,Zambia,,,,,,ChIJcQv8_KX0QBkRRT5Yfqz5n_E,2020-11-16,3,7,3,-13,-2,4
ZM,Zambia,,,,,,ChIJcQv8_KX0QBkRRT5Yfqz5n_E,2020-11-17,0,4,4,-14,-3,4
ZM,Zambia,,,,,,ChIJcQv8_KX0QBkRRT5Yfqz5n_E,2020-11-18,1,7,2,-13,-3,4
ZM,Zambia,,,,,,ChIJcQv8_KX0QBkRRT5Yfqz5n_E,2020-11-19,0,4,2,-13,-6,3
ZM,Zambia,,,,,,ChIJcQv8_KX0QBkRRT5Yfqz5n_E,2020-11-20,1,7,0,-11,-1,3
ZM,Zambia,,,,,,ChIJcQv8_KX0QBkRRT5Yfqz5n_E,2020-11-21,5,8,4,-10,-2,2
ZM,Zambia,,,,,,ChIJcQv8_KX0QBkRRT5Yfqz5n_E,2020-11-22,4,8,1,-19,-10,4
ZM,Zambia,,,,,,ChIJcQv8_KX0QBkRRT5Yfqz5n_E,2020-11-23,2,4,2,-15,-2,4
ZM,Zambia,,,,,,ChIJcQv8_KX0QBkRRT5Yfqz5n_E,2020-11-24,4,7,0,-14,-4,4
ZM,Zambia,,,,,,ChIJcQv8_KX0QBkRRT5Yfqz5n_E,2020-11-25,12,19,1,-7,-2,2
ZM,Zambia,,,,,,ChIJcQv8_KX0QBkRRT5Yfqz5n_E,2020-11-26,15,21,3,-3,-6,3
ZM,Zambia,,,,,,ChIJcQv8_KX0QBkRRT5Yfqz5n_E,2020-11-27,20,29,5,3,-2,0
ZM,Zambia,,,,,,ChIJcQv8_KX0QBkRRT5Yfqz5n_E,2020-11-28,16,19,10,-2,-2,1
ZM,Zambia,,,,,,ChIJcQv8_KX0QBkRRT5Yfqz5n_E,2020-11-29,12,16,4,-12,-9,2
ZM,Zambia,,,,,,ChIJcQv8_KX0QBkRRT5Yfqz5n_E,2020-11-30,10,15,4,-7,-2,3
ZM,Zambia,,,,,,ChIJcQv8_KX0QBkRRT5Yfqz5n_E,2020-12-01,7,12,4,-8,-3,4
ZM,Zambia,,,,,,ChIJcQv8_KX0QBkRRT5Yfqz5n_E,2020-12-02,14,21,6,-2,-1,2
ZM,Zambia,,,,,,ChIJcQv8_KX0QBkRRT5Yfqz5n_E,2020-12-03,12,18,4,1,-4,3
ZM,Zambia,,,,,,ChIJcQv8_KX0QBkRRT5Yfqz5n_E,2020-12-04,11,17,7,0,-2,3
ZM,Zambia,,,,,,ChIJcQv8_KX0QBkRRT5Yfqz5n_E,2020-12-05,10,14,3,-6,-3,2
ZM,Zambia,,,,,,ChIJcQv8_KX0QBkRRT5Yfqz5n_E,2020-12-06,9,11,5,-17,-12,5
ZM,Zambia,,,,,,ChIJcQv8_KX0QBkRRT5Yfqz5n_E,2020-12-07,8,12,2,-8,-6,3
ZM,Zambia,,,,,,ChIJcQv8_KX0QBkRRT5Yfqz5n_E,2020-12-08,2,4,10,-13,-6,6
ZM,Zambia,,,,,,ChIJcQv8_KX0QBkRRT5Yfqz5n_E,2020-12-09,9,16,19,0,-6,4
ZM,Zambia,,,,,,ChIJcQv8_KX0QBkRRT5Yfqz5n_E,2020-12-10,8,14,26,4,-8,7
ZM,Zambia,,,,,,ChIJcQv8_KX0QBkRRT5Yfqz5n_E,2020-12-11,5,13,24,3,-6,8
ZM,Zambia,,,,,,ChIJcQv8_KX0QBkRRT5Yfqz5n_E,2020-12-12,9,14,26,4,-4,6
ZM,Zambia,,,,,,ChIJcQv8_KX0QBkRRT5Yfqz5n_E,2020-12-13,4,10,29,-8,-13,8
ZM,Zambia,,,,,,ChIJcQv8_KX0QBkRRT5Yfqz5n_E,2020-12-14,5,10,25,-3,-8,9
ZM,Zambia,,,,,,ChIJcQv8_KX0QBkRRT5Yfqz5n_E,2020-12-15,5,11,25,0,-9,9
ZM,Zambia,,,,,,ChIJcQv8_KX0QBkRRT5Yfqz5n_E,2020-12-16,10,18,24,4,-7,8
ZM,Zambia,,,,,,ChIJcQv8_KX0QBkRRT5Yfqz5n_E,2020-12-17,11,16,24,7,-10,8
ZM,Zambia,,,,,,ChIJcQv8_KX0QBkRRT5Yfqz5n_E,2020-12-18,9,17,21,5,-8,8
ZM,Zambia,,,,,,ChIJcQv8_KX0QBkRRT5Yfqz5n_E,2020-12-19,12,17,24,8,-6,5
ZM,Zambia,,,,,,ChIJcQv8_KX0QBkRRT5Yfqz5n_E,2020-12-20,10,15,29,-4,-13,8
ZM,Zambia,,,,,,ChIJcQv8_KX0QBkRRT5Yfqz5n_E,2020-12-21,10,14,24,-1,-12,9
ZM,Zambia,,,,,,ChIJcQv8_KX0QBkRRT5Yfqz5n_E,2020-12-22,14,20,21,5,-13,8
ZM,Zambia,,,,,,ChIJcQv8_KX0QBkRRT5Yfqz5n_E,2020-12-23,27,38,21,17,-12,6
ZM,Zambia,,,,,,ChIJcQv8_KX0QBkRRT5Yfqz5n_E,2020-12-24,46,56,24,26,-20,4
ZM,Zambia,,,,,,ChIJcQv8_KX0QBkRRT5Yfqz5n_E,2020-12-25,-3,7,32,-16,-62,18
ZM,Zambia,,,,,,ChIJcQv8_KX0QBkRRT5Yfqz5n_E,2020-12-26,7,15,29,-2,-18,9
ZM,Zambia,,,,,,ChIJcQv8_KX0QBkRRT5Yfqz5n_E,2020-12-27,10,17,32,-3,-15,8
ZM,Zambia,,,,,,ChIJcQv8_KX0QBkRRT5Yfqz5n_E,2020-12-28,17,27,22,6,-18,10
ZM,Zambia,,,,,,ChIJcQv8_KX0QBkRRT5Yfqz5n_E,2020-12-29,13,22,26,5,-19,10
ZM,Zambia,,,,,,ChIJcQv8_KX0QBkRRT5Yfqz5n_E,2020-12-30,16,29,26,7,-18,10
ZM,Zambia,,,,,,ChIJcQv8_KX0QBkRRT5Yfqz5n_E,2020-12-31,38,47,28,17,-24,8
ZM,Zambia,,,,,,ChIJcQv8_KX0QBkRRT5Yfqz5n_E,2021-01-01,-10,-2,38,-23,-64,21
ZM,Zambia,,,,,,ChIJcQv8_KX0QBkRRT5Yfqz5n_E,2021-01-02,-7,3,26,-12,-18,15
ZM,Zambia,,,,,,ChIJcQv8_KX0QBkRRT5Yfqz5n_E,2021-01-03,3,15,30,-4,-14,9
ZM,Zambia,,,,,,ChIJcQv8_KX0QBkRRT5Yfqz5n_E,2021-01-04,14,24,20,5,-14,10
ZM,Zambia,,,,,,ChIJcQv8_KX0QBkRRT5Yfqz5n_E,2021-01-05,7,17,22,1,-14,10
ZM,Zambia,,,,,,ChIJcQv8_KX0QBkRRT5Yfqz5n_E,2021-01-06,6,20,21,3,-14,12
ZM,Zambia,,,,,,ChIJcQv8_KX0QBkRRT5Yfqz5n_E,2021-01-07,4,19,20,3,-16,13
ZM,Zambia,,,,,,ChIJcQv8_KX0QBkRRT5Yfqz5n_E,2021-01-08,-3,13,17,0,-12,13
ZM,Zambia,,,,,,ChIJcQv8_KX0QBkRRT5Yfqz5n_E,2021-01-09,-4,11,18,-4,-5,10
ZM,Zambia,,,,,,ChIJcQv8_KX0QBkRRT5Yfqz5n_E,2021-01-10,-2,10,20,-15,-13,11
ZM,Zambia,,,,,,ChIJcQv8_KX0QBkRRT5Yfqz5n_E,2021-01-11,4,14,22,-6,-14,12
ZM,Zambia,,,,,,ChIJcQv8_KX0QBkRRT5Yfqz5n_E,2021-01-12,0,10,20,-6,-17,11
ZM,Zambia,,,,,,ChIJcQv8_KX0QBkRRT5Yfqz5n_E,2021-01-13,-6,5,14,-12,-20,11
ZM,Zambia,,,,,,ChIJcQv8_KX0QBkRRT5Yfqz5n_E,2021-01-14,-11,-4,7,-17,-27,12
ZM,Zambia,,,,,,ChIJcQv8_KX0QBkRRT5Yfqz5n_E,2021-01-15,-18,-9,0,-21,-28,14
ZM,Zambia,,,,,,ChIJcQv8_KX0QBkRRT5Yfqz5n_E,2021-01-16,-21,-13,2,-26,-23,13
ZM,Zambia,,,,,,ChIJcQv8_KX0QBkRRT5Yfqz5n_E,2021-01-17,-21,-15,-3,-34,-28,14
ZM,Zambia,,,,,,ChIJcQv8_KX0QBkRRT5Yfqz5n_E,2021-01-18,-16,-12,2,-26,-29,16
ZM,Zambia,,,,,,ChIJcQv8_KX0QBkRRT5Yfqz5n_E,2021-01-19,-18,-12,2,-25,-30,16
ZM,Zambia,,,,,,ChIJcQv8_KX0QBkRRT5Yfqz5n_E,2021-01-20,-15,-7,4,-23,-29,17
ZM,Zambia,,,,,,ChIJcQv8_KX0QBkRRT5Yfqz5n_E,2021-01-21,-12,-4,3,-17,-29,15
ZM,Zambia,,,,,,ChIJcQv8_KX0QBkRRT5Yfqz5n_E,2021-01-22,-15,-4,3,-19,-26,16
ZM,Zambia,,,,,,ChIJcQv8_KX0QBkRRT5Yfqz5n_E,2021-01-23,-15,-5,0,-21,-19,13
ZM,Zambia,,,,,,ChIJcQv8_KX0QBkRRT5Yfqz5n_E,2021-01-24,-14,-6,4,-28,-24,13
ZM,Zambia,,,,,,ChIJcQv8_KX0QBkRRT5Yfqz5n_E,2021-01-25,-8,-1,6,-21,-25,16
ZM,Zambia,,,,,,ChIJcQv8_KX0QBkRRT5Yfqz5n_E,2021-01-26,-10,-3,11,-21,-26,15
ZM,Zambia,,,,,,ChIJcQv8_KX0QBkRRT5Yfqz5n_E,2021-01-27,-4,6,9,-13,-24,14
ZM,Zambia,,,,,,ChIJcQv8_KX0QBkRRT5Yfqz5n_E,2021-01-28,-5,4,5,-12,-25,14
ZM,Zambia,,,,,,ChIJcQv8_KX0QBkRRT5Yfqz5n_E,2021-01-29,-6,6,-1,-10,-22,12
ZM,Zambia,,,,,,ChIJcQv8_KX0QBkRRT5Yfqz5n_E,2021-01-30,0,12,-2,-8,-16,7
ZM,Zambia,,,,,,ChIJcQv8_KX0QBkRRT5Yfqz5n_E,2021-01-31,-1,11,-5,-17,-24,7
ZM,Zambia,,,,,,ChIJcQv8_KX0QBkRRT5Yfqz5n_E,2021-02-01,3,14,-7,-11,-22,7
ZM,Zambia,,,,,,ChIJcQv8_KX0QBkRRT5Yfqz5n_E,2021-02-02,-1,10,1,-11,-22,8
ZM,Zambia,,,,,,ChIJcQv8_KX0QBkRRT5Yfqz5n_E,2021-02-03,-3,10,3,-11,-21,9
ZM,Zambia,,,,,,ChIJcQv8_KX0QBkRRT5Yfqz5n_E,2021-02-04,-1,8,6,-11,-23,9
ZM,Zambia,,,,,,ChIJcQv8_KX0QBkRRT5Yfqz5n_E,2021-02-05,-7,6,4,-13,-20,10
ZM,Zambia,,,,,,ChIJcQv8_KX0QBkRRT5Yfqz5n_E,2021-02-06,-4,7,10,-13,-16,8
ZM,Zambia,,,,,,ChIJcQv8_KX0QBkRRT5Yfqz5n_E,2021-02-07,-7,4,10,-25,-24,10
ZM,Zambia,,,,,,ChIJcQv8_KX0QBkRRT5Yfqz5n_E,2021-02-08,-2,6,4,-14,-21,9
ZM,Zambia,,,,,,ChIJcQv8_KX0QBkRRT5Yfqz5n_E,2021-02-09,-3,6,8,-13,-20,10
ZM,Zambia,,,,,,ChIJcQv8_KX0QBkRRT5Yfqz5n_E,2021-02-10,-3,7,3,-13,-20,10
ZM,Zambia,,,,,,ChIJcQv8_KX0QBkRRT5Yfqz5n_E,2021-02-11,-3,8,-4,-11,-21,9
ZM,Zambia,,,,,,ChIJcQv8_KX0QBkRRT5Yfqz5n_E,2021-02-12,-5,7,-14,-11,-18,8
ZM,Zambia,,,,,,ChIJcQv8_KX0QBkRRT5Yfqz5n_E,2021-02-13,-2,10,-13,-13,-18,6
ZM,Zambia,,,,,,ChIJcQv8_KX0QBkRRT5Yfqz5n_E,2021-02-14,8,15,-10,-20,-24,5
ZM,Zambia,,,,,,ChIJcQv8_KX0QBkRRT5Yfqz5n_E,2021-02-15,-1,8,-14,-14,-19,7
ZM,Zambia,,,,,,ChIJcQv8_KX0QBkRRT5Yfqz5n_E,2021-02-16,-5,7,-18,-14,-21,7
ZM,Zambia,,,,,,ChIJcQv8_KX0QBkRRT5Yfqz5n_E,2021-02-17,-2,11,-17,-12,-18,7
ZM,Zambia,,,,,,ChIJcQv8_KX0QBkRRT5Yfqz5n_E,2021-02-18,-1,10,-14,-9,-20,7
ZM,Zambia,,,,,,ChIJcQv8_KX0QBkRRT5Yfqz5n_E,2021-02-19,-5,7,-15,-12,-16,7
ZM,Zambia,,,,,,ChIJcQv8_KX0QBkRRT5Yfqz5n_E,2021-02-20,-2,11,-12,-14,-16,5
ZM,Zambia,,,,,,ChIJcQv8_KX0QBkRRT5Yfqz5n_E,2021-02-21,-5,7,-14,-25,-27,7
ZM,Zambia,,,,,,ChIJcQv8_KX0QBkRRT5Yfqz5n_E,2021-02-22,0,10,-15,-13,-16,6
ZM,Zambia,,,,,,ChIJcQv8_KX0QBkRRT5Yfqz5n_E,2021-02-23,-3,8,-15,-13,-18,7
ZM,Zambia,,,,,,ChIJcQv8_KX0QBkRRT5Yfqz5n_E,2021-02-24,2,14,-15,-9,-16,7
ZM,Zambia,,,,,,ChIJcQv8_KX0QBkRRT5Yfqz5n_E,2021-02-25,6,19,-12,-3,-17,6
ZM,Zambia,,,,,,ChIJcQv8_KX0QBkRRT5Yfqz5n_E,2021-02-26,8,22,-10,-3,-15,6
ZM,Zambia,,,,,,ChIJcQv8_KX0QBkRRT5Yfqz5n_E,2021-02-27,14,28,-7,0,-12,3
ZM,Zambia,,,,,,ChIJcQv8_KX0QBkRRT5Yfqz5n_E,2021-02-28,9,22,-8,-15,-21,5
ZM,Zambia,,,,,,ChIJcQv8_KX0QBkRRT5Yfqz5n_E,2021-03-01,11,23,-13,-6,-16,6
ZM,Zambia,,,,,,ChIJcQv8_KX0QBkRRT5Yfqz5n_E,2021-03-02,13,25,-9,0,-14,4
ZM,Zambia,,,,,,ChIJcQv8_KX0QBkRRT5Yfqz5n_E,2021-03-03,12,26,-11,0,-13,4
ZM,Zambia,,,,,,ChIJcQv8_KX0QBkRRT5Yfqz5n_E,2021-03-04,12,23,-8,1,-15,4
ZM,Zambia,,,,,,ChIJcQv8_KX0QBkRRT5Yfqz5n_E,2021-03-05,9,22,-6,0,-11,4
ZM,Zambia,,,Lusaka Metropolitan Area,,,ChIJL3hQiiWNQBkRwgsdS9A-K_Y,2020-02-15,0,-6,-1,-1,7,3
ZM,Zambia,,,Lusaka Metropolitan Area,,,ChIJL3hQiiWNQBkRwgsdS9A-K_Y,2020-02-16,-5,-6,-6,-6,3,2
ZM,Zambia,,,Lusaka Metropolitan Area,,,ChIJL3hQiiWNQBkRwgsdS9A-K_Y,2020-02-17,-6,-11,-6,-8,8,1
ZM,Zambia,,,Lusaka Metropolitan Area,,,ChIJL3hQiiWNQBkRwgsdS9A-K_Y,2020-02-18,-5,-7,-10,-4,7,1
ZM,Zambia,,,Lusaka Metropolitan Area,,,ChIJL3hQiiWNQBkRwgsdS9A-K_Y,2020-02-19,-7,-9,-13,-4,5,2
ZM,Zambia,,,Lusaka Metropolitan Area,,,ChIJL3hQiiWNQBkRwgsdS9A-K_Y,2020-02-20,-7,-9,-11,-5,4,2
ZM,Zambia,,,Lusaka Metropolitan Area,,,ChIJL3hQiiWNQBkRwgsdS9A-K_Y,2020-02-21,-8,-9,-10,-9,7,2
ZM,Zambia,,,Lusaka Metropolitan Area,,,ChIJL3hQiiWNQBkRwgsdS9A-K_Y,2020-02-22,-3,-8,5,-5,5,3
ZM,Zambia,,,Lusaka Metropolitan Area,,,ChIJL3hQiiWNQBkRwgsdS9A-K_Y,2020-02-23,-5,-11,-1,-10,0,3
ZM,Zambia,,,Lusaka Metropolitan Area,,,ChIJL3hQiiWNQBkRwgsdS9A-K_Y,2020-02-24,-7,-12,-6,-11,6,3
ZM,Zambia,,,Lusaka Metropolitan Area,,,ChIJL3hQiiWNQBkRwgsdS9A-K_Y,2020-02-25,-5,-7,-6,-6,5,2
ZM,Zambia,,,Lusaka Metropolitan Area,,,ChIJL3hQiiWNQBkRwgsdS9A-K_Y,2020-02-26,-4,-7,-16,-5,5,1
ZM,Zambia,,,Lusaka Metropolitan Area,,,ChIJL3hQiiWNQBkRwgsdS9A-K_Y,2020-02-27,2,0,-10,0,6,1
ZM,Zambia,,,Lusaka Metropolitan Area,,,ChIJL3hQiiWNQBkRwgsdS9A-K_Y,2020-02-28,3,-1,-16,-4,8,3
ZM,Zambia,,,Lusaka Metropolitan Area,,,ChIJL3hQiiWNQBkRwgsdS9A-K_Y,2020-02-29,13,7,-5,4,7,1
ZM,Zambia,,,Lusaka Metropolitan Area,,,ChIJL3hQiiWNQBkRwgsdS9A-K_Y,2020-03-01,11,4,-6,0,6,0
ZM,Zambia,,,Lusaka Metropolitan Area,,,ChIJL3hQiiWNQBkRwgsdS9A-K_Y,2020-03-02,8,4,-11,0,10,0
ZM,Zambia,,,Lusaka Metropolitan Area,,,ChIJL3hQiiWNQBkRwgsdS9A-K_Y,2020-03-03,6,2,3,1,9,1
ZM,Zambia,,,Lusaka Metropolitan Area,,,ChIJL3hQiiWNQBkRwgsdS9A-K_Y,2020-03-04,6,3,-2,2,8,2
ZM,Zambia,,,Lusaka Metropolitan Area,,,ChIJL3hQiiWNQBkRwgsdS9A-K_Y,2020-03-05,8,7,3,6,8,0
ZM,Zambia,,,Lusaka Metropolitan Area,,,ChIJL3hQiiWNQBkRwgsdS9A-K_Y,2020-03-06,6,2,-8,1,11,1
ZM,Zambia,,,Lusaka Metropolitan Area,,,ChIJL3hQiiWNQBkRwgsdS9A-K_Y,2020-03-07,11,3,9,6,7,1
ZM,Zambia,,,Lusaka Metropolitan Area,,,ChIJL3hQiiWNQBkRwgsdS9A-K_Y,2020-03-08,10,-1,7,1,8,0
ZM,Zambia,,,Lusaka Metropolitan Area,,,ChIJL3hQiiWNQBkRwgsdS9A-K_Y,2020-03-09,1,-8,14,-6,-52,14
ZM,Zambia,,,Lusaka Metropolitan Area,,,ChIJL3hQiiWNQBkRwgsdS9A-K_Y,2020-03-10,2,-3,1,0,9,1
ZM,Zambia,,,Lusaka Metropolitan Area,,,ChIJL3hQiiWNQBkRwgsdS9A-K_Y,2020-03-11,6,0,1,1,7,0
ZM,Zambia,,,Lusaka Metropolitan Area,,,ChIJL3hQiiWNQBkRwgsdS9A-K_Y,2020-03-12,-1,-5,1,-4,-50,12
ZM,Zambia,,,Lusaka Metropolitan Area,,,ChIJL3hQiiWNQBkRwgsdS9A-K_Y,2020-03-13,-2,-6,-7,-6,9,2
ZM,Zambia,,,Lusaka Metropolitan Area,,,ChIJL3hQiiWNQBkRwgsdS9A-K_Y,2020-03-14,2,-7,0,-5,9,2
ZM,Zambia,,,Lusaka Metropolitan Area,,,ChIJL3hQiiWNQBkRwgsdS9A-K_Y,2020-03-15,-2,-8,-1,-9,5,1
ZM,Zambia,,,Lusaka Metropolitan Area,,,ChIJL3hQiiWNQBkRwgsdS9A-K_Y,2020-03-16,-4,-8,-7,-11,9,2
ZM,Zambia,,,Lusaka Metropolitan Area,,,ChIJL3hQiiWNQBkRwgsdS9A-K_Y,2020-03-17,-4,-5,-15,-9,7,2
ZM,Zambia,,,Lusaka Metropolitan Area,,,ChIJL3hQiiWNQBkRwgsdS9A-K_Y,2020-03-18,-3,-2,-17,-6,6,3
ZM,Zambia,,,Lusaka Metropolitan Area,,,ChIJL3hQiiWNQBkRwgsdS9A-K_Y,2020-03-19,-2,2,-18,-4,4,3
ZM,Zambia,,,Lusaka Metropolitan Area,,,ChIJL3hQiiWNQBkRwgsdS9A-K_Y,2020-03-20,-6,-4,-2,-4,4,4
ZM,Zambia,,,Lusaka Metropolitan Area,,,ChIJL3hQiiWNQBkRwgsdS9A-K_Y,2020-03-21,-6,-5,-16,-7,4,7
ZM,Zambia,,,Lusaka Metropolitan Area,,,ChIJL3hQiiWNQBkRwgsdS9A-K_Y,2020-03-22,-14,-13,-24,-15,0,8
ZM,Zambia,,,Lusaka Metropolitan Area,,,ChIJL3hQiiWNQBkRwgsdS9A-K_Y,2020-03-23,-9,-9,-9,-13,-3,8
ZM,Zambia,,,Lusaka Metropolitan Area,,,ChIJL3hQiiWNQBkRwgsdS9A-K_Y,2020-03-24,-7,-3,-4,-9,-6,9
ZM,Zambia,,,Lusaka Metropolitan Area,,,ChIJL3hQiiWNQBkRwgsdS9A-K_Y,2020-03-25,-8,-1,-10,-9,-8,9
ZM,Zambia,,,Lusaka Metropolitan Area,,,ChIJL3hQiiWNQBkRwgsdS9A-K_Y,2020-03-26,-10,0,-17,-9,-11,11
ZM,Zambia,,,Lusaka Metropolitan Area,,,ChIJL3hQiiWNQBkRwgsdS9A-K_Y,2020-03-27,-21,-10,-20,-18,-11,15
ZM,Zambia,,,Lusaka Metropolitan Area,,,ChIJL3hQiiWNQBkRwgsdS9A-K_Y,2020-03-28,-20,-6,-21,-14,-4,13
ZM,Zambia,,,Lusaka Metropolitan Area,,,ChIJL3hQiiWNQBkRwgsdS9A-K_Y,2020-03-29,-28,-16,-29,-25,-3,14
ZM,Zambia,,,Lusaka Metropolitan Area,,,ChIJL3hQiiWNQBkRwgsdS9A-K_Y,2020-03-30,-13,-9,-10,-18,-17,14
ZM,Zambia,,,Lusaka Metropolitan Area,,,ChIJL3hQiiWNQBkRwgsdS9A-K_Y,2020-03-31,-12,-5,-9,-16,-21,15
ZM,Zambia,,,Lusaka Metropolitan Area,,,ChIJL3hQiiWNQBkRwgsdS9A-K_Y,2020-04-01,-15,-5,-12,-15,-22,16
ZM,Zambia,,,Lusaka Metropolitan Area,,,ChIJL3hQiiWNQBkRwgsdS9A-K_Y,2020-04-02,-18,-5,-22,-16,-24,18
ZM,Zambia,,,Lusaka Metropolitan Area,,,ChIJL3hQiiWNQBkRwgsdS9A-K_Y,2020-04-03,-23,-10,-20,-21,-21,19
ZM,Zambia,,,Lusaka Metropolitan Area,,,ChIJL3hQiiWNQBkRwgsdS9A-K_Y,2020-04-04,-24,-15,-17,-22,-6,15
ZM,Zambia,,,Lusaka Metropolitan Area,,,ChIJL3hQiiWNQBkRwgsdS9A-K_Y,2020-04-05,-29,-22,-27,-29,-5,14
ZM,Zambia,,,Lusaka Metropolitan Area,,,ChIJL3hQiiWNQBkRwgsdS9A-K_Y,2020-04-06,-17,-15,-15,-22,-23,16
ZM,Zambia,,,Lusaka Metropolitan Area,,,ChIJL3hQiiWNQBkRwgsdS9A-K_Y,2020-04-07,-19,-15,-4,-21,-26,16
ZM,Zambia,,,Lusaka Metropolitan Area,,,ChIJL3hQiiWNQBkRwgsdS9A-K_Y,2020-04-08,-19,-14,-17,-20,-25,17
ZM,Zambia,,,Lusaka Metropolitan Area,,,ChIJL3hQiiWNQBkRwgsdS9A-K_Y,2020-04-09,-16,-6,-6,-19,-25,16
ZM,Zambia,,,Lusaka Metropolitan Area,,,ChIJL3hQiiWNQBkRwgsdS9A-K_Y,2020-04-10,-33,-22,-24,-27,-54,28
ZM,Zambia,,,Lusaka Metropolitan Area,,,ChIJL3hQiiWNQBkRwgsdS9A-K_Y,2020-04-11,-31,-21,-18,-27,-22,19
ZM,Zambia,,,Lusaka Metropolitan Area,,,ChIJL3hQiiWNQBkRwgsdS9A-K_Y,2020-04-12,-32,-25,-17,-29,-7,15
ZM,Zambia,,,Lusaka Metropolitan Area,,,ChIJL3hQiiWNQBkRwgsdS9A-K_Y,2020-04-13,-34,-27,-16,-32,-59,27
ZM,Zambia,,,Lusaka Metropolitan Area,,,ChIJL3hQiiWNQBkRwgsdS9A-K_Y,2020-04-14,-19,-15,-1,-22,-22,17
ZM,Zambia,,,Lusaka Metropolitan Area,,,ChIJL3hQiiWNQBkRwgsdS9A-K_Y,2020-04-15,-23,-15,-14,-24,-23,19
ZM,Zambia,,,Lusaka Metropolitan Area,,,ChIJL3hQiiWNQBkRwgsdS9A-K_Y,2020-04-16,-23,-13,-17,-23,-24,18
ZM,Zambia,,,Lusaka Metropolitan Area,,,ChIJL3hQiiWNQBkRwgsdS9A-K_Y,2020-04-17,-28,-18,-15,-27,-20,20
ZM,Zambia,,,Lusaka Metropolitan Area,,,ChIJL3hQiiWNQBkRwgsdS9A-K_Y,2020-04-18,-30,-20,-19,-28,-4,18
ZM,Zambia,,,Lusaka Metropolitan Area,,,ChIJL3hQiiWNQBkRwgsdS9A-K_Y,2020-04-19,-35,-28,-27,-34,-6,17
ZM,Zambia,,,Lusaka Metropolitan Area,,,ChIJL3hQiiWNQBkRwgsdS9A-K_Y,2020-04-20,-24,-20,-18,-30,-22,19
ZM,Zambia,,,Lusaka Metropolitan Area,,,ChIJL3hQiiWNQBkRwgsdS9A-K_Y,2020-04-21,-24,-19,-16,-27,-24,20
ZM,Zambia,,,Lusaka Metropolitan Area,,,ChIJL3hQiiWNQBkRwgsdS9A-K_Y,2020-04-22,-25,-18,-15,-26,-23,20
ZM,Zambia,,,Lusaka Metropolitan Area,,,ChIJL3hQiiWNQBkRwgsdS9A-K_Y,2020-04-23,-22,-12,-11,-23,-24,21
ZM,Zambia,,,Lusaka Metropolitan Area,,,ChIJL3hQiiWNQBkRwgsdS9A-K_Y,2020-04-24,-24,-13,-15,-25,-20,22
ZM,Zambia,,,Lusaka Metropolitan Area,,,ChIJL3hQiiWNQBkRwgsdS9A-K_Y,2020-04-25,-25,-16,-19,-25,-3,17
ZM,Zambia,,,Lusaka Metropolitan Area,,,ChIJL3hQiiWNQBkRwgsdS9A-K_Y,2020-04-26,-30,-22,-18,-31,-3,17
ZM,Zambia,,,Lusaka Metropolitan Area,,,ChIJL3hQiiWNQBkRwgsdS9A-K_Y,2020-04-27,-19,-14,-17,-25,-20,19
ZM,Zambia,,,Lusaka Metropolitan Area,,,ChIJL3hQiiWNQBkRwgsdS9A-K_Y,2020-04-28,-18,-12,-2,-22,-20,20
ZM,Zambia,,,Lusaka Metropolitan Area,,,ChIJL3hQiiWNQBkRwgsdS9A-K_Y,2020-04-29,-18,-8,-8,-18,-21,19
ZM,Zambia,,,Lusaka Metropolitan Area,,,ChIJL3hQiiWNQBkRwgsdS9A-K_Y,2020-04-30,-13,-1,-7,-14,-20,18
ZM,Zambia,,,Lusaka Metropolitan Area,,,ChIJL3hQiiWNQBkRwgsdS9A-K_Y,2020-05-01,-29,-14,-24,-24,-52,28
ZM,Zambia,,,Lusaka Metropolitan Area,,,ChIJL3hQiiWNQBkRwgsdS9A-K_Y,2020-05-02,-21,-12,-5,-20,-5,16
ZM,Zambia,,,Lusaka Metropolitan Area,,,ChIJL3hQiiWNQBkRwgsdS9A-K_Y,2020-05-03,-30,-21,-19,-27,-3,16
ZM,Zambia,,,Lusaka Metropolitan Area,,,ChIJL3hQiiWNQBkRwgsdS9A-K_Y,2020-05-04,-15,-11,-6,-19,-17,17
ZM,Zambia,,,Lusaka Metropolitan Area,,,ChIJL3hQiiWNQBkRwgsdS9A-K_Y,2020-05-05,-14,-10,-5,-17,-18,19
ZM,Zambia,,,Lusaka Metropolitan Area,,,ChIJL3hQiiWNQBkRwgsdS9A-K_Y,2020-05-06,-16,-6,-7,-13,-18,20
ZM,Zambia,,,Lusaka Metropolitan Area,,,ChIJL3hQiiWNQBkRwgsdS9A-K_Y,2020-05-07,-15,-4,-4,-13,-18,19
ZM,Zambia,,,Lusaka Metropolitan Area,,,ChIJL3hQiiWNQBkRwgsdS9A-K_Y,2020-05-08,-20,-8,-15,-17,-13,21
ZM,Zambia,,,Lusaka Metropolitan Area,,,ChIJL3hQiiWNQBkRwgsdS9A-K_Y,2020-05-09,-18,-7,-11,-14,4,16
ZM,Zambia,,,Lusaka Metropolitan Area,,,ChIJL3hQiiWNQBkRwgsdS9A-K_Y,2020-05-10,-22,-15,-13,-22,4,15
ZM,Zambia,,,Lusaka Metropolitan Area,,,ChIJL3hQiiWNQBkRwgsdS9A-K_Y,2020-05-11,-14,-9,-8,-18,-15,18
ZM,Zambia,,,Lusaka Metropolitan Area,,,ChIJL3hQiiWNQBkRwgsdS9A-K_Y,2020-05-12,-15,-9,0,-17,-16,19
ZM,Zambia,,,Lusaka Metropolitan Area,,,ChIJL3hQiiWNQBkRwgsdS9A-K_Y,2020-05-13,-17,-8,-7,-16,-16,19
ZM,Zambia,,,Lusaka Metropolitan Area,,,ChIJL3hQiiWNQBkRwgsdS9A-K_Y,2020-05-14,-16,-6,-8,-16,-15,19
ZM,Zambia,,,Lusaka Metropolitan Area,,,ChIJL3hQiiWNQBkRwgsdS9A-K_Y,2020-05-15,-20,-9,-12,-19,-12,21
ZM,Zambia,,,Lusaka Metropolitan Area,,,ChIJL3hQiiWNQBkRwgsdS9A-K_Y,2020-05-16,-20,-10,-11,-17,4,17
ZM,Zambia,,,Lusaka Metropolitan Area,,,ChIJL3hQiiWNQBkRwgsdS9A-K_Y,2020-05-17,-25,-18,-17,-24,3,16
ZM,Zambia,,,Lusaka Metropolitan Area,,,ChIJL3hQiiWNQBkRwgsdS9A-K_Y,2020-05-18,-15,-10,-7,-19,-13,19
ZM,Zambia,,,Lusaka Metropolitan Area,,,ChIJL3hQiiWNQBkRwgsdS9A-K_Y,2020-05-19,-16,-11,0,-17,-16,20
ZM,Zambia,,,Lusaka Metropolitan Area,,,ChIJL3hQiiWNQBkRwgsdS9A-K_Y,2020-05-20,-16,-8,-4,-15,-15,20
ZM,Zambia,,,Lusaka Metropolitan Area,,,ChIJL3hQiiWNQBkRwgsdS9A-K_Y,2020-05-21,-12,-1,-4,-14,-16,19
ZM,Zambia,,,Lusaka Metropolitan Area,,,ChIJL3hQiiWNQBkRwgsdS9A-K_Y,2020-05-22,-11,2,5,-12,-12,19
ZM,Zambia,,,Lusaka Metropolitan Area,,,ChIJL3hQiiWNQBkRwgsdS9A-K_Y,2020-05-23,-10,2,14,-9,3,14
ZM,Zambia,,,Lusaka Metropolitan Area,,,ChIJL3hQiiWNQBkRwgsdS9A-K_Y,2020-05-24,-15,-7,-2,-18,6,14
ZM,Zambia,,,Lusaka Metropolitan Area,,,ChIJL3hQiiWNQBkRwgsdS9A-K_Y,2020-05-25,-19,-12,-8,-18,-56,26
ZM,Zambia,,,Lusaka Metropolitan Area,,,ChIJL3hQiiWNQBkRwgsdS9A-K_Y,2020-05-26,-6,1,8,-8,-12,17
ZM,Zambia,,,Lusaka Metropolitan Area,,,ChIJL3hQiiWNQBkRwgsdS9A-K_Y,2020-05-27,-8,2,-4,-7,-12,18
ZM,Zambia,,,Lusaka Metropolitan Area,,,ChIJL3hQiiWNQBkRwgsdS9A-K_Y,2020-05-28,-7,6,6,-5,-12,18
ZM,Zambia,,,Lusaka Metropolitan Area,,,ChIJL3hQiiWNQBkRwgsdS9A-K_Y,2020-05-29,-10,2,3,-9,-9,18
ZM,Zambia,,,Lusaka Metropolitan Area,,,ChIJL3hQiiWNQBkRwgsdS9A-K_Y,2020-05-30,-4,4,4,-4,8,13
ZM,Zambia,,,Lusaka Metropolitan Area,,,ChIJL3hQiiWNQBkRwgsdS9A-K_Y,2020-05-31,-11,-7,-5,-12,9,13
ZM,Zambia,,,Lusaka Metropolitan Area,,,ChIJL3hQiiWNQBkRwgsdS9A-K_Y,2020-06-01,-3,0,-8,-8,-9,15
ZM,Zambia,,,Lusaka Metropolitan Area,,,ChIJL3hQiiWNQBkRwgsdS9A-K_Y,2020-06-02,-5,-1,-2,-8,-9,16
ZM,Zambia,,,Lusaka Metropolitan Area,,,ChIJL3hQiiWNQBkRwgsdS9A-K_Y,2020-06-03,-6,-1,-1,-7,-10,16
ZM,Zambia,,,Lusaka Metropolitan Area,,,ChIJL3hQiiWNQBkRwgsdS9A-K_Y,2020-06-04,-7,1,3,-6,-9,16
ZM,Zambia,,,Lusaka Metropolitan Area,,,ChIJL3hQiiWNQBkRwgsdS9A-K_Y,2020-06-05,-9,-2,2,-9,-4,17
ZM,Zambia,,,Lusaka Metropolitan Area,,,ChIJL3hQiiWNQBkRwgsdS9A-K_Y,2020-06-06,-7,-2,12,-7,7,12
ZM,Zambia,,,Lusaka Metropolitan Area,,,ChIJL3hQiiWNQBkRwgsdS9A-K_Y,2020-06-07,-13,-9,-9,-14,9,12
ZM,Zambia,,,Lusaka Metropolitan Area,,,ChIJL3hQiiWNQBkRwgsdS9A-K_Y,2020-06-08,-7,-5,3,-10,-6,14
ZM,Zambia,,,Lusaka Metropolitan Area,,,ChIJL3hQiiWNQBkRwgsdS9A-K_Y,2020-06-09,-10,-6,-2,-10,-7,15
ZM,Zambia,,,Lusaka Metropolitan Area,,,ChIJL3hQiiWNQBkRwgsdS9A-K_Y,2020-06-10,-7,-4,11,-8,-7,15
ZM,Zambia,,,Lusaka Metropolitan Area,,,ChIJL3hQiiWNQBkRwgsdS9A-K_Y,2020-06-11,-7,-1,-1,-7,-8,15
ZM,Zambia,,,Lusaka Metropolitan Area,,,ChIJL3hQiiWNQBkRwgsdS9A-K_Y,2020-06-12,-10,-5,9,-11,-4,16
ZM,Zambia,,,Lusaka Metropolitan Area,,,ChIJL3hQiiWNQBkRwgsdS9A-K_Y,2020-06-13,-6,-3,11,-8,7,12
ZM,Zambia,,,Lusaka Metropolitan Area,,,ChIJL3hQiiWNQBkRwgsdS9A-K_Y,2020-06-14,-13,-12,-14,-16,5,13
ZM,Zambia,,,Lusaka Metropolitan Area,,,ChIJL3hQiiWNQBkRwgsdS9A-K_Y,2020-06-15,-7,-6,3,-11,-6,14
ZM,Zambia,,,Lusaka Metropolitan Area,,,ChIJL3hQiiWNQBkRwgsdS9A-K_Y,2020-06-16,-7,-5,3,-10,-7,14
ZM,Zambia,,,Lusaka Metropolitan Area,,,ChIJL3hQiiWNQBkRwgsdS9A-K_Y,2020-06-17,-9,-4,3,-9,-8,13
ZM,Zambia,,,Lusaka Metropolitan Area,,,ChIJL3hQiiWNQBkRwgsdS9A-K_Y,2020-06-18,-8,-2,-10,-9,-9,12
ZM,Zambia,,,Lusaka Metropolitan Area,,,ChIJL3hQiiWNQBkRwgsdS9A-K_Y,2020-06-19,-10,-7,-5,-12,-5,14
ZM,Zambia,,,Lusaka Metropolitan Area,,,ChIJL3hQiiWNQBkRwgsdS9A-K_Y,2020-06-20,-5,-4,11,-7,5,12
ZM,Zambia,,,Lusaka Metropolitan Area,,,ChIJL3hQiiWNQBkRwgsdS9A-K_Y,2020-06-21,-10,-11,2,-16,4,11
ZM,Zambia,,,Lusaka Metropolitan Area,,,ChIJL3hQiiWNQBkRwgsdS9A-K_Y,2020-06-22,-9,-8,-3,-14,-8,14
ZM,Zambia,,,Lusaka Metropolitan Area,,,ChIJL3hQiiWNQBkRwgsdS9A-K_Y,2020-06-23,-7,-4,9,-11,-10,15
ZM,Zambia,,,Lusaka Metropolitan Area,,,ChIJL3hQiiWNQBkRwgsdS9A-K_Y,2020-06-24,-5,-2,5,-8,-10,14
ZM,Zambia,,,Lusaka Metropolitan Area,,,ChIJL3hQiiWNQBkRwgsdS9A-K_Y,2020-06-25,-1,6,7,-5,-11,12
ZM,Zambia,,,Lusaka Metropolitan Area,,,ChIJL3hQiiWNQBkRwgsdS9A-K_Y,2020-06-26,1,3,2,-4,-7,12
ZM,Zambia,,,Lusaka Metropolitan Area,,,ChIJL3hQiiWNQBkRwgsdS9A-K_Y,2020-06-27,7,6,15,0,2,8
ZM,Zambia,,,Lusaka Metropolitan Area,,,ChIJL3hQiiWNQBkRwgsdS9A-K_Y,2020-06-28,-1,-1,7,-9,1,9
ZM,Zambia,,,Lusaka Metropolitan Area,,,ChIJL3hQiiWNQBkRwgsdS9A-K_Y,2020-06-29,2,2,17,-6,-8,10
ZM,Zambia,,,Lusaka Metropolitan Area,,,ChIJL3hQiiWNQBkRwgsdS9A-K_Y,2020-06-30,3,5,18,-2,-9,11
ZM,Zambia,,,Lusaka Metropolitan Area,,,ChIJL3hQiiWNQBkRwgsdS9A-K_Y,2020-07-01,2,7,14,-3,-9,11
ZM,Zambia,,,Lusaka Metropolitan Area,,,ChIJL3hQiiWNQBkRwgsdS9A-K_Y,2020-07-02,5,10,17,3,-9,11
ZM,Zambia,,,Lusaka Metropolitan Area,,,ChIJL3hQiiWNQBkRwgsdS9A-K_Y,2020-07-03,1,5,7,0,-7,11
ZM,Zambia,,,Lusaka Metropolitan Area,,,ChIJL3hQiiWNQBkRwgsdS9A-K_Y,2020-07-04,4,5,13,2,-1,7
ZM,Zambia,,,Lusaka Metropolitan Area,,,ChIJL3hQiiWNQBkRwgsdS9A-K_Y,2020-07-05,-2,-3,10,-8,-2,7
ZM,Zambia,,,Lusaka Metropolitan Area,,,ChIJL3hQiiWNQBkRwgsdS9A-K_Y,2020-07-06,-4,-5,9,-9,-57,19
ZM,Zambia,,,Lusaka Metropolitan Area,,,ChIJL3hQiiWNQBkRwgsdS9A-K_Y,2020-07-07,-5,-4,-4,-10,-57,21
ZM,Zambia,,,Lusaka Metropolitan Area,,,ChIJL3hQiiWNQBkRwgsdS9A-K_Y,2020-07-08,6,5,12,-2,-9,10
ZM,Zambia,,,Lusaka Metropolitan Area,,,ChIJL3hQiiWNQBkRwgsdS9A-K_Y,2020-07-09,6,7,3,-4,-10,12
ZM,Zambia,,,Lusaka Metropolitan Area,,,ChIJL3hQiiWNQBkRwgsdS9A-K_Y,2020-07-10,2,2,3,-7,-7,12
ZM,Zambia,,,Lusaka Metropolitan Area,,,ChIJL3hQiiWNQBkRwgsdS9A-K_Y,2020-07-11,4,3,18,-6,3,10
ZM,Zambia,,,Lusaka Metropolitan Area,,,ChIJL3hQiiWNQBkRwgsdS9A-K_Y,2020-07-12,-3,-4,-3,-13,2,10
ZM,Zambia,,,Lusaka Metropolitan Area,,,ChIJL3hQiiWNQBkRwgsdS9A-K_Y,2020-07-13,4,-1,10,-11,-9,11
ZM,Zambia,,,Lusaka Metropolitan Area,,,ChIJL3hQiiWNQBkRwgsdS9A-K_Y,2020-07-14,3,2,16,-9,-11,12
ZM,Zambia,,,Lusaka Metropolitan Area,,,ChIJL3hQiiWNQBkRwgsdS9A-K_Y,2020-07-15,1,3,6,-7,-10,13
ZM,Zambia,,,Lusaka Metropolitan Area,,,ChIJL3hQiiWNQBkRwgsdS9A-K_Y,2020-07-16,1,4,8,-7,-10,14
ZM,Zambia,,,Lusaka Metropolitan Area,,,ChIJL3hQiiWNQBkRwgsdS9A-K_Y,2020-07-17,-2,0,-7,-10,-8,15
ZM,Zambia,,,Lusaka Metropolitan Area,,,ChIJL3hQiiWNQBkRwgsdS9A-K_Y,2020-07-18,1,1,9,-9,1,12
ZM,Zambia,,,Lusaka Metropolitan Area,,,ChIJL3hQiiWNQBkRwgsdS9A-K_Y,2020-07-19,-9,-7,3,-18,-1,12
ZM,Zambia,,,Lusaka Metropolitan Area,,,ChIJL3hQiiWNQBkRwgsdS9A-K_Y,2020-07-20,-2,-4,-5,-13,-9,13
ZM,Zambia,,,Lusaka Metropolitan Area,,,ChIJL3hQiiWNQBkRwgsdS9A-K_Y,2020-07-21,0,0,7,-13,-12,15
ZM,Zambia,,,Lusaka Metropolitan Area,,,ChIJL3hQiiWNQBkRwgsdS9A-K_Y,2020-07-22,3,5,3,-7,-12,15
ZM,Zambia,,,Lusaka Metropolitan Area,,,ChIJL3hQiiWNQBkRwgsdS9A-K_Y,2020-07-23,4,9,4,-7,-14,14
ZM,Zambia,,,Lusaka Metropolitan Area,,,ChIJL3hQiiWNQBkRwgsdS9A-K_Y,2020-07-24,1,6,7,-7,-10,15
ZM,Zambia,,,Lusaka Metropolitan Area,,,ChIJL3hQiiWNQBkRwgsdS9A-K_Y,2020-07-25,5,9,24,-4,-1,13
ZM,Zambia,,,Lusaka Metropolitan Area,,,ChIJL3hQiiWNQBkRwgsdS9A-K_Y,2020-07-26,-1,3,18,-15,-1,11
ZM,Zambia,,,Lusaka Metropolitan Area,,,ChIJL3hQiiWNQBkRwgsdS9A-K_Y,2020-07-27,6,6,6,-9,-13,13
ZM,Zambia,,,Lusaka Metropolitan Area,,,ChIJL3hQiiWNQBkRwgsdS9A-K_Y,2020-07-28,6,6,9,-7,-14,14
ZM,Zambia,,,Lusaka Metropolitan Area,,,ChIJL3hQiiWNQBkRwgsdS9A-K_Y,2020-07-29,4,7,7,-3,-14,14
ZM,Zambia,,,Lusaka Metropolitan Area,,,ChIJL3hQiiWNQBkRwgsdS9A-K_Y,2020-07-30,8,13,8,1,-14,14
ZM,Zambia,,,Lusaka Metropolitan Area,,,ChIJL3hQiiWNQBkRwgsdS9A-K_Y,2020-07-31,7,10,3,-1,-14,13
ZM,Zambia,,,Lusaka Metropolitan Area,,,ChIJL3hQiiWNQBkRwgsdS9A-K_Y,2020-08-01,10,13,27,3,-3,10
ZM,Zambia,,,Lusaka Metropolitan Area,,,ChIJL3hQiiWNQBkRwgsdS9A-K_Y,2020-08-02,2,3,10,-10,-4,9
ZM,Zambia,,,Lusaka Metropolitan Area,,,ChIJL3hQiiWNQBkRwgsdS9A-K_Y,2020-08-03,-3,-1,17,-11,-58,22
ZM,Zambia,,,Lusaka Metropolitan Area,,,ChIJL3hQiiWNQBkRwgsdS9A-K_Y,2020-08-04,7,9,9,-2,-14,13
ZM,Zambia,,,Lusaka Metropolitan Area,,,ChIJL3hQiiWNQBkRwgsdS9A-K_Y,2020-08-05,5,11,10,-1,-14,14
ZM,Zambia,,,Lusaka Metropolitan Area,,,ChIJL3hQiiWNQBkRwgsdS9A-K_Y,2020-08-06,6,15,-4,1,-14,12
ZM,Zambia,,,Lusaka Metropolitan Area,,,ChIJL3hQiiWNQBkRwgsdS9A-K_Y,2020-08-07,1,7,11,-4,-10,11
ZM,Zambia,,,Lusaka Metropolitan Area,,,ChIJL3hQiiWNQBkRwgsdS9A-K_Y,2020-08-08,3,6,24,-3,0,9
ZM,Zambia,,,Lusaka Metropolitan Area,,,ChIJL3hQiiWNQBkRwgsdS9A-K_Y,2020-08-09,-3,3,11,-10,2,9
ZM,Zambia,,,Lusaka Metropolitan Area,,,ChIJL3hQiiWNQBkRwgsdS9A-K_Y,2020-08-10,5,5,20,-4,-13,11
ZM,Zambia,,,Lusaka Metropolitan Area,,,ChIJL3hQiiWNQBkRwgsdS9A-K_Y,2020-08-11,2,5,8,-5,-15,12
ZM,Zambia,,,Lusaka Metropolitan Area,,,ChIJL3hQiiWNQBkRwgsdS9A-K_Y,2020-08-12,1,8,11,-3,-14,12
ZM,Zambia,,,Lusaka Metropolitan Area,,,ChIJL3hQiiWNQBkRwgsdS9A-K_Y,2020-08-13,3,13,1,-3,-15,12
ZM,Zambia,,,Lusaka Metropolitan Area,,,ChIJL3hQiiWNQBkRwgsdS9A-K_Y,2020-08-14,0,8,10,-2,-12,14
ZM,Zambia,,,Lusaka Metropolitan Area,,,ChIJL3hQiiWNQBkRwgsdS9A-K_Y,2020-08-15,3,6,18,-4,-1,9
ZM,Zambia,,,Lusaka Metropolitan Area,,,ChIJL3hQiiWNQBkRwgsdS9A-K_Y,2020-08-16,-2,-1,15,-11,0,9
ZM,Zambia,,,Lusaka Metropolitan Area,,,ChIJL3hQiiWNQBkRwgsdS9A-K_Y,2020-08-17,1,2,,-7,-13,11
ZM,Zambia,,,Lusaka Metropolitan Area,,,ChIJL3hQiiWNQBkRwgsdS9A-K_Y,2020-08-18,1,4,,-6,-12,12
ZM,Zambia,,,Lusaka Metropolitan Area,,,ChIJL3hQiiWNQBkRwgsdS9A-K_Y,2020-08-19,0,2,,-6,-13,12
ZM,Zambia,,,Lusaka Metropolitan Area,,,ChIJL3hQiiWNQBkRwgsdS9A-K_Y,2020-08-20,-1,6,,-5,-13,12
ZM,Zambia,,,Lusaka Metropolitan Area,,,ChIJL3hQiiWNQBkRwgsdS9A-K_Y,2020-08-21,-3,5,,-8,-11,13
ZM,Zambia,,,Lusaka Metropolitan Area,,,ChIJL3hQiiWNQBkRwgsdS9A-K_Y,2020-08-22,0,4,,-6,1,10
ZM,Zambia,,,Lusaka Metropolitan Area,,,ChIJL3hQiiWNQBkRwgsdS9A-K_Y,2020-08-23,-4,0,,-15,1,9
ZM,Zambia,,,Lusaka Metropolitan Area,,,ChIJL3hQiiWNQBkRwgsdS9A-K_Y,2020-08-24,0,2,,-8,-12,11
ZM,Zambia,,,Lusaka Metropolitan Area,,,ChIJL3hQiiWNQBkRwgsdS9A-K_Y,2020-08-25,1,6,,-6,-13,12
ZM,Zambia,,,Lusaka Metropolitan Area,,,ChIJL3hQiiWNQBkRwgsdS9A-K_Y,2020-08-26,1,7,,-4,-13,12
ZM,Zambia,,,Lusaka Metropolitan Area,,,ChIJL3hQiiWNQBkRwgsdS9A-K_Y,2020-08-27,6,12,,-2,-14,10
ZM,Zambia,,,Lusaka Metropolitan Area,,,ChIJL3hQiiWNQBkRwgsdS9A-K_Y,2020-08-28,7,12,,0,-12,10
ZM,Zambia,,,Lusaka Metropolitan Area,,,ChIJL3hQiiWNQBkRwgsdS9A-K_Y,2020-08-29,9,12,,0,0,6
ZM,Zambia,,,Lusaka Metropolitan Area,,,ChIJL3hQiiWNQBkRwgsdS9A-K_Y,2020-08-30,4,7,,-9,-1,7
ZM,Zambia,,,Lusaka Metropolitan Area,,,ChIJL3hQiiWNQBkRwgsdS9A-K_Y,2020-08-31,7,9,,-4,-14,10
ZM,Zambia,,,Lusaka Metropolitan Area,,,ChIJL3hQiiWNQBkRwgsdS9A-K_Y,2020-09-01,7,11,,-2,-16,11
ZM,Zambia,,,Lusaka Metropolitan Area,,,ChIJL3hQiiWNQBkRwgsdS9A-K_Y,2020-09-02,4,12,,-4,-15,11
ZM,Zambia,,,Lusaka Metropolitan Area,,,ChIJL3hQiiWNQBkRwgsdS9A-K_Y,2020-09-03,5,15,,-3,-16,12
ZM,Zambia,,,Lusaka Metropolitan Area,,,ChIJL3hQiiWNQBkRwgsdS9A-K_Y,2020-09-04,4,14,,-3,-12,13
ZM,Zambia,,,Lusaka Metropolitan Area,,,ChIJL3hQiiWNQBkRwgsdS9A-K_Y,2020-09-05,8,16,,-3,0,8
ZM,Zambia,,,Lusaka Metropolitan Area,,,ChIJL3hQiiWNQBkRwgsdS9A-K_Y,2020-09-06,3,11,,-11,-6,8
ZM,Zambia,,,Lusaka Metropolitan Area,,,ChIJL3hQiiWNQBkRwgsdS9A-K_Y,2020-09-07,7,11,,-5,-15,11
ZM,Zambia,,,Lusaka Metropolitan Area,,,ChIJL3hQiiWNQBkRwgsdS9A-K_Y,2020-09-08,7,13,,-3,-15,12
ZM,Zambia,,,Lusaka Metropolitan Area,,,ChIJL3hQiiWNQBkRwgsdS9A-K_Y,2020-09-09,3,8,,-5,-13,12
ZM,Zambia,,,Lusaka Metropolitan Area,,,ChIJL3hQiiWNQBkRwgsdS9A-K_Y,2020-09-10,7,13,,-2,-15,12
ZM,Zambia,,,Lusaka Metropolitan Area,,,ChIJL3hQiiWNQBkRwgsdS9A-K_Y,2020-09-11,6,12,62,-2,-11,12
ZM,Zambia,,,Lusaka Metropolitan Area,,,ChIJL3hQiiWNQBkRwgsdS9A-K_Y,2020-09-12,10,12,88,-2,1,8
ZM,Zambia,,,Lusaka Metropolitan Area,,,ChIJL3hQiiWNQBkRwgsdS9A-K_Y,2020-09-13,4,7,62,-13,-4,9
ZM,Zambia,,,Lusaka Metropolitan Area,,,ChIJL3hQiiWNQBkRwgsdS9A-K_Y,2020-09-14,5,6,66,-9,-9,12
ZM,Zambia,,,Lusaka Metropolitan Area,,,ChIJL3hQiiWNQBkRwgsdS9A-K_Y,2020-09-15,5,10,69,-4,-11,13
ZM,Zambia,,,Lusaka Metropolitan Area,,,ChIJL3hQiiWNQBkRwgsdS9A-K_Y,2020-09-16,2,7,61,-6,-11,13
ZM,Zambia,,,Lusaka Metropolitan Area,,,ChIJL3hQiiWNQBkRwgsdS9A-K_Y,2020-09-17,2,10,50,-4,-12,12
ZM,Zambia,,,Lusaka Metropolitan Area,,,ChIJL3hQiiWNQBkRwgsdS9A-K_Y,2020-09-18,1,10,45,-6,-8,13
ZM,Zambia,,,Lusaka Metropolitan Area,,,ChIJL3hQiiWNQBkRwgsdS9A-K_Y,2020-09-19,7,11,63,-5,-1,9
ZM,Zambia,,,Lusaka Metropolitan Area,,,ChIJL3hQiiWNQBkRwgsdS9A-K_Y,2020-09-20,3,9,54,-13,-4,9
ZM,Zambia,,,Lusaka Metropolitan Area,,,ChIJL3hQiiWNQBkRwgsdS9A-K_Y,2020-09-21,3,9,35,-7,-11,11
ZM,Zambia,,,Lusaka Metropolitan Area,,,ChIJL3hQiiWNQBkRwgsdS9A-K_Y,2020-09-22,0,10,42,-6,-12,13
ZM,Zambia,,,Lusaka Metropolitan Area,,,ChIJL3hQiiWNQBkRwgsdS9A-K_Y,2020-09-23,-1,11,19,-5,-11,12
ZM,Zambia,,,Lusaka Metropolitan Area,,,ChIJL3hQiiWNQBkRwgsdS9A-K_Y,2020-09-24,3,17,30,-1,-13,11
ZM,Zambia,,,Lusaka Metropolitan Area,,,ChIJL3hQiiWNQBkRwgsdS9A-K_Y,2020-09-25,3,17,18,-1,-9,12
ZM,Zambia,,,Lusaka Metropolitan Area,,,ChIJL3hQiiWNQBkRwgsdS9A-K_Y,2020-09-26,9,21,56,3,-3,8
ZM,Zambia,,,Lusaka Metropolitan Area,,,ChIJL3hQiiWNQBkRwgsdS9A-K_Y,2020-09-27,5,17,40,-9,-9,9
ZM,Zambia,,,Lusaka Metropolitan Area,,,ChIJL3hQiiWNQBkRwgsdS9A-K_Y,2020-09-28,3,15,23,-5,-9,10
ZM,Zambia,,,Lusaka Metropolitan Area,,,ChIJL3hQiiWNQBkRwgsdS9A-K_Y,2020-09-29,3,17,37,-5,-12,11
ZM,Zambia,,,Lusaka Metropolitan Area,,,ChIJL3hQiiWNQBkRwgsdS9A-K_Y,2020-09-30,1,14,40,-5,-13,7
ZM,Zambia,,,Lusaka Metropolitan Area,,,ChIJL3hQiiWNQBkRwgsdS9A-K_Y,2020-10-01,3,16,41,-5,-13,2
ZM,Zambia,,,Lusaka Metropolitan Area,,,ChIJL3hQiiWNQBkRwgsdS9A-K_Y,2020-10-02,2,13,50,-6,-10,2
ZM,Zambia,,,Lusaka Metropolitan Area,,,ChIJL3hQiiWNQBkRwgsdS9A-K_Y,2020-10-03,6,16,49,-8,-7,-1
ZM,Zambia,,,Lusaka Metropolitan Area,,,ChIJL3hQiiWNQBkRwgsdS9A-K_Y,2020-10-04,3,12,33,-21,-19,0
ZM,Zambia,,,Lusaka Metropolitan Area,,,ChIJL3hQiiWNQBkRwgsdS9A-K_Y,2020-10-05,3,12,52,-10,-15,2
ZM,Zambia,,,Lusaka Metropolitan Area,,,ChIJL3hQiiWNQBkRwgsdS9A-K_Y,2020-10-06,2,12,44,-9,-15,2
ZM,Zambia,,,Lusaka Metropolitan Area,,,ChIJL3hQiiWNQBkRwgsdS9A-K_Y,2020-10-07,-1,9,40,-8,-11,3
ZM,Zambia,,,Lusaka Metropolitan Area,,,ChIJL3hQiiWNQBkRwgsdS9A-K_Y,2020-10-08,0,10,28,-9,-12,6
ZM,Zambia,,,Lusaka Metropolitan Area,,,ChIJL3hQiiWNQBkRwgsdS9A-K_Y,2020-10-09,-2,6,22,-14,-8,7
ZM,Zambia,,,Lusaka Metropolitan Area,,,ChIJL3hQiiWNQBkRwgsdS9A-K_Y,2020-10-10,2,7,49,-13,-3,7
ZM,Zambia,,,Lusaka Metropolitan Area,,,ChIJL3hQiiWNQBkRwgsdS9A-K_Y,2020-10-11,1,8,34,-21,-10,7
ZM,Zambia,,,Lusaka Metropolitan Area,,,ChIJL3hQiiWNQBkRwgsdS9A-K_Y,2020-10-12,0,8,40,-13,-8,8
ZM,Zambia,,,Lusaka Metropolitan Area,,,ChIJL3hQiiWNQBkRwgsdS9A-K_Y,2020-10-13,0,11,38,-9,-10,9
ZM,Zambia,,,Lusaka Metropolitan Area,,,ChIJL3hQiiWNQBkRwgsdS9A-K_Y,2020-10-14,-1,9,26,-7,-7,8
ZM,Zambia,,,Lusaka Metropolitan Area,,,ChIJL3hQiiWNQBkRwgsdS9A-K_Y,2020-10-15,2,14,29,-3,-9,8
ZM,Zambia,,,Lusaka Metropolitan Area,,,ChIJL3hQiiWNQBkRwgsdS9A-K_Y,2020-10-16,2,12,38,-5,-7,9
ZM,Zambia,,,Lusaka Metropolitan Area,,,ChIJL3hQiiWNQBkRwgsdS9A-K_Y,2020-10-17,4,11,51,-7,-3,7
ZM,Zambia,,,Lusaka Metropolitan Area,,,ChIJL3hQiiWNQBkRwgsdS9A-K_Y,2020-10-18,0,6,30,-21,-13,8
ZM,Zambia,,,Lusaka Metropolitan Area,,,ChIJL3hQiiWNQBkRwgsdS9A-K_Y,2020-10-19,-7,1,23,-21,-58,21
ZM,Zambia,,,Lusaka Metropolitan Area,,,ChIJL3hQiiWNQBkRwgsdS9A-K_Y,2020-10-20,-1,10,27,-10,-7,9
ZM,Zambia,,,Lusaka Metropolitan Area,,,ChIJL3hQiiWNQBkRwgsdS9A-K_Y,2020-10-21,1,6,22,-10,-6,10
ZM,Zambia,,,Lusaka Metropolitan Area,,,ChIJL3hQiiWNQBkRwgsdS9A-K_Y,2020-10-22,8,17,26,-5,-7,8
ZM,Zambia,,,Lusaka Metropolitan Area,,,ChIJL3hQiiWNQBkRwgsdS9A-K_Y,2020-10-23,8,18,20,-6,-3,6
ZM,Zambia,,,Lusaka Metropolitan Area,,,ChIJL3hQiiWNQBkRwgsdS9A-K_Y,2020-10-24,9,15,63,-8,-21,7
ZM,Zambia,,,Lusaka Metropolitan Area,,,ChIJL3hQiiWNQBkRwgsdS9A-K_Y,2020-10-25,7,14,45,-18,-9,6
ZM,Zambia,,,Lusaka Metropolitan Area,,,ChIJL3hQiiWNQBkRwgsdS9A-K_Y,2020-10-26,10,14,40,-8,-4,7
ZM,Zambia,,,Lusaka Metropolitan Area,,,ChIJL3hQiiWNQBkRwgsdS9A-K_Y,2020-10-27,10,18,46,-6,-6,7
ZM,Zambia,,,Lusaka Metropolitan Area,,,ChIJL3hQiiWNQBkRwgsdS9A-K_Y,2020-10-28,5,15,13,-5,-4,7
ZM,Zambia,,,Lusaka Metropolitan Area,,,ChIJL3hQiiWNQBkRwgsdS9A-K_Y,2020-10-29,8,15,24,-2,-7,6
ZM,Zambia,,,Lusaka Metropolitan Area,,,ChIJL3hQiiWNQBkRwgsdS9A-K_Y,2020-10-30,9,15,25,-3,-3,6
ZM,Zambia,,,Lusaka Metropolitan Area,,,ChIJL3hQiiWNQBkRwgsdS9A-K_Y,2020-10-31,14,20,47,-2,-1,5
ZM,Zambia,,,Lusaka Metropolitan Area,,,ChIJL3hQiiWNQBkRwgsdS9A-K_Y,2020-11-01,8,17,37,-12,-8,6
ZM,Zambia,,,Lusaka Metropolitan Area,,,ChIJL3hQiiWNQBkRwgsdS9A-K_Y,2020-11-02,8,14,28,-6,-3,7
ZM,Zambia,,,Lusaka Metropolitan Area,,,ChIJL3hQiiWNQBkRwgsdS9A-K_Y,2020-11-03,7,14,26,-5,-6,7
ZM,Zambia,,,Lusaka Metropolitan Area,,,ChIJL3hQiiWNQBkRwgsdS9A-K_Y,2020-11-04,0,8,16,-8,-7,10
ZM,Zambia,,,Lusaka Metropolitan Area,,,ChIJL3hQiiWNQBkRwgsdS9A-K_Y,2020-11-05,6,14,19,-3,-5,7
ZM,Zambia,,,Lusaka Metropolitan Area,,,ChIJL3hQiiWNQBkRwgsdS9A-K_Y,2020-11-06,6,13,15,-7,-1,7
ZM,Zambia,,,Lusaka Metropolitan Area,,,ChIJL3hQiiWNQBkRwgsdS9A-K_Y,2020-11-07,9,14,34,-8,-1,6
ZM,Zambia,,,Lusaka Metropolitan Area,,,ChIJL3hQiiWNQBkRwgsdS9A-K_Y,2020-11-08,6,11,9,-19,-8,7
ZM,Zambia,,,Lusaka Metropolitan Area,,,ChIJL3hQiiWNQBkRwgsdS9A-K_Y,2020-11-09,4,8,15,-15,-4,8
ZM,Zambia,,,Lusaka Metropolitan Area,,,ChIJL3hQiiWNQBkRwgsdS9A-K_Y,2020-11-10,2,8,16,-15,-8,7
ZM,Zambia,,,Lusaka Metropolitan Area,,,ChIJL3hQiiWNQBkRwgsdS9A-K_Y,2020-11-11,1,8,1,-10,-6,8
ZM,Zambia,,,Lusaka Metropolitan Area,,,ChIJL3hQiiWNQBkRwgsdS9A-K_Y,2020-11-12,1,7,-3,-11,-7,9
ZM,Zambia,,,Lusaka Metropolitan Area,,,ChIJL3hQiiWNQBkRwgsdS9A-K_Y,2020-11-13,3,11,4,-8,-3,7
ZM,Zambia,,,Lusaka Metropolitan Area,,,ChIJL3hQiiWNQBkRwgsdS9A-K_Y,2020-11-14,7,10,41,-11,-1,5
ZM,Zambia,,,Lusaka Metropolitan Area,,,ChIJL3hQiiWNQBkRwgsdS9A-K_Y,2020-11-15,2,5,32,-21,-7,6
ZM,Zambia,,,Lusaka Metropolitan Area,,,ChIJL3hQiiWNQBkRwgsdS9A-K_Y,2020-11-16,5,8,19,-13,-2,7
ZM,Zambia,,,Lusaka Metropolitan Area,,,ChIJL3hQiiWNQBkRwgsdS9A-K_Y,2020-11-17,4,7,18,-13,-5,8
ZM,Zambia,,,Lusaka Metropolitan Area,,,ChIJL3hQiiWNQBkRwgsdS9A-K_Y,2020-11-18,-1,5,15,-12,-4,8
ZM,Zambia,,,Lusaka Metropolitan Area,,,ChIJL3hQiiWNQBkRwgsdS9A-K_Y,2020-11-19,0,4,11,-15,-7,6
ZM,Zambia,,,Lusaka Metropolitan Area,,,ChIJL3hQiiWNQBkRwgsdS9A-K_Y,2020-11-20,2,7,5,-13,-2,6
ZM,Zambia,,,Lusaka Metropolitan Area,,,ChIJL3hQiiWNQBkRwgsdS9A-K_Y,2020-11-21,8,9,29,-10,1,5
ZM,Zambia,,,Lusaka Metropolitan Area,,,ChIJL3hQiiWNQBkRwgsdS9A-K_Y,2020-11-22,4,7,31,-21,-7,7
ZM,Zambia,,,Lusaka Metropolitan Area,,,ChIJL3hQiiWNQBkRwgsdS9A-K_Y,2020-11-23,4,5,18,-15,-3,7
ZM,Zambia,,,Lusaka Metropolitan Area,,,ChIJL3hQiiWNQBkRwgsdS9A-K_Y,2020-11-24,5,7,9,-13,-6,8
ZM,Zambia,,,Lusaka Metropolitan Area,,,ChIJL3hQiiWNQBkRwgsdS9A-K_Y,2020-11-25,9,14,6,-7,-3,6
ZM,Zambia,,,Lusaka Metropolitan Area,,,ChIJL3hQiiWNQBkRwgsdS9A-K_Y,2020-11-26,15,20,21,-5,-7,7
ZM,Zambia,,,Lusaka Metropolitan Area,,,ChIJL3hQiiWNQBkRwgsdS9A-K_Y,2020-11-27,22,28,24,1,-2,4
ZM,Zambia,,,Lusaka Metropolitan Area,,,ChIJL3hQiiWNQBkRwgsdS9A-K_Y,2020-11-28,18,17,42,-4,-1,4
ZM,Zambia,,,Lusaka Metropolitan Area,,,ChIJL3hQiiWNQBkRwgsdS9A-K_Y,2020-11-29,10,11,40,-14,-8,4
ZM,Zambia,,,Lusaka Metropolitan Area,,,ChIJL3hQiiWNQBkRwgsdS9A-K_Y,2020-11-30,11,12,36,-8,-2,6
ZM,Zambia,,,Lusaka Metropolitan Area,,,ChIJL3hQiiWNQBkRwgsdS9A-K_Y,2020-12-01,9,13,27,-9,-5,8
ZM,Zambia,,,Lusaka Metropolitan Area,,,ChIJL3hQiiWNQBkRwgsdS9A-K_Y,2020-12-02,11,16,29,-3,-3,7
ZM,Zambia,,,Lusaka Metropolitan Area,,,ChIJL3hQiiWNQBkRwgsdS9A-K_Y,2020-12-03,13,19,19,-1,-5,7
ZM,Zambia,,,Lusaka Metropolitan Area,,,ChIJL3hQiiWNQBkRwgsdS9A-K_Y,2020-12-04,12,16,22,-2,-2,7
ZM,Zambia,,,Lusaka Metropolitan Area,,,ChIJL3hQiiWNQBkRwgsdS9A-K_Y,2020-12-05,13,15,22,-7,0,6
ZM,Zambia,,,Lusaka Metropolitan Area,,,ChIJL3hQiiWNQBkRwgsdS9A-K_Y,2020-12-06,7,9,32,-19,-10,7
ZM,Zambia,,,Lusaka Metropolitan Area,,,ChIJL3hQiiWNQBkRwgsdS9A-K_Y,2020-12-07,10,14,10,-8,-6,7
ZM,Zambia,,,Lusaka Metropolitan Area,,,ChIJL3hQiiWNQBkRwgsdS9A-K_Y,2020-12-08,2,5,28,-15,-8,11
ZM,Zambia,,,Lusaka Metropolitan Area,,,ChIJL3hQiiWNQBkRwgsdS9A-K_Y,2020-12-09,8,14,26,1,-6,7
ZM,Zambia,,,Lusaka Metropolitan Area,,,ChIJL3hQiiWNQBkRwgsdS9A-K_Y,2020-12-10,8,16,26,3,-9,10
ZM,Zambia,,,Lusaka Metropolitan Area,,,ChIJL3hQiiWNQBkRwgsdS9A-K_Y,2020-12-11,7,14,24,2,-4,10
ZM,Zambia,,,Lusaka Metropolitan Area,,,ChIJL3hQiiWNQBkRwgsdS9A-K_Y,2020-12-12,13,16,38,3,-1,7
ZM,Zambia,,,Lusaka Metropolitan Area,,,ChIJL3hQiiWNQBkRwgsdS9A-K_Y,2020-12-13,3,7,35,-9,-10,9
ZM,Zambia,,,Lusaka Metropolitan Area,,,ChIJL3hQiiWNQBkRwgsdS9A-K_Y,2020-12-14,7,11,30,-1,-7,10
ZM,Zambia,,,Lusaka Metropolitan Area,,,ChIJL3hQiiWNQBkRwgsdS9A-K_Y,2020-12-15,8,13,23,1,-10,12
ZM,Zambia,,,Lusaka Metropolitan Area,,,ChIJL3hQiiWNQBkRwgsdS9A-K_Y,2020-12-16,7,15,18,5,-8,10
ZM,Zambia,,,Lusaka Metropolitan Area,,,ChIJL3hQiiWNQBkRwgsdS9A-K_Y,2020-12-17,11,18,33,6,-11,10
ZM,Zambia,,,Lusaka Metropolitan Area,,,ChIJL3hQiiWNQBkRwgsdS9A-K_Y,2020-12-18,11,19,16,6,-7,10
ZM,Zambia,,,Lusaka Metropolitan Area,,,ChIJL3hQiiWNQBkRwgsdS9A-K_Y,2020-12-19,16,20,45,8,-2,6
ZM,Zambia,,,Lusaka Metropolitan Area,,,ChIJL3hQiiWNQBkRwgsdS9A-K_Y,2020-12-20,8,14,44,-6,-10,9
ZM,Zambia,,,Lusaka Metropolitan Area,,,ChIJL3hQiiWNQBkRwgsdS9A-K_Y,2020-12-21,11,14,28,-1,-13,11
ZM,Zambia,,,Lusaka Metropolitan Area,,,ChIJL3hQiiWNQBkRwgsdS9A-K_Y,2020-12-22,17,27,30,7,-16,10
ZM,Zambia,,,Lusaka Metropolitan Area,,,ChIJL3hQiiWNQBkRwgsdS9A-K_Y,2020-12-23,23,34,17,17,-15,9
ZM,Zambia,,,Lusaka Metropolitan Area,,,ChIJL3hQiiWNQBkRwgsdS9A-K_Y,2020-12-24,43,55,24,23,-23,6
ZM,Zambia,,,Lusaka Metropolitan Area,,,ChIJL3hQiiWNQBkRwgsdS9A-K_Y,2020-12-25,-6,2,10,-18,-69,22
ZM,Zambia,,,Lusaka Metropolitan Area,,,ChIJL3hQiiWNQBkRwgsdS9A-K_Y,2020-12-26,6,12,28,-3,-18,11
ZM,Zambia,,,Lusaka Metropolitan Area,,,ChIJL3hQiiWNQBkRwgsdS9A-K_Y,2020-12-27,6,12,43,-6,-13,9
ZM,Zambia,,,Lusaka Metropolitan Area,,,ChIJL3hQiiWNQBkRwgsdS9A-K_Y,2020-12-28,17,25,40,5,-21,12
ZM,Zambia,,,Lusaka Metropolitan Area,,,ChIJL3hQiiWNQBkRwgsdS9A-K_Y,2020-12-29,13,25,28,5,-23,13
ZM,Zambia,,,Lusaka Metropolitan Area,,,ChIJL3hQiiWNQBkRwgsdS9A-K_Y,2020-12-30,11,23,24,6,-22,13
ZM,Zambia,,,Lusaka Metropolitan Area,,,ChIJL3hQiiWNQBkRwgsdS9A-K_Y,2020-12-31,34,43,27,15,-28,10
ZM,Zambia,,,Lusaka Metropolitan Area,,,ChIJL3hQiiWNQBkRwgsdS9A-K_Y,2021-01-01,-13,-7,5,-24,-70,26
ZM,Zambia,,,Lusaka Metropolitan Area,,,ChIJL3hQiiWNQBkRwgsdS9A-K_Y,2021-01-02,-6,1,19,-13,-20,18
ZM,Zambia,,,Lusaka Metropolitan Area,,,ChIJL3hQiiWNQBkRwgsdS9A-K_Y,2021-01-03,0,11,37,-6,-11,10
ZM,Zambia,,,Lusaka Metropolitan Area,,,ChIJL3hQiiWNQBkRwgsdS9A-K_Y,2021-01-04,13,22,37,5,-17,12
ZM,Zambia,,,Lusaka Metropolitan Area,,,ChIJL3hQiiWNQBkRwgsdS9A-K_Y,2021-01-05,7,20,21,2,-19,13
ZM,Zambia,,,Lusaka Metropolitan Area,,,ChIJL3hQiiWNQBkRwgsdS9A-K_Y,2021-01-06,1,17,20,3,-18,15
ZM,Zambia,,,Lusaka Metropolitan Area,,,ChIJL3hQiiWNQBkRwgsdS9A-K_Y,2021-01-07,2,20,10,1,-20,16
ZM,Zambia,,,Lusaka Metropolitan Area,,,ChIJL3hQiiWNQBkRwgsdS9A-K_Y,2021-01-08,-4,13,-7,-2,-15,17
ZM,Zambia,,,Lusaka Metropolitan Area,,,ChIJL3hQiiWNQBkRwgsdS9A-K_Y,2021-01-09,-4,11,13,-6,-3,13
ZM,Zambia,,,Lusaka Metropolitan Area,,,ChIJL3hQiiWNQBkRwgsdS9A-K_Y,2021-01-10,-7,6,13,-18,-13,12
ZM,Zambia,,,Lusaka Metropolitan Area,,,ChIJL3hQiiWNQBkRwgsdS9A-K_Y,2021-01-11,3,11,22,-7,-18,15
ZM,Zambia,,,Lusaka Metropolitan Area,,,ChIJL3hQiiWNQBkRwgsdS9A-K_Y,2021-01-12,1,13,19,-7,-21,15
ZM,Zambia,,,Lusaka Metropolitan Area,,,ChIJL3hQiiWNQBkRwgsdS9A-K_Y,2021-01-13,-9,2,10,-13,-23,15
ZM,Zambia,,,Lusaka Metropolitan Area,,,ChIJL3hQiiWNQBkRwgsdS9A-K_Y,2021-01-14,-12,-3,7,-20,-31,15
ZM,Zambia,,,Lusaka Metropolitan Area,,,ChIJL3hQiiWNQBkRwgsdS9A-K_Y,2021-01-15,-19,-9,3,-24,-30,17
ZM,Zambia,,,Lusaka Metropolitan Area,,,ChIJL3hQiiWNQBkRwgsdS9A-K_Y,2021-01-16,-21,-12,7,-28,-22,15
ZM,Zambia,,,Lusaka Metropolitan Area,,,ChIJL3hQiiWNQBkRwgsdS9A-K_Y,2021-01-17,-24,-16,2,-36,-28,15
ZM,Zambia,,,Lusaka Metropolitan Area,,,ChIJL3hQiiWNQBkRwgsdS9A-K_Y,2021-01-18,-14,-10,20,-28,-31,18
ZM,Zambia,,,Lusaka Metropolitan Area,,,ChIJL3hQiiWNQBkRwgsdS9A-K_Y,2021-01-19,-16,-8,5,-25,-34,18
ZM,Zambia,,,Lusaka Metropolitan Area,,,ChIJL3hQiiWNQBkRwgsdS9A-K_Y,2021-01-20,-18,-10,1,-24,-31,20
ZM,Zambia,,,Lusaka Metropolitan Area,,,ChIJL3hQiiWNQBkRwgsdS9A-K_Y,2021-01-21,-12,-2,1,-19,-31,18
ZM,Zambia,,,Lusaka Metropolitan Area,,,ChIJL3hQiiWNQBkRwgsdS9A-K_Y,2021-01-22,-16,-5,-7,-23,-28,19
ZM,Zambia,,,Lusaka Metropolitan Area,,,ChIJL3hQiiWNQBkRwgsdS9A-K_Y,2021-01-23,-14,-4,0,-23,-17,14
ZM,Zambia,,,Lusaka Metropolitan Area,,,ChIJL3hQiiWNQBkRwgsdS9A-K_Y,2021-01-24,-17,-8,6,-31,-23,14
ZM,Zambia,,,Lusaka Metropolitan Area,,,ChIJL3hQiiWNQBkRwgsdS9A-K_Y,2021-01-25,-9,-3,1,-24,-28,17
ZM,Zambia,,,Lusaka Metropolitan Area,,,ChIJL3hQiiWNQBkRwgsdS9A-K_Y,2021-01-26,-10,-1,22,-22,-30,18
ZM,Zambia,,,Lusaka Metropolitan Area,,,ChIJL3hQiiWNQBkRwgsdS9A-K_Y,2021-01-27,-8,2,4,-16,-26,17
ZM,Zambia,,,Lusaka Metropolitan Area,,,ChIJL3hQiiWNQBkRwgsdS9A-K_Y,2021-01-28,-7,4,4,-16,-28,16
ZM,Zambia,,,Lusaka Metropolitan Area,,,ChIJL3hQiiWNQBkRwgsdS9A-K_Y,2021-01-29,-6,7,-1,-14,-24,15
ZM,Zambia,,,Lusaka Metropolitan Area,,,ChIJL3hQiiWNQBkRwgsdS9A-K_Y,2021-01-30,1,12,11,-11,-14,8
ZM,Zambia,,,Lusaka Metropolitan Area,,,ChIJL3hQiiWNQBkRwgsdS9A-K_Y,2021-01-31,-3,10,16,-20,-22,7
ZM,Zambia,,,Lusaka Metropolitan Area,,,ChIJL3hQiiWNQBkRwgsdS9A-K_Y,2021-02-01,3,13,8,-12,-24,8
ZM,Zambia,,,Lusaka Metropolitan Area,,,ChIJL3hQiiWNQBkRwgsdS9A-K_Y,2021-02-02,1,13,9,-11,-25,9
ZM,Zambia,,,Lusaka Metropolitan Area,,,ChIJL3hQiiWNQBkRwgsdS9A-K_Y,2021-02-03,-5,7,6,-11,-23,12
ZM,Zambia,,,Lusaka Metropolitan Area,,,ChIJL3hQiiWNQBkRwgsdS9A-K_Y,2021-02-04,-1,11,7,-12,-24,11
ZM,Zambia,,,Lusaka Metropolitan Area,,,ChIJL3hQiiWNQBkRwgsdS9A-K_Y,2021-02-05,-5,9,-6,-14,-20,12
ZM,Zambia,,,Lusaka Metropolitan Area,,,ChIJL3hQiiWNQBkRwgsdS9A-K_Y,2021-02-06,-1,9,21,-14,-13,9
ZM,Zambia,,,Lusaka Metropolitan Area,,,ChIJL3hQiiWNQBkRwgsdS9A-K_Y,2021-02-07,-7,3,22,-27,-21,10
ZM,Zambia,,,Lusaka Metropolitan Area,,,ChIJL3hQiiWNQBkRwgsdS9A-K_Y,2021-02-08,1,9,12,-13,-21,10
ZM,Zambia,,,Lusaka Metropolitan Area,,,ChIJL3hQiiWNQBkRwgsdS9A-K_Y,2021-02-09,1,11,21,-13,-22,11
ZM,Zambia,,,Lusaka Metropolitan Area,,,ChIJL3hQiiWNQBkRwgsdS9A-K_Y,2021-02-10,-3,7,4,-12,-20,11
ZM,Zambia,,,Lusaka Metropolitan Area,,,ChIJL3hQiiWNQBkRwgsdS9A-K_Y,2021-02-11,-1,11,2,-12,-22,11
ZM,Zambia,,,Lusaka Metropolitan Area,,,ChIJL3hQiiWNQBkRwgsdS9A-K_Y,2021-02-12,-2,11,-1,-12,-17,10
ZM,Zambia,,,Lusaka Metropolitan Area,,,ChIJL3hQiiWNQBkRwgsdS9A-K_Y,2021-02-13,2,13,21,-13,-13,7
ZM,Zambia,,,Lusaka Metropolitan Area,,,ChIJL3hQiiWNQBkRwgsdS9A-K_Y,2021-02-14,9,14,23,-21,-19,5
ZM,Zambia,,,Lusaka Metropolitan Area,,,ChIJL3hQiiWNQBkRwgsdS9A-K_Y,2021-02-15,2,10,6,-14,-19,7
ZM,Zambia,,,Lusaka Metropolitan Area,,,ChIJL3hQiiWNQBkRwgsdS9A-K_Y,2021-02-16,-1,13,13,-14,-21,9
ZM,Zambia,,,Lusaka Metropolitan Area,,,ChIJL3hQiiWNQBkRwgsdS9A-K_Y,2021-02-17,-3,10,2,-13,-19,9
ZM,Zambia,,,Lusaka Metropolitan Area,,,ChIJL3hQiiWNQBkRwgsdS9A-K_Y,2021-02-18,0,13,13,-10,-19,8
ZM,Zambia,,,Lusaka Metropolitan Area,,,ChIJL3hQiiWNQBkRwgsdS9A-K_Y,2021-02-19,-2,9,5,-13,-15,10
ZM,Zambia,,,Lusaka Metropolitan Area,,,ChIJL3hQiiWNQBkRwgsdS9A-K_Y,2021-02-20,2,13,22,-14,-10,6
ZM,Zambia,,,Lusaka Metropolitan Area,,,ChIJL3hQiiWNQBkRwgsdS9A-K_Y,2021-02-21,-4,6,14,-27,-23,8
ZM,Zambia,,,Lusaka Metropolitan Area,,,ChIJL3hQiiWNQBkRwgsdS9A-K_Y,2021-02-22,4,12,16,-13,-16,7
ZM,Zambia,,,Lusaka Metropolitan Area,,,ChIJL3hQiiWNQBkRwgsdS9A-K_Y,2021-02-23,1,14,13,-12,-18,9
ZM,Zambia,,,Lusaka Metropolitan Area,,,ChIJL3hQiiWNQBkRwgsdS9A-K_Y,2021-02-24,2,14,8,-9,-16,9
ZM,Zambia,,,Lusaka Metropolitan Area,,,ChIJL3hQiiWNQBkRwgsdS9A-K_Y,2021-02-25,7,19,6,-6,-17,7
ZM,Zambia,,,Lusaka Metropolitan Area,,,ChIJL3hQiiWNQBkRwgsdS9A-K_Y,2021-02-26,8,19,7,-7,-13,8
ZM,Zambia,,,Lusaka Metropolitan Area,,,ChIJL3hQiiWNQBkRwgsdS9A-K_Y,2021-02-27,16,24,32,-3,-8,5
ZM,Zambia,,,Lusaka Metropolitan Area,,,ChIJL3hQiiWNQBkRwgsdS9A-K_Y,2021-02-28,8,17,25,-18,-16,5
ZM,Zambia,,,Lusaka Metropolitan Area,,,ChIJL3hQiiWNQBkRwgsdS9A-K_Y,2021-03-01,11,18,15,-9,-17,9
ZM,Zambia,,,Lusaka Metropolitan Area,,,ChIJL3hQiiWNQBkRwgsdS9A-K_Y,2021-03-02,17,28,20,0,-15,5
ZM,Zambia,,,Lusaka Metropolitan Area,,,ChIJL3hQiiWNQBkRwgsdS9A-K_Y,2021-03-03,10,20,4,-1,-14,5
ZM,Zambia,,,Lusaka Metropolitan Area,,,ChIJL3hQiiWNQBkRwgsdS9A-K_Y,2021-03-04,13,22,6,-1,-15,5
ZM,Zambia,,,Lusaka Metropolitan Area,,,ChIJL3hQiiWNQBkRwgsdS9A-K_Y,2021-03-05,11,21,1,-2,-9,6
