country_region_code,country_region,sub_region_1,sub_region_2,metro_area,iso_3166_2_code,census_fips_code,place_id,date,retail_and_recreation_percent_change_from_baseline,grocery_and_pharmacy_percent_change_from_baseline,parks_percent_change_from_baseline,transit_stations_percent_change_from_baseline,workplaces_percent_change_from_baseline,residential_percent_change_from_baseline
RS,Serbia,,,,,,ChIJlYCJ8t8dV0cRXYYjN-pQXgU,2020-02-15,3,-3,18,4,-11,-1
RS,Serbia,,,,,,ChIJlYCJ8t8dV0cRXYYjN-pQXgU,2020-02-16,11,2,52,8,-1,-3
RS,Serbia,,,,,,ChIJlYCJ8t8dV0cRXYYjN-pQXgU,2020-02-17,10,-5,57,-3,-46,6
RS,Serbia,,,,,,ChIJlYCJ8t8dV0cRXYYjN-pQXgU,2020-02-18,13,10,21,5,-5,0
RS,Serbia,,,,,,ChIJlYCJ8t8dV0cRXYYjN-pQXgU,2020-02-19,6,6,21,0,-9,0
RS,Serbia,,,,,,ChIJlYCJ8t8dV0cRXYYjN-pQXgU,2020-02-20,5,5,4,1,-10,1
RS,Serbia,,,,,,ChIJlYCJ8t8dV0cRXYYjN-pQXgU,2020-02-21,3,5,1,1,-10,1
RS,Serbia,,,,,,ChIJlYCJ8t8dV0cRXYYjN-pQXgU,2020-02-22,5,-1,24,12,-4,-2
RS,Serbia,,,,,,ChIJlYCJ8t8dV0cRXYYjN-pQXgU,2020-02-23,7,2,33,12,2,-2
RS,Serbia,,,,,,ChIJlYCJ8t8dV0cRXYYjN-pQXgU,2020-02-24,8,2,2,10,15,-2
RS,Serbia,,,,,,ChIJlYCJ8t8dV0cRXYYjN-pQXgU,2020-02-25,16,14,35,12,10,-3
RS,Serbia,,,,,,ChIJlYCJ8t8dV0cRXYYjN-pQXgU,2020-02-26,3,5,15,5,5,-2
RS,Serbia,,,,,,ChIJlYCJ8t8dV0cRXYYjN-pQXgU,2020-02-27,0,3,-4,4,3,-1
RS,Serbia,,,,,,ChIJlYCJ8t8dV0cRXYYjN-pQXgU,2020-02-28,-5,-3,-18,2,3,0
RS,Serbia,,,,,,ChIJlYCJ8t8dV0cRXYYjN-pQXgU,2020-02-29,6,1,12,9,4,-2
RS,Serbia,,,,,,ChIJlYCJ8t8dV0cRXYYjN-pQXgU,2020-03-01,5,4,16,12,4,-2
RS,Serbia,,,,,,ChIJlYCJ8t8dV0cRXYYjN-pQXgU,2020-03-02,15,9,19,18,16,-3
RS,Serbia,,,,,,ChIJlYCJ8t8dV0cRXYYjN-pQXgU,2020-03-03,8,7,4,7,9,-2
RS,Serbia,,,,,,ChIJlYCJ8t8dV0cRXYYjN-pQXgU,2020-03-04,0,4,-10,0,3,-1
RS,Serbia,,,,,,ChIJlYCJ8t8dV0cRXYYjN-pQXgU,2020-03-05,12,12,19,12,5,-2
RS,Serbia,,,,,,ChIJlYCJ8t8dV0cRXYYjN-pQXgU,2020-03-06,2,5,-10,5,3,-1
RS,Serbia,,,,,,ChIJlYCJ8t8dV0cRXYYjN-pQXgU,2020-03-07,8,8,-6,3,1,-1
RS,Serbia,,,,,,ChIJlYCJ8t8dV0cRXYYjN-pQXgU,2020-03-08,13,14,-10,6,4,-2
RS,Serbia,,,,,,ChIJlYCJ8t8dV0cRXYYjN-pQXgU,2020-03-09,7,4,-4,9,12,-2
RS,Serbia,,,,,,ChIJlYCJ8t8dV0cRXYYjN-pQXgU,2020-03-10,7,13,0,2,6,-1
RS,Serbia,,,,,,ChIJlYCJ8t8dV0cRXYYjN-pQXgU,2020-03-11,2,18,18,4,1,-2
RS,Serbia,,,,,,ChIJlYCJ8t8dV0cRXYYjN-pQXgU,2020-03-12,4,16,41,5,0,-2
RS,Serbia,,,,,,ChIJlYCJ8t8dV0cRXYYjN-pQXgU,2020-03-13,-9,10,2,-4,-3,1
RS,Serbia,,,,,,ChIJlYCJ8t8dV0cRXYYjN-pQXgU,2020-03-14,-18,6,-12,-13,-5,2
RS,Serbia,,,,,,ChIJlYCJ8t8dV0cRXYYjN-pQXgU,2020-03-15,-21,24,-12,-16,-7,3
RS,Serbia,,,,,,ChIJlYCJ8t8dV0cRXYYjN-pQXgU,2020-03-16,-23,15,-21,-26,-18,8
RS,Serbia,,,,,,ChIJlYCJ8t8dV0cRXYYjN-pQXgU,2020-03-17,-31,1,-8,-34,-29,10
RS,Serbia,,,,,,ChIJlYCJ8t8dV0cRXYYjN-pQXgU,2020-03-18,-41,-7,-15,-42,-38,13
RS,Serbia,,,,,,ChIJlYCJ8t8dV0cRXYYjN-pQXgU,2020-03-19,-44,-12,-12,-44,-42,15
RS,Serbia,,,,,,ChIJlYCJ8t8dV0cRXYYjN-pQXgU,2020-03-20,-47,-12,-21,-49,-43,17
RS,Serbia,,,,,,ChIJlYCJ8t8dV0cRXYYjN-pQXgU,2020-03-21,-52,-15,-26,-47,-35,11
RS,Serbia,,,,,,ChIJlYCJ8t8dV0cRXYYjN-pQXgU,2020-03-22,-73,-26,-63,-69,-46,14
RS,Serbia,,,,,,ChIJlYCJ8t8dV0cRXYYjN-pQXgU,2020-03-23,-64,-36,-60,-68,-52,21
RS,Serbia,,,,,,ChIJlYCJ8t8dV0cRXYYjN-pQXgU,2020-03-24,-72,-43,-65,-75,-59,24
RS,Serbia,,,,,,ChIJlYCJ8t8dV0cRXYYjN-pQXgU,2020-03-25,-72,-39,-63,-74,-61,24
RS,Serbia,,,,,,ChIJlYCJ8t8dV0cRXYYjN-pQXgU,2020-03-26,-69,-36,-60,-71,-61,25
RS,Serbia,,,,,,ChIJlYCJ8t8dV0cRXYYjN-pQXgU,2020-03-27,-69,-35,-57,-70,-60,26
RS,Serbia,,,,,,ChIJlYCJ8t8dV0cRXYYjN-pQXgU,2020-03-28,-69,-36,-48,-64,-50,17
RS,Serbia,,,,,,ChIJlYCJ8t8dV0cRXYYjN-pQXgU,2020-03-29,-77,-48,-56,-72,-50,15
RS,Serbia,,,,,,ChIJlYCJ8t8dV0cRXYYjN-pQXgU,2020-03-30,-63,-34,-55,-67,-56,22
RS,Serbia,,,,,,ChIJlYCJ8t8dV0cRXYYjN-pQXgU,2020-03-31,-63,-26,-54,-68,-59,22
RS,Serbia,,,,,,ChIJlYCJ8t8dV0cRXYYjN-pQXgU,2020-04-01,-67,-32,-58,-70,-61,23
RS,Serbia,,,,,,ChIJlYCJ8t8dV0cRXYYjN-pQXgU,2020-04-02,-66,-37,-52,-68,-62,24
RS,Serbia,,,,,,ChIJlYCJ8t8dV0cRXYYjN-pQXgU,2020-04-03,-65,-29,-49,-66,-60,24
RS,Serbia,,,,,,ChIJlYCJ8t8dV0cRXYYjN-pQXgU,2020-04-04,-75,-48,-62,-69,-60,19
RS,Serbia,,,,,,ChIJlYCJ8t8dV0cRXYYjN-pQXgU,2020-04-05,-97,-97,-87,-93,-77,22
RS,Serbia,,,,,,ChIJlYCJ8t8dV0cRXYYjN-pQXgU,2020-04-06,-59,-30,-44,-64,-56,20
RS,Serbia,,,,,,ChIJlYCJ8t8dV0cRXYYjN-pQXgU,2020-04-07,-60,-29,-37,-65,-59,22
RS,Serbia,,,,,,ChIJlYCJ8t8dV0cRXYYjN-pQXgU,2020-04-08,-63,-31,-34,-65,-60,21
RS,Serbia,,,,,,ChIJlYCJ8t8dV0cRXYYjN-pQXgU,2020-04-09,-59,-23,-32,-62,-60,21
RS,Serbia,,,,,,ChIJlYCJ8t8dV0cRXYYjN-pQXgU,2020-04-10,-55,-9,-31,-58,-61,19
RS,Serbia,,,,,,ChIJlYCJ8t8dV0cRXYYjN-pQXgU,2020-04-11,-96,-97,-83,-91,-81,26
RS,Serbia,,,,,,ChIJlYCJ8t8dV0cRXYYjN-pQXgU,2020-04-12,-96,-97,-82,-91,-75,21
RS,Serbia,,,,,,ChIJlYCJ8t8dV0cRXYYjN-pQXgU,2020-04-13,-50,-18,-29,-57,-54,17
RS,Serbia,,,,,,ChIJlYCJ8t8dV0cRXYYjN-pQXgU,2020-04-14,-58,-19,-49,-66,-58,21
RS,Serbia,,,,,,ChIJlYCJ8t8dV0cRXYYjN-pQXgU,2020-04-15,-53,-10,-31,-60,-58,19
RS,Serbia,,,,,,ChIJlYCJ8t8dV0cRXYYjN-pQXgU,2020-04-16,-51,-9,-21,-56,-58,18
RS,Serbia,,,,,,ChIJlYCJ8t8dV0cRXYYjN-pQXgU,2020-04-17,-57,-9,-22,-60,-76,23
RS,Serbia,,,,,,ChIJlYCJ8t8dV0cRXYYjN-pQXgU,2020-04-18,-96,-97,-81,-92,-83,26
RS,Serbia,,,,,,ChIJlYCJ8t8dV0cRXYYjN-pQXgU,2020-04-19,-96,-97,-81,-92,-77,21
RS,Serbia,,,,,,ChIJlYCJ8t8dV0cRXYYjN-pQXgU,2020-04-20,-96,-96,-79,-93,-90,35
RS,Serbia,,,,,,ChIJlYCJ8t8dV0cRXYYjN-pQXgU,2020-04-21,-51,-19,-29,-59,-53,15
RS,Serbia,,,,,,ChIJlYCJ8t8dV0cRXYYjN-pQXgU,2020-04-22,-53,-23,-17,-59,-55,17
RS,Serbia,,,,,,ChIJlYCJ8t8dV0cRXYYjN-pQXgU,2020-04-23,-52,-23,-13,-57,-54,17
RS,Serbia,,,,,,ChIJlYCJ8t8dV0cRXYYjN-pQXgU,2020-04-24,-46,5,-13,-51,-53,14
RS,Serbia,,,,,,ChIJlYCJ8t8dV0cRXYYjN-pQXgU,2020-04-25,-96,-96,-80,-90,-78,25
RS,Serbia,,,,,,ChIJlYCJ8t8dV0cRXYYjN-pQXgU,2020-04-26,-95,-96,-78,-90,-72,20
RS,Serbia,,,,,,ChIJlYCJ8t8dV0cRXYYjN-pQXgU,2020-04-27,-37,-7,-5,-47,-44,12
RS,Serbia,,,,,,ChIJlYCJ8t8dV0cRXYYjN-pQXgU,2020-04-28,-40,-7,1,-52,-47,13
RS,Serbia,,,,,,ChIJlYCJ8t8dV0cRXYYjN-pQXgU,2020-04-29,-44,-1,-12,-53,-50,14
RS,Serbia,,,,,,ChIJlYCJ8t8dV0cRXYYjN-pQXgU,2020-04-30,-40,7,0,-46,-50,10
RS,Serbia,,,,,,ChIJlYCJ8t8dV0cRXYYjN-pQXgU,2020-05-01,-96,-96,-75,-92,-91,37
RS,Serbia,,,,,,ChIJlYCJ8t8dV0cRXYYjN-pQXgU,2020-05-02,-70,-48,-50,-67,-52,14
RS,Serbia,,,,,,ChIJlYCJ8t8dV0cRXYYjN-pQXgU,2020-05-03,-66,-44,-24,-63,-38,9
RS,Serbia,,,,,,ChIJlYCJ8t8dV0cRXYYjN-pQXgU,2020-05-04,-40,-27,-21,-56,-41,12
RS,Serbia,,,,,,ChIJlYCJ8t8dV0cRXYYjN-pQXgU,2020-05-05,-38,-18,-8,-55,-44,13
RS,Serbia,,,,,,ChIJlYCJ8t8dV0cRXYYjN-pQXgU,2020-05-06,-46,-21,-29,-59,-51,15
RS,Serbia,,,,,,ChIJlYCJ8t8dV0cRXYYjN-pQXgU,2020-05-07,-27,-13,18,-45,-42,9
RS,Serbia,,,,,,ChIJlYCJ8t8dV0cRXYYjN-pQXgU,2020-05-08,-22,-5,14,-41,-40,9
RS,Serbia,,,,,,ChIJlYCJ8t8dV0cRXYYjN-pQXgU,2020-05-09,-24,-13,28,-30,-22,1
RS,Serbia,,,,,,ChIJlYCJ8t8dV0cRXYYjN-pQXgU,2020-05-10,-23,-14,41,-32,-17,-1
RS,Serbia,,,,,,ChIJlYCJ8t8dV0cRXYYjN-pQXgU,2020-05-11,-10,-7,14,-32,-27,5
RS,Serbia,,,,,,ChIJlYCJ8t8dV0cRXYYjN-pQXgU,2020-05-12,-10,1,7,-33,-32,7
RS,Serbia,,,,,,ChIJlYCJ8t8dV0cRXYYjN-pQXgU,2020-05-13,-14,-6,29,-33,-33,5
RS,Serbia,,,,,,ChIJlYCJ8t8dV0cRXYYjN-pQXgU,2020-05-14,-18,-8,9,-33,-34,5
RS,Serbia,,,,,,ChIJlYCJ8t8dV0cRXYYjN-pQXgU,2020-05-15,-18,-7,10,-32,-33,5
RS,Serbia,,,,,,ChIJlYCJ8t8dV0cRXYYjN-pQXgU,2020-05-16,-18,-11,21,-21,-18,0
RS,Serbia,,,,,,ChIJlYCJ8t8dV0cRXYYjN-pQXgU,2020-05-17,-23,-13,11,-29,-14,0
RS,Serbia,,,,,,ChIJlYCJ8t8dV0cRXYYjN-pQXgU,2020-05-18,-7,-7,13,-26,-23,4
RS,Serbia,,,,,,ChIJlYCJ8t8dV0cRXYYjN-pQXgU,2020-07-03,-13,2,15,-21,-27,4
RS,Serbia,,,,,,ChIJlYCJ8t8dV0cRXYYjN-pQXgU,2020-07-04,-11,-1,35,-12,-10,-1
RS,Serbia,,,,,,ChIJlYCJ8t8dV0cRXYYjN-pQXgU,2020-07-05,-10,1,50,-15,-2,-2
RS,Serbia,,,,,,ChIJlYCJ8t8dV0cRXYYjN-pQXgU,2020-07-06,2,7,35,-14,-22,2
RS,Serbia,,,,,,ChIJlYCJ8t8dV0cRXYYjN-pQXgU,2020-07-07,0,17,29,-18,-28,4
RS,Serbia,,,,,,ChIJlYCJ8t8dV0cRXYYjN-pQXgU,2020-07-08,-7,10,56,-18,-29,3
RS,Serbia,,,,,,ChIJlYCJ8t8dV0cRXYYjN-pQXgU,2020-07-09,-7,6,47,-17,-30,3
RS,Serbia,,,,,,ChIJlYCJ8t8dV0cRXYYjN-pQXgU,2020-07-10,-14,3,30,-23,-30,4
RS,Serbia,,,,,,ChIJlYCJ8t8dV0cRXYYjN-pQXgU,2020-07-11,-22,-8,34,-20,-14,0
RS,Serbia,,,,,,ChIJlYCJ8t8dV0cRXYYjN-pQXgU,2020-07-12,-20,0,22,-25,-8,0
RS,Serbia,,,,,,ChIJlYCJ8t8dV0cRXYYjN-pQXgU,2020-07-13,-1,3,33,-18,-24,3
RS,Serbia,,,,,,ChIJlYCJ8t8dV0cRXYYjN-pQXgU,2020-07-14,-2,7,52,-19,-28,3
RS,Serbia,,,,,,ChIJlYCJ8t8dV0cRXYYjN-pQXgU,2020-07-15,-8,5,50,-22,-30,3
RS,Serbia,,,,,,ChIJlYCJ8t8dV0cRXYYjN-pQXgU,2020-07-16,-9,3,44,-21,-30,4
RS,Serbia,,,,,,ChIJlYCJ8t8dV0cRXYYjN-pQXgU,2020-07-17,-27,-8,-15,-32,-32,8
RS,Serbia,,,,,,ChIJlYCJ8t8dV0cRXYYjN-pQXgU,2020-07-18,-22,-5,8,-22,-13,3
RS,Serbia,,,,,,ChIJlYCJ8t8dV0cRXYYjN-pQXgU,2020-07-19,-23,-6,14,-27,-8,2
RS,Serbia,,,,,,ChIJlYCJ8t8dV0cRXYYjN-pQXgU,2020-07-20,0,4,41,-18,-24,3
RS,Serbia,,,,,,ChIJlYCJ8t8dV0cRXYYjN-pQXgU,2020-07-21,1,9,65,-20,-29,3
RS,Serbia,,,,,,ChIJlYCJ8t8dV0cRXYYjN-pQXgU,2020-07-22,-9,1,60,-24,-31,3
RS,Serbia,,,,,,ChIJlYCJ8t8dV0cRXYYjN-pQXgU,2020-07-23,-13,-2,36,-24,-32,4
RS,Serbia,,,,,,ChIJlYCJ8t8dV0cRXYYjN-pQXgU,2020-07-24,-15,-2,31,-26,-31,5
RS,Serbia,,,,,,ChIJlYCJ8t8dV0cRXYYjN-pQXgU,2020-07-25,-25,-9,7,-23,-14,2
RS,Serbia,,,,,,ChIJlYCJ8t8dV0cRXYYjN-pQXgU,2020-07-26,-15,-3,43,-21,-6,-1
RS,Serbia,,,,,,ChIJlYCJ8t8dV0cRXYYjN-pQXgU,2020-07-27,0,0,46,-18,-25,3
RS,Serbia,,,,,,ChIJlYCJ8t8dV0cRXYYjN-pQXgU,2020-07-28,-1,3,67,-21,-29,3
RS,Serbia,,,,,,ChIJlYCJ8t8dV0cRXYYjN-pQXgU,2020-07-29,-9,-1,65,-23,-32,3
RS,Serbia,,,,,,ChIJlYCJ8t8dV0cRXYYjN-pQXgU,2020-07-30,-6,1,63,-21,-33,3
RS,Serbia,,,,,,ChIJlYCJ8t8dV0cRXYYjN-pQXgU,2020-07-31,-16,-4,37,-26,-33,4
RS,Serbia,,,,,,ChIJlYCJ8t8dV0cRXYYjN-pQXgU,2020-08-01,-16,-7,52,-16,-15,-2
RS,Serbia,,,,,,ChIJlYCJ8t8dV0cRXYYjN-pQXgU,2020-08-02,-7,1,83,-14,-8,-5
RS,Serbia,,,,,,ChIJlYCJ8t8dV0cRXYYjN-pQXgU,2020-08-03,1,0,53,-19,-26,2
RS,Serbia,,,,,,ChIJlYCJ8t8dV0cRXYYjN-pQXgU,2020-08-04,0,9,49,-21,-31,3
RS,Serbia,,,,,,ChIJlYCJ8t8dV0cRXYYjN-pQXgU,2020-08-05,-12,2,7,-29,-35,6
RS,Serbia,,,,,,ChIJlYCJ8t8dV0cRXYYjN-pQXgU,2020-08-06,-1,7,53,-18,-33,3
RS,Serbia,,,,,,ChIJlYCJ8t8dV0cRXYYjN-pQXgU,2020-08-07,-13,-1,23,-26,-33,3
RS,Serbia,,,,,,ChIJlYCJ8t8dV0cRXYYjN-pQXgU,2020-08-08,-11,-4,49,-13,-15,-2
RS,Serbia,,,,,,ChIJlYCJ8t8dV0cRXYYjN-pQXgU,2020-08-09,-9,-3,62,-17,-7,-4
RS,Serbia,,,,,,ChIJlYCJ8t8dV0cRXYYjN-pQXgU,2020-08-10,7,6,58,-16,-26,1
RS,Serbia,,,,,,ChIJlYCJ8t8dV0cRXYYjN-pQXgU,2020-08-11,7,10,78,-18,-30,1
RS,Serbia,,,,,,ChIJlYCJ8t8dV0cRXYYjN-pQXgU,2020-08-12,1,8,74,-18,-33,1
RS,Serbia,,,,,,ChIJlYCJ8t8dV0cRXYYjN-pQXgU,2020-08-13,1,4,77,-16,-33,1
RS,Serbia,,,,,,ChIJlYCJ8t8dV0cRXYYjN-pQXgU,2020-08-14,-7,2,46,-21,-33,2
RS,Serbia,,,,,,ChIJlYCJ8t8dV0cRXYYjN-pQXgU,2020-08-15,-13,-5,32,-14,-16,-2
RS,Serbia,,,,,,ChIJlYCJ8t8dV0cRXYYjN-pQXgU,2020-08-16,-3,1,63,-12,-6,-5
RS,Serbia,,,,,,ChIJlYCJ8t8dV0cRXYYjN-pQXgU,2020-08-17,7,5,55,-14,-25,0
RS,Serbia,,,,,,ChIJlYCJ8t8dV0cRXYYjN-pQXgU,2020-08-18,-4,3,30,-23,-29,3
RS,Serbia,,,,,,ChIJlYCJ8t8dV0cRXYYjN-pQXgU,2020-08-19,5,14,62,-16,-31,1
RS,Serbia,,,,,,ChIJlYCJ8t8dV0cRXYYjN-pQXgU,2020-08-20,1,2,68,-15,-32,0
RS,Serbia,,,,,,ChIJlYCJ8t8dV0cRXYYjN-pQXgU,2020-08-21,-5,2,52,-18,-32,1
RS,Serbia,,,,,,ChIJlYCJ8t8dV0cRXYYjN-pQXgU,2020-08-22,-10,-8,62,-9,-14,-5
RS,Serbia,,,,,,ChIJlYCJ8t8dV0cRXYYjN-pQXgU,2020-08-23,-4,-2,73,-9,-5,-7
RS,Serbia,,,,,,ChIJlYCJ8t8dV0cRXYYjN-pQXgU,2020-08-24,6,4,46,-12,-22,0
RS,Serbia,,,,,,ChIJlYCJ8t8dV0cRXYYjN-pQXgU,2020-08-25,3,9,38,-18,-27,2
RS,Serbia,,,,,,ChIJlYCJ8t8dV0cRXYYjN-pQXgU,2020-08-26,3,8,67,-14,-28,0
RS,Serbia,,,,,,ChIJlYCJ8t8dV0cRXYYjN-pQXgU,2020-08-27,1,4,64,-12,-28,0
RS,Serbia,,,,,,ChIJlYCJ8t8dV0cRXYYjN-pQXgU,2020-08-28,-1,7,53,-13,-29,-1
RS,Serbia,,,,,,ChIJlYCJ8t8dV0cRXYYjN-pQXgU,2020-08-29,-11,-10,54,-9,-12,-5
RS,Serbia,,,,,,ChIJlYCJ8t8dV0cRXYYjN-pQXgU,2020-08-30,-6,-4,65,-9,-5,-7
RS,Serbia,,,,,,ChIJlYCJ8t8dV0cRXYYjN-pQXgU,2020-08-31,9,8,39,-8,-19,-1
RS,Serbia,,,,,,ChIJlYCJ8t8dV0cRXYYjN-pQXgU,2020-09-01,9,17,42,-7,-23,0
RS,Serbia,,,,,,ChIJlYCJ8t8dV0cRXYYjN-pQXgU,2020-09-02,3,13,51,-9,-25,0
RS,Serbia,,,,,,ChIJlYCJ8t8dV0cRXYYjN-pQXgU,2020-09-03,0,6,45,-9,-26,0
RS,Serbia,,,,,,ChIJlYCJ8t8dV0cRXYYjN-pQXgU,2020-09-04,-2,7,37,-10,-25,0
RS,Serbia,,,,,,ChIJlYCJ8t8dV0cRXYYjN-pQXgU,2020-09-05,-5,-2,51,-5,-11,-4
RS,Serbia,,,,,,ChIJlYCJ8t8dV0cRXYYjN-pQXgU,2020-09-06,-2,3,64,-6,-5,-5
RS,Serbia,,,,,,ChIJlYCJ8t8dV0cRXYYjN-pQXgU,2020-09-07,6,7,36,-6,-19,-1
RS,Serbia,,,,,,ChIJlYCJ8t8dV0cRXYYjN-pQXgU,2020-09-08,7,14,50,-7,-22,-1
RS,Serbia,,,,,,ChIJlYCJ8t8dV0cRXYYjN-pQXgU,2020-09-09,1,10,54,-9,-24,-2
RS,Serbia,,,,,,ChIJlYCJ8t8dV0cRXYYjN-pQXgU,2020-09-10,3,11,56,-6,-25,-2
RS,Serbia,,,,,,ChIJlYCJ8t8dV0cRXYYjN-pQXgU,2020-09-11,0,13,45,-8,-25,-3
RS,Serbia,,,,,,ChIJlYCJ8t8dV0cRXYYjN-pQXgU,2020-09-12,-6,-1,52,-4,-12,-6
RS,Serbia,,,,,,ChIJlYCJ8t8dV0cRXYYjN-pQXgU,2020-09-13,-3,2,65,-4,-6,-8
RS,Serbia,,,,,,ChIJlYCJ8t8dV0cRXYYjN-pQXgU,2020-09-14,5,4,38,-6,-14,-3
RS,Serbia,,,,,,ChIJlYCJ8t8dV0cRXYYjN-pQXgU,2020-09-15,7,14,51,-5,-18,-2
RS,Serbia,,,,,,ChIJlYCJ8t8dV0cRXYYjN-pQXgU,2020-09-16,-1,8,51,-9,-22,-2
RS,Serbia,,,,,,ChIJlYCJ8t8dV0cRXYYjN-pQXgU,2020-09-17,-1,3,49,-8,-23,-2
RS,Serbia,,,,,,ChIJlYCJ8t8dV0cRXYYjN-pQXgU,2020-09-18,-6,4,29,-10,-23,-1
RS,Serbia,,,,,,ChIJlYCJ8t8dV0cRXYYjN-pQXgU,2020-09-19,-6,-1,46,-2,-11,-5
RS,Serbia,,,,,,ChIJlYCJ8t8dV0cRXYYjN-pQXgU,2020-09-20,-3,3,56,-4,-5,-5
RS,Serbia,,,,,,ChIJlYCJ8t8dV0cRXYYjN-pQXgU,2020-09-21,9,12,35,-3,-15,-2
RS,Serbia,,,,,,ChIJlYCJ8t8dV0cRXYYjN-pQXgU,2020-09-22,2,13,38,-6,-18,-2
RS,Serbia,,,,,,ChIJlYCJ8t8dV0cRXYYjN-pQXgU,2020-09-23,-6,9,28,-8,-21,-1
RS,Serbia,,,,,,ChIJlYCJ8t8dV0cRXYYjN-pQXgU,2020-09-24,-5,5,34,-5,-21,-1
RS,Serbia,,,,,,ChIJlYCJ8t8dV0cRXYYjN-pQXgU,2020-09-25,-11,5,9,-9,-21,0
RS,Serbia,,,,,,ChIJlYCJ8t8dV0cRXYYjN-pQXgU,2020-09-26,-15,-2,0,-9,-11,-2
RS,Serbia,,,,,,ChIJlYCJ8t8dV0cRXYYjN-pQXgU,2020-09-27,-7,9,26,-6,-6,-2
RS,Serbia,,,,,,ChIJlYCJ8t8dV0cRXYYjN-pQXgU,2020-09-28,-4,4,-2,-6,-11,0
RS,Serbia,,,,,,ChIJlYCJ8t8dV0cRXYYjN-pQXgU,2020-09-29,-3,12,4,-6,-15,0
RS,Serbia,,,,,,ChIJlYCJ8t8dV0cRXYYjN-pQXgU,2020-09-30,-8,10,0,-7,-19,0
RS,Serbia,,,,,,ChIJlYCJ8t8dV0cRXYYjN-pQXgU,2020-10-01,-5,11,8,-4,-18,-1
RS,Serbia,,,,,,ChIJlYCJ8t8dV0cRXYYjN-pQXgU,2020-10-02,-3,12,25,3,-17,-3
RS,Serbia,,,,,,ChIJlYCJ8t8dV0cRXYYjN-pQXgU,2020-10-03,-5,1,36,7,-10,-6
RS,Serbia,,,,,,ChIJlYCJ8t8dV0cRXYYjN-pQXgU,2020-10-04,-2,4,43,4,-6,-5
RS,Serbia,,,,,,ChIJlYCJ8t8dV0cRXYYjN-pQXgU,2020-10-05,2,11,13,7,-10,-2
RS,Serbia,,,,,,ChIJlYCJ8t8dV0cRXYYjN-pQXgU,2020-10-06,4,19,22,4,-14,-2
RS,Serbia,,,,,,ChIJlYCJ8t8dV0cRXYYjN-pQXgU,2020-10-07,-9,7,3,-2,-17,-1
RS,Serbia,,,,,,ChIJlYCJ8t8dV0cRXYYjN-pQXgU,2020-10-08,-8,8,0,-5,-18,1
RS,Serbia,,,,,,ChIJlYCJ8t8dV0cRXYYjN-pQXgU,2020-10-09,-4,12,18,1,-17,-2
RS,Serbia,,,,,,ChIJlYCJ8t8dV0cRXYYjN-pQXgU,2020-10-10,-5,6,31,5,-9,-4
RS,Serbia,,,,,,ChIJlYCJ8t8dV0cRXYYjN-pQXgU,2020-10-11,-5,6,37,1,-6,-4
RS,Serbia,,,,,,ChIJlYCJ8t8dV0cRXYYjN-pQXgU,2020-10-12,-9,1,-16,-2,-11,1
RS,Serbia,,,,,,ChIJlYCJ8t8dV0cRXYYjN-pQXgU,2020-10-13,-6,10,-10,-8,-14,2
RS,Serbia,,,,,,ChIJlYCJ8t8dV0cRXYYjN-pQXgU,2020-10-14,-1,16,21,1,-15,-1
RS,Serbia,,,,,,ChIJlYCJ8t8dV0cRXYYjN-pQXgU,2020-10-15,-10,6,-8,-5,-16,1
RS,Serbia,,,,,,ChIJlYCJ8t8dV0cRXYYjN-pQXgU,2020-10-16,-9,13,-7,-4,-16,0
RS,Serbia,,,,,,ChIJlYCJ8t8dV0cRXYYjN-pQXgU,2020-10-17,-13,2,-9,-9,-10,-1
RS,Serbia,,,,,,ChIJlYCJ8t8dV0cRXYYjN-pQXgU,2020-10-18,-11,4,11,-8,-8,-2
RS,Serbia,,,,,,ChIJlYCJ8t8dV0cRXYYjN-pQXgU,2020-10-19,-2,10,-3,-1,-8,0
RS,Serbia,,,,,,ChIJlYCJ8t8dV0cRXYYjN-pQXgU,2020-10-20,0,17,12,-2,-12,-1
RS,Serbia,,,,,,ChIJlYCJ8t8dV0cRXYYjN-pQXgU,2020-10-21,-5,16,18,-3,-15,-1
RS,Serbia,,,,,,ChIJlYCJ8t8dV0cRXYYjN-pQXgU,2020-10-22,-4,13,24,1,-15,-1
RS,Serbia,,,,,,ChIJlYCJ8t8dV0cRXYYjN-pQXgU,2020-10-23,-7,13,18,-2,-15,-1
RS,Serbia,,,,,,ChIJlYCJ8t8dV0cRXYYjN-pQXgU,2020-10-24,-17,2,-2,-5,-9,-1
RS,Serbia,,,,,,ChIJlYCJ8t8dV0cRXYYjN-pQXgU,2020-10-25,-15,9,-2,-9,-7,-1
RS,Serbia,,,,,,ChIJlYCJ8t8dV0cRXYYjN-pQXgU,2020-10-26,-1,14,9,2,-7,0
RS,Serbia,,,,,,ChIJlYCJ8t8dV0cRXYYjN-pQXgU,2020-10-27,1,21,27,1,-13,-1
RS,Serbia,,,,,,ChIJlYCJ8t8dV0cRXYYjN-pQXgU,2020-10-28,-11,8,9,-6,-15,0
RS,Serbia,,,,,,ChIJlYCJ8t8dV0cRXYYjN-pQXgU,2020-10-29,-11,6,3,-7,-15,1
RS,Serbia,,,,,,ChIJlYCJ8t8dV0cRXYYjN-pQXgU,2020-10-30,-13,9,-2,-9,-16,1
RS,Serbia,,,,,,ChIJlYCJ8t8dV0cRXYYjN-pQXgU,2020-10-31,-20,1,-11,-14,-12,0
RS,Serbia,,,,,,ChIJlYCJ8t8dV0cRXYYjN-pQXgU,2020-11-01,-16,2,21,-11,-9,-2
RS,Serbia,,,,,,ChIJlYCJ8t8dV0cRXYYjN-pQXgU,2020-11-02,-7,8,-3,-5,-9,1
RS,Serbia,,,,,,ChIJlYCJ8t8dV0cRXYYjN-pQXgU,2020-11-03,-5,15,10,-6,-13,1
RS,Serbia,,,,,,ChIJlYCJ8t8dV0cRXYYjN-pQXgU,2020-11-04,-13,10,-1,-11,-17,2
RS,Serbia,,,,,,ChIJlYCJ8t8dV0cRXYYjN-pQXgU,2020-11-05,-17,5,-14,-13,-18,3
RS,Serbia,,,,,,ChIJlYCJ8t8dV0cRXYYjN-pQXgU,2020-11-06,-17,10,-10,-14,-18,2
RS,Serbia,,,,,,ChIJlYCJ8t8dV0cRXYYjN-pQXgU,2020-11-07,-18,2,6,-8,-13,0
RS,Serbia,,,,,,ChIJlYCJ8t8dV0cRXYYjN-pQXgU,2020-11-08,-19,2,12,-14,-11,0
RS,Serbia,,,,,,ChIJlYCJ8t8dV0cRXYYjN-pQXgU,2020-11-09,-15,1,-22,-15,-12,3
RS,Serbia,,,,,,ChIJlYCJ8t8dV0cRXYYjN-pQXgU,2020-11-10,-8,17,-8,-12,-16,2
RS,Serbia,,,,,,ChIJlYCJ8t8dV0cRXYYjN-pQXgU,2020-11-11,-19,3,-2,-31,-55,10
RS,Serbia,,,,,,ChIJlYCJ8t8dV0cRXYYjN-pQXgU,2020-11-12,-17,6,-6,-19,-28,4
RS,Serbia,,,,,,ChIJlYCJ8t8dV0cRXYYjN-pQXgU,2020-11-13,-21,6,-16,-23,-29,6
RS,Serbia,,,,,,ChIJlYCJ8t8dV0cRXYYjN-pQXgU,2020-11-14,-24,-1,-9,-17,-14,2
RS,Serbia,,,,,,ChIJlYCJ8t8dV0cRXYYjN-pQXgU,2020-11-15,-26,-2,-2,-20,-15,1
RS,Serbia,,,,,,ChIJlYCJ8t8dV0cRXYYjN-pQXgU,2020-11-16,-15,6,-11,-14,-16,3
RS,Serbia,,,,,,ChIJlYCJ8t8dV0cRXYYjN-pQXgU,2020-11-17,-21,4,-21,-21,-19,5
RS,Serbia,,,,,,ChIJlYCJ8t8dV0cRXYYjN-pQXgU,2020-11-18,-22,7,-11,-20,-22,5
RS,Serbia,,,,,,ChIJlYCJ8t8dV0cRXYYjN-pQXgU,2020-11-19,-22,4,-7,-18,-23,5
RS,Serbia,,,,,,ChIJlYCJ8t8dV0cRXYYjN-pQXgU,2020-11-20,-29,6,-29,-25,-25,7
RS,Serbia,,,,,,ChIJlYCJ8t8dV0cRXYYjN-pQXgU,2020-11-21,-36,-6,-31,-30,-23,5
RS,Serbia,,,,,,ChIJlYCJ8t8dV0cRXYYjN-pQXgU,2020-11-22,-37,-10,-22,-30,-20,4
RS,Serbia,,,,,,ChIJlYCJ8t8dV0cRXYYjN-pQXgU,2020-11-23,-20,1,-22,-21,-17,5
RS,Serbia,,,,,,ChIJlYCJ8t8dV0cRXYYjN-pQXgU,2020-11-24,-28,3,-20,-25,-23,7
RS,Serbia,,,,,,ChIJlYCJ8t8dV0cRXYYjN-pQXgU,2020-11-25,-29,3,-15,-25,-26,7
RS,Serbia,,,,,,ChIJlYCJ8t8dV0cRXYYjN-pQXgU,2020-11-26,-31,-3,-25,-27,-27,8
RS,Serbia,,,,,,ChIJlYCJ8t8dV0cRXYYjN-pQXgU,2020-11-27,-30,1,-30,-30,-27,8
RS,Serbia,,,,,,ChIJlYCJ8t8dV0cRXYYjN-pQXgU,2020-11-28,-38,-8,-32,-31,-20,6
RS,Serbia,,,,,,ChIJlYCJ8t8dV0cRXYYjN-pQXgU,2020-11-29,-40,-9,-30,-35,-22,5
RS,Serbia,,,,,,ChIJlYCJ8t8dV0cRXYYjN-pQXgU,2020-11-30,-28,-2,-29,-29,-26,8
RS,Serbia,,,,,,ChIJlYCJ8t8dV0cRXYYjN-pQXgU,2020-12-01,-27,6,-23,-29,-29,8
RS,Serbia,,,,,,ChIJlYCJ8t8dV0cRXYYjN-pQXgU,2020-12-02,-32,3,-26,-33,-32,9
RS,Serbia,,,,,,ChIJlYCJ8t8dV0cRXYYjN-pQXgU,2020-12-03,-34,-2,-30,-34,-33,10
RS,Serbia,,,,,,ChIJlYCJ8t8dV0cRXYYjN-pQXgU,2020-12-04,-36,5,-32,-35,-33,10
RS,Serbia,,,,,,ChIJlYCJ8t8dV0cRXYYjN-pQXgU,2020-12-05,-58,-9,-10,-33,-32,7
RS,Serbia,,,,,,ChIJlYCJ8t8dV0cRXYYjN-pQXgU,2020-12-06,-61,-13,-11,-36,-32,6
RS,Serbia,,,,,,ChIJlYCJ8t8dV0cRXYYjN-pQXgU,2020-12-07,-30,-4,-39,-33,-27,9
RS,Serbia,,,,,,ChIJlYCJ8t8dV0cRXYYjN-pQXgU,2020-12-08,-27,7,-21,-31,-29,8
RS,Serbia,,,,,,ChIJlYCJ8t8dV0cRXYYjN-pQXgU,2020-12-09,-36,-4,-31,-38,-34,9
RS,Serbia,,,,,,ChIJlYCJ8t8dV0cRXYYjN-pQXgU,2020-12-10,-30,6,-11,-29,-33,8
RS,Serbia,,,,,,ChIJlYCJ8t8dV0cRXYYjN-pQXgU,2020-12-11,-34,4,-25,-32,-33,9
RS,Serbia,,,,,,ChIJlYCJ8t8dV0cRXYYjN-pQXgU,2020-12-12,-57,-7,-14,-33,-31,7
RS,Serbia,,,,,,ChIJlYCJ8t8dV0cRXYYjN-pQXgU,2020-12-13,-62,-12,-20,-37,-33,6
RS,Serbia,,,,,,ChIJlYCJ8t8dV0cRXYYjN-pQXgU,2020-12-14,-24,3,-25,-26,-25,7
RS,Serbia,,,,,,ChIJlYCJ8t8dV0cRXYYjN-pQXgU,2020-12-15,-23,12,-13,-27,-29,7
RS,Serbia,,,,,,ChIJlYCJ8t8dV0cRXYYjN-pQXgU,2020-12-16,-26,10,-6,-27,-31,7
RS,Serbia,,,,,,ChIJlYCJ8t8dV0cRXYYjN-pQXgU,2020-12-17,-27,7,-12,-26,-32,7
RS,Serbia,,,,,,ChIJlYCJ8t8dV0cRXYYjN-pQXgU,2020-12-18,-30,10,-20,-28,-33,8
RS,Serbia,,,,,,ChIJlYCJ8t8dV0cRXYYjN-pQXgU,2020-12-19,-61,-12,-22,-37,-42,7
RS,Serbia,,,,,,ChIJlYCJ8t8dV0cRXYYjN-pQXgU,2020-12-20,-59,-13,-7,-33,-32,5
RS,Serbia,,,,,,ChIJlYCJ8t8dV0cRXYYjN-pQXgU,2020-12-21,-11,10,-9,-22,-24,5
RS,Serbia,,,,,,ChIJlYCJ8t8dV0cRXYYjN-pQXgU,2020-12-22,-9,15,4,-23,-27,5
RS,Serbia,,,,,,ChIJlYCJ8t8dV0cRXYYjN-pQXgU,2020-12-23,-10,16,24,-20,-29,4
RS,Serbia,,,,,,ChIJlYCJ8t8dV0cRXYYjN-pQXgU,2020-12-24,-12,12,20,-18,-31,5
RS,Serbia,,,,,,ChIJlYCJ8t8dV0cRXYYjN-pQXgU,2020-12-25,-28,-1,-25,-32,-34,9
RS,Serbia,,,,,,ChIJlYCJ8t8dV0cRXYYjN-pQXgU,2020-12-26,-30,-2,-24,-28,-17,5
RS,Serbia,,,,,,ChIJlYCJ8t8dV0cRXYYjN-pQXgU,2020-12-27,-29,-1,-17,-29,-13,4
RS,Serbia,,,,,,ChIJlYCJ8t8dV0cRXYYjN-pQXgU,2020-12-28,-4,17,-2,-17,-23,5
RS,Serbia,,,,,,ChIJlYCJ8t8dV0cRXYYjN-pQXgU,2020-12-29,1,33,18,-14,-27,3
RS,Serbia,,,,,,ChIJlYCJ8t8dV0cRXYYjN-pQXgU,2020-12-30,-3,46,8,-14,-31,4
RS,Serbia,,,,,,ChIJlYCJ8t8dV0cRXYYjN-pQXgU,2020-12-31,-15,31,4,-26,-42,7
RS,Serbia,,,,,,ChIJlYCJ8t8dV0cRXYYjN-pQXgU,2021-01-01,-65,-72,13,-63,-81,20
RS,Serbia,,,,,,ChIJlYCJ8t8dV0cRXYYjN-pQXgU,2021-01-02,-36,-21,22,-36,-43,6
RS,Serbia,,,,,,ChIJlYCJ8t8dV0cRXYYjN-pQXgU,2021-01-03,-30,-9,13,-29,-16,3
RS,Serbia,,,,,,ChIJlYCJ8t8dV0cRXYYjN-pQXgU,2021-01-04,-14,9,-14,-29,-35,8
RS,Serbia,,,,,,ChIJlYCJ8t8dV0cRXYYjN-pQXgU,2021-01-05,-4,39,21,-22,-37,6
RS,Serbia,,,,,,ChIJlYCJ8t8dV0cRXYYjN-pQXgU,2021-01-06,-30,21,1,-33,-49,9
RS,Serbia,,,,,,ChIJlYCJ8t8dV0cRXYYjN-pQXgU,2021-01-07,-69,-72,-1,-61,-80,18
RS,Serbia,,,,,,ChIJlYCJ8t8dV0cRXYYjN-pQXgU,2021-01-08,-37,-11,-30,-45,-49,12
RS,Serbia,,,,,,ChIJlYCJ8t8dV0cRXYYjN-pQXgU,2021-01-09,-34,-10,-15,-30,-25,4
RS,Serbia,,,,,,ChIJlYCJ8t8dV0cRXYYjN-pQXgU,2021-01-10,-39,-15,-19,-32,-16,3
RS,Serbia,,,,,,ChIJlYCJ8t8dV0cRXYYjN-pQXgU,2021-01-11,-20,0,-14,-23,-23,6
RS,Serbia,,,,,,ChIJlYCJ8t8dV0cRXYYjN-pQXgU,2021-01-12,-19,6,-10,-28,-26,5
RS,Serbia,,,,,,ChIJlYCJ8t8dV0cRXYYjN-pQXgU,2021-01-13,-23,4,-10,-28,-29,4
RS,Serbia,,,,,,ChIJlYCJ8t8dV0cRXYYjN-pQXgU,2021-01-14,-30,-9,-21,-33,-33,5
RS,Serbia,,,,,,ChIJlYCJ8t8dV0cRXYYjN-pQXgU,2021-01-15,-31,-5,-26,-35,-32,6
RS,Serbia,,,,,,ChIJlYCJ8t8dV0cRXYYjN-pQXgU,2021-01-16,-34,-12,-28,-31,-20,3
RS,Serbia,,,,,,ChIJlYCJ8t8dV0cRXYYjN-pQXgU,2021-01-17,-40,-17,-19,-36,-20,4
RS,Serbia,,,,,,ChIJlYCJ8t8dV0cRXYYjN-pQXgU,2021-01-18,-24,-3,-29,-25,-19,5
RS,Serbia,,,,,,ChIJlYCJ8t8dV0cRXYYjN-pQXgU,2021-01-19,-21,5,-13,-25,-22,4
RS,Serbia,,,,,,ChIJlYCJ8t8dV0cRXYYjN-pQXgU,2021-01-20,-28,-1,-14,-28,-30,4
RS,Serbia,,,,,,ChIJlYCJ8t8dV0cRXYYjN-pQXgU,2021-01-21,-22,-2,-3,-20,-24,3
RS,Serbia,,,,,,ChIJlYCJ8t8dV0cRXYYjN-pQXgU,2021-01-22,-26,-2,-13,-23,-23,4
RS,Serbia,,,,,,ChIJlYCJ8t8dV0cRXYYjN-pQXgU,2021-01-23,-28,-8,-12,-23,-16,2
RS,Serbia,,,,,,ChIJlYCJ8t8dV0cRXYYjN-pQXgU,2021-01-24,-26,-7,7,-24,-13,1
RS,Serbia,,,,,,ChIJlYCJ8t8dV0cRXYYjN-pQXgU,2021-01-25,-19,-1,-20,-19,-15,3
RS,Serbia,,,,,,ChIJlYCJ8t8dV0cRXYYjN-pQXgU,2021-01-26,-23,-2,-22,-25,-20,3
RS,Serbia,,,,,,ChIJlYCJ8t8dV0cRXYYjN-pQXgU,2021-01-27,-26,-5,-20,-29,-28,5
RS,Serbia,,,,,,ChIJlYCJ8t8dV0cRXYYjN-pQXgU,2021-01-28,-24,-3,-12,-22,-22,4
RS,Serbia,,,,,,ChIJlYCJ8t8dV0cRXYYjN-pQXgU,2021-01-29,-26,-1,-20,-22,-22,3
RS,Serbia,,,,,,ChIJlYCJ8t8dV0cRXYYjN-pQXgU,2021-01-30,-20,-2,14,-15,-14,0
RS,Serbia,,,,,,ChIJlYCJ8t8dV0cRXYYjN-pQXgU,2021-01-31,-37,-15,-33,-34,-16,2
RS,Serbia,,,,,,ChIJlYCJ8t8dV0cRXYYjN-pQXgU,2021-02-01,-18,2,-25,-19,-14,2
RS,Serbia,,,,,,ChIJlYCJ8t8dV0cRXYYjN-pQXgU,2021-02-02,-17,8,-14,-19,-18,2
RS,Serbia,,,,,,ChIJlYCJ8t8dV0cRXYYjN-pQXgU,2021-02-03,-16,6,9,-17,-20,1
RS,Serbia,,,,,,ChIJlYCJ8t8dV0cRXYYjN-pQXgU,2021-02-04,-18,2,4,-17,-21,1
RS,Serbia,,,,,,ChIJlYCJ8t8dV0cRXYYjN-pQXgU,2021-02-05,-18,7,7,-15,-20,1
RS,Serbia,,,,,,ChIJlYCJ8t8dV0cRXYYjN-pQXgU,2021-02-06,-17,-1,27,-11,-14,-2
RS,Serbia,,,,,,ChIJlYCJ8t8dV0cRXYYjN-pQXgU,2021-02-07,-22,-2,12,-20,-13,-1
RS,Serbia,,,,,,ChIJlYCJ8t8dV0cRXYYjN-pQXgU,2021-02-08,-19,-2,-24,-19,-15,2
RS,Serbia,,,,,,ChIJlYCJ8t8dV0cRXYYjN-pQXgU,2021-02-09,-14,9,-11,-16,-18,2
RS,Serbia,,,,,,ChIJlYCJ8t8dV0cRXYYjN-pQXgU,2021-02-10,-16,11,-5,-16,-20,1
RS,Serbia,,,,,,ChIJlYCJ8t8dV0cRXYYjN-pQXgU,2021-02-11,-25,-3,-30,-24,-22,3
RS,Serbia,,,,,,ChIJlYCJ8t8dV0cRXYYjN-pQXgU,2021-02-12,-25,4,-30,-24,-22,2
RS,Serbia,,,,,,ChIJlYCJ8t8dV0cRXYYjN-pQXgU,2021-02-13,-27,-4,-28,-26,-18,0
RS,Serbia,,,,,,ChIJlYCJ8t8dV0cRXYYjN-pQXgU,2021-02-14,-22,-3,-13,-29,-15,1
RS,Serbia,,,,,,ChIJlYCJ8t8dV0cRXYYjN-pQXgU,2021-02-15,-21,-10,-8,-37,-58,9
RS,Serbia,,,,,,ChIJlYCJ8t8dV0cRXYYjN-pQXgU,2021-02-16,-21,-2,-9,-34,-56,8
RS,Serbia,,,,,,ChIJlYCJ8t8dV0cRXYYjN-pQXgU,2021-02-17,-20,7,-17,-17,-20,1
RS,Serbia,,,,,,ChIJlYCJ8t8dV0cRXYYjN-pQXgU,2021-02-18,-17,8,-3,-13,-21,1
RS,Serbia,,,,,,ChIJlYCJ8t8dV0cRXYYjN-pQXgU,2021-02-19,-20,9,-8,-16,-20,1
RS,Serbia,,,,,,ChIJlYCJ8t8dV0cRXYYjN-pQXgU,2021-02-20,-26,-2,-19,-20,-14,0
RS,Serbia,,,,,,ChIJlYCJ8t8dV0cRXYYjN-pQXgU,2021-02-21,-16,1,33,-13,-10,-2
RS,Serbia,,,,,,ChIJlYCJ8t8dV0cRXYYjN-pQXgU,2021-02-22,-7,11,15,-7,-12,-1
RS,Serbia,,,,,,ChIJlYCJ8t8dV0cRXYYjN-pQXgU,2021-02-23,-6,15,22,-9,-16,-1
RS,Serbia,,,,,,ChIJlYCJ8t8dV0cRXYYjN-pQXgU,2021-02-24,-14,11,16,-11,-19,0
RS,Serbia,,,,,,ChIJlYCJ8t8dV0cRXYYjN-pQXgU,2021-02-25,-12,10,23,-7,-19,-1
RS,Serbia,,,,,,ChIJlYCJ8t8dV0cRXYYjN-pQXgU,2021-02-26,-14,13,18,-10,-19,-1
RS,Serbia,,,,,,ChIJlYCJ8t8dV0cRXYYjN-pQXgU,2021-02-27,-34,1,1,-17,-17,-1
RS,Serbia,,,,,,ChIJlYCJ8t8dV0cRXYYjN-pQXgU,2021-02-28,-30,5,31,-14,-13,-2
RS,Serbia,,,,,,ChIJlYCJ8t8dV0cRXYYjN-pQXgU,2021-03-01,-9,11,-6,-8,-12,-1
RS,Serbia,,,,,,ChIJlYCJ8t8dV0cRXYYjN-pQXgU,2021-03-02,-9,18,7,-11,-16,0
RS,Serbia,,,,,,ChIJlYCJ8t8dV0cRXYYjN-pQXgU,2021-03-03,-11,17,18,-10,-19,-1
RS,Serbia,,,,,,ChIJlYCJ8t8dV0cRXYYjN-pQXgU,2021-03-04,-11,15,20,-7,-20,-1
RS,Serbia,,,,,,ChIJlYCJ8t8dV0cRXYYjN-pQXgU,2021-03-05,-16,21,-4,-12,-20,0
RS,Serbia,,,Belgrade Metropolitan Area,,,ChIJKzQllNFxWkcRN1Nrjt6HVjo,2020-02-15,-5,-7,13,1,-12,-2
RS,Serbia,,,Belgrade Metropolitan Area,,,ChIJKzQllNFxWkcRN1Nrjt6HVjo,2020-02-16,5,-5,72,5,-3,-4
RS,Serbia,,,Belgrade Metropolitan Area,,,ChIJKzQllNFxWkcRN1Nrjt6HVjo,2020-02-17,11,-6,98,-3,-56,5
RS,Serbia,,,Belgrade Metropolitan Area,,,ChIJKzQllNFxWkcRN1Nrjt6HVjo,2020-02-18,11,7,28,7,-6,-2
RS,Serbia,,,Belgrade Metropolitan Area,,,ChIJKzQllNFxWkcRN1Nrjt6HVjo,2020-02-19,9,4,30,2,-6,0
RS,Serbia,,,Belgrade Metropolitan Area,,,ChIJKzQllNFxWkcRN1Nrjt6HVjo,2020-02-20,7,2,10,3,-7,0
RS,Serbia,,,Belgrade Metropolitan Area,,,ChIJKzQllNFxWkcRN1Nrjt6HVjo,2020-02-21,4,1,-2,1,-7,0
RS,Serbia,,,Belgrade Metropolitan Area,,,ChIJKzQllNFxWkcRN1Nrjt6HVjo,2020-02-22,7,0,23,10,-1,-3
RS,Serbia,,,Belgrade Metropolitan Area,,,ChIJKzQllNFxWkcRN1Nrjt6HVjo,2020-02-23,12,1,64,11,-1,-3
RS,Serbia,,,Belgrade Metropolitan Area,,,ChIJKzQllNFxWkcRN1Nrjt6HVjo,2020-02-24,10,2,26,16,14,-2
RS,Serbia,,,Belgrade Metropolitan Area,,,ChIJKzQllNFxWkcRN1Nrjt6HVjo,2020-02-25,16,14,55,16,6,-3
RS,Serbia,,,Belgrade Metropolitan Area,,,ChIJKzQllNFxWkcRN1Nrjt6HVjo,2020-02-26,5,5,20,6,5,-1
RS,Serbia,,,Belgrade Metropolitan Area,,,ChIJKzQllNFxWkcRN1Nrjt6HVjo,2020-02-27,-1,2,-4,4,4,-1
RS,Serbia,,,Belgrade Metropolitan Area,,,ChIJKzQllNFxWkcRN1Nrjt6HVjo,2020-02-28,-3,-4,-14,3,4,-1
RS,Serbia,,,Belgrade Metropolitan Area,,,ChIJKzQllNFxWkcRN1Nrjt6HVjo,2020-02-29,9,3,19,10,3,-2
RS,Serbia,,,Belgrade Metropolitan Area,,,ChIJKzQllNFxWkcRN1Nrjt6HVjo,2020-03-01,12,3,36,14,0,-2
RS,Serbia,,,Belgrade Metropolitan Area,,,ChIJKzQllNFxWkcRN1Nrjt6HVjo,2020-03-02,20,9,60,28,14,-4
RS,Serbia,,,Belgrade Metropolitan Area,,,ChIJKzQllNFxWkcRN1Nrjt6HVjo,2020-03-03,8,5,1,12,5,-2
RS,Serbia,,,Belgrade Metropolitan Area,,,ChIJKzQllNFxWkcRN1Nrjt6HVjo,2020-03-04,3,2,-9,4,2,0
RS,Serbia,,,Belgrade Metropolitan Area,,,ChIJKzQllNFxWkcRN1Nrjt6HVjo,2020-03-05,11,11,28,16,4,-3
RS,Serbia,,,Belgrade Metropolitan Area,,,ChIJKzQllNFxWkcRN1Nrjt6HVjo,2020-03-06,1,2,-20,4,2,-1
RS,Serbia,,,Belgrade Metropolitan Area,,,ChIJKzQllNFxWkcRN1Nrjt6HVjo,2020-03-07,6,9,-19,2,-2,0
RS,Serbia,,,Belgrade Metropolitan Area,,,ChIJKzQllNFxWkcRN1Nrjt6HVjo,2020-03-08,14,13,-15,6,-1,-2
RS,Serbia,,,Belgrade Metropolitan Area,,,ChIJKzQllNFxWkcRN1Nrjt6HVjo,2020-03-09,10,4,15,17,10,-2
RS,Serbia,,,Belgrade Metropolitan Area,,,ChIJKzQllNFxWkcRN1Nrjt6HVjo,2020-03-10,9,15,11,6,2,-2
RS,Serbia,,,Belgrade Metropolitan Area,,,ChIJKzQllNFxWkcRN1Nrjt6HVjo,2020-03-11,3,18,29,5,-1,-1
RS,Serbia,,,Belgrade Metropolitan Area,,,ChIJKzQllNFxWkcRN1Nrjt6HVjo,2020-03-12,0,16,54,4,-3,-1
RS,Serbia,,,Belgrade Metropolitan Area,,,ChIJKzQllNFxWkcRN1Nrjt6HVjo,2020-03-13,-15,9,-5,-8,-6,2
RS,Serbia,,,Belgrade Metropolitan Area,,,ChIJKzQllNFxWkcRN1Nrjt6HVjo,2020-03-14,-27,7,-31,-20,-8,4
RS,Serbia,,,Belgrade Metropolitan Area,,,ChIJKzQllNFxWkcRN1Nrjt6HVjo,2020-03-15,-25,23,-6,-21,-9,3
RS,Serbia,,,Belgrade Metropolitan Area,,,ChIJKzQllNFxWkcRN1Nrjt6HVjo,2020-03-16,-31,8,-27,-31,-25,11
RS,Serbia,,,Belgrade Metropolitan Area,,,ChIJKzQllNFxWkcRN1Nrjt6HVjo,2020-03-17,-39,-3,-17,-40,-40,14
RS,Serbia,,,Belgrade Metropolitan Area,,,ChIJKzQllNFxWkcRN1Nrjt6HVjo,2020-03-18,-48,-12,-25,-49,-46,19
RS,Serbia,,,Belgrade Metropolitan Area,,,ChIJKzQllNFxWkcRN1Nrjt6HVjo,2020-03-19,-50,-15,-28,-52,-51,20
RS,Serbia,,,Belgrade Metropolitan Area,,,ChIJKzQllNFxWkcRN1Nrjt6HVjo,2020-03-20,-53,-17,-37,-56,-51,21
RS,Serbia,,,Belgrade Metropolitan Area,,,ChIJKzQllNFxWkcRN1Nrjt6HVjo,2020-03-21,-56,-17,-43,-55,-39,14
RS,Serbia,,,Belgrade Metropolitan Area,,,ChIJKzQllNFxWkcRN1Nrjt6HVjo,2020-03-22,-77,-33,-78,-75,-51,16
RS,Serbia,,,Belgrade Metropolitan Area,,,ChIJKzQllNFxWkcRN1Nrjt6HVjo,2020-03-23,-72,-43,-73,-75,-62,26
RS,Serbia,,,Belgrade Metropolitan Area,,,ChIJKzQllNFxWkcRN1Nrjt6HVjo,2020-03-24,-79,-52,-82,-82,-70,30
RS,Serbia,,,Belgrade Metropolitan Area,,,ChIJKzQllNFxWkcRN1Nrjt6HVjo,2020-03-25,-78,-47,-81,-82,-71,31
RS,Serbia,,,Belgrade Metropolitan Area,,,ChIJKzQllNFxWkcRN1Nrjt6HVjo,2020-03-26,-76,-41,-79,-79,-70,30
RS,Serbia,,,Belgrade Metropolitan Area,,,ChIJKzQllNFxWkcRN1Nrjt6HVjo,2020-03-27,-74,-37,-73,-77,-68,31
RS,Serbia,,,Belgrade Metropolitan Area,,,ChIJKzQllNFxWkcRN1Nrjt6HVjo,2020-03-28,-74,-38,-63,-72,-56,19
RS,Serbia,,,Belgrade Metropolitan Area,,,ChIJKzQllNFxWkcRN1Nrjt6HVjo,2020-03-29,-82,-56,-70,-79,-57,17
RS,Serbia,,,Belgrade Metropolitan Area,,,ChIJKzQllNFxWkcRN1Nrjt6HVjo,2020-03-30,-71,-43,-74,-76,-66,27
RS,Serbia,,,Belgrade Metropolitan Area,,,ChIJKzQllNFxWkcRN1Nrjt6HVjo,2020-03-31,-70,-36,-73,-76,-69,28
RS,Serbia,,,Belgrade Metropolitan Area,,,ChIJKzQllNFxWkcRN1Nrjt6HVjo,2020-04-01,-73,-40,-75,-77,-70,29
RS,Serbia,,,Belgrade Metropolitan Area,,,ChIJKzQllNFxWkcRN1Nrjt6HVjo,2020-04-02,-73,-44,-69,-76,-70,29
RS,Serbia,,,Belgrade Metropolitan Area,,,ChIJKzQllNFxWkcRN1Nrjt6HVjo,2020-04-03,-72,-37,-69,-75,-69,30
RS,Serbia,,,Belgrade Metropolitan Area,,,ChIJKzQllNFxWkcRN1Nrjt6HVjo,2020-04-04,-81,-54,-76,-77,-66,21
RS,Serbia,,,Belgrade Metropolitan Area,,,ChIJKzQllNFxWkcRN1Nrjt6HVjo,2020-04-05,-98,-98,-94,-95,-82,24
RS,Serbia,,,Belgrade Metropolitan Area,,,ChIJKzQllNFxWkcRN1Nrjt6HVjo,2020-04-06,-67,-37,-59,-72,-66,26
RS,Serbia,,,Belgrade Metropolitan Area,,,ChIJKzQllNFxWkcRN1Nrjt6HVjo,2020-04-07,-68,-39,-58,-74,-70,27
RS,Serbia,,,Belgrade Metropolitan Area,,,ChIJKzQllNFxWkcRN1Nrjt6HVjo,2020-04-08,-69,-38,-54,-74,-70,28
RS,Serbia,,,Belgrade Metropolitan Area,,,ChIJKzQllNFxWkcRN1Nrjt6HVjo,2020-04-09,-67,-33,-56,-72,-69,27
RS,Serbia,,,Belgrade Metropolitan Area,,,ChIJKzQllNFxWkcRN1Nrjt6HVjo,2020-04-10,-66,-23,-57,-71,-69,25
RS,Serbia,,,Belgrade Metropolitan Area,,,ChIJKzQllNFxWkcRN1Nrjt6HVjo,2020-04-11,-98,-98,-95,-95,-85,29
RS,Serbia,,,Belgrade Metropolitan Area,,,ChIJKzQllNFxWkcRN1Nrjt6HVjo,2020-04-12,-97,-98,-93,-94,-80,24
RS,Serbia,,,Belgrade Metropolitan Area,,,ChIJKzQllNFxWkcRN1Nrjt6HVjo,2020-04-13,-59,-28,-45,-67,-64,22
RS,Serbia,,,Belgrade Metropolitan Area,,,ChIJKzQllNFxWkcRN1Nrjt6HVjo,2020-04-14,-68,-32,-77,-77,-68,26
RS,Serbia,,,Belgrade Metropolitan Area,,,ChIJKzQllNFxWkcRN1Nrjt6HVjo,2020-04-15,-62,-22,-54,-70,-67,26
RS,Serbia,,,Belgrade Metropolitan Area,,,ChIJKzQllNFxWkcRN1Nrjt6HVjo,2020-04-16,-62,-20,-48,-69,-68,24
RS,Serbia,,,Belgrade Metropolitan Area,,,ChIJKzQllNFxWkcRN1Nrjt6HVjo,2020-04-17,-67,-21,-48,-72,-82,26
RS,Serbia,,,Belgrade Metropolitan Area,,,ChIJKzQllNFxWkcRN1Nrjt6HVjo,2020-04-18,-98,-98,-95,-95,-87,29
RS,Serbia,,,Belgrade Metropolitan Area,,,ChIJKzQllNFxWkcRN1Nrjt6HVjo,2020-04-19,-98,-98,-93,-95,-82,23
RS,Serbia,,,Belgrade Metropolitan Area,,,ChIJKzQllNFxWkcRN1Nrjt6HVjo,2020-04-20,-97,-98,-92,-96,-93,40
RS,Serbia,,,Belgrade Metropolitan Area,,,ChIJKzQllNFxWkcRN1Nrjt6HVjo,2020-04-21,-60,-28,-45,-70,-65,19
RS,Serbia,,,Belgrade Metropolitan Area,,,ChIJKzQllNFxWkcRN1Nrjt6HVjo,2020-04-22,-61,-29,-29,-70,-64,24
RS,Serbia,,,Belgrade Metropolitan Area,,,ChIJKzQllNFxWkcRN1Nrjt6HVjo,2020-04-23,-61,-30,-29,-69,-64,23
RS,Serbia,,,Belgrade Metropolitan Area,,,ChIJKzQllNFxWkcRN1Nrjt6HVjo,2020-04-24,-56,-3,-35,-65,-62,19
RS,Serbia,,,Belgrade Metropolitan Area,,,ChIJKzQllNFxWkcRN1Nrjt6HVjo,2020-04-25,-97,-97,-93,-94,-83,28
RS,Serbia,,,Belgrade Metropolitan Area,,,ChIJKzQllNFxWkcRN1Nrjt6HVjo,2020-04-26,-96,-97,-87,-93,-78,23
RS,Serbia,,,Belgrade Metropolitan Area,,,ChIJKzQllNFxWkcRN1Nrjt6HVjo,2020-04-27,-47,-15,-9,-60,-56,16
RS,Serbia,,,Belgrade Metropolitan Area,,,ChIJKzQllNFxWkcRN1Nrjt6HVjo,2020-04-28,-49,-14,-8,-64,-59,19
RS,Serbia,,,Belgrade Metropolitan Area,,,ChIJKzQllNFxWkcRN1Nrjt6HVjo,2020-04-29,-53,-11,-30,-67,-60,20
RS,Serbia,,,Belgrade Metropolitan Area,,,ChIJKzQllNFxWkcRN1Nrjt6HVjo,2020-04-30,-53,-5,-29,-64,-60,14
RS,Serbia,,,Belgrade Metropolitan Area,,,ChIJKzQllNFxWkcRN1Nrjt6HVjo,2020-05-01,-97,-97,-89,-95,-93,43
RS,Serbia,,,Belgrade Metropolitan Area,,,ChIJKzQllNFxWkcRN1Nrjt6HVjo,2020-05-02,-78,-54,-80,-80,-56,17
RS,Serbia,,,Belgrade Metropolitan Area,,,ChIJKzQllNFxWkcRN1Nrjt6HVjo,2020-05-03,-70,-46,-20,-72,-42,10
RS,Serbia,,,Belgrade Metropolitan Area,,,ChIJKzQllNFxWkcRN1Nrjt6HVjo,2020-05-04,-49,-35,-26,-65,-52,16
RS,Serbia,,,Belgrade Metropolitan Area,,,ChIJKzQllNFxWkcRN1Nrjt6HVjo,2020-05-05,-48,-25,-24,-66,-56,18
RS,Serbia,,,Belgrade Metropolitan Area,,,ChIJKzQllNFxWkcRN1Nrjt6HVjo,2020-05-06,-54,-28,-43,-70,-59,21
RS,Serbia,,,Belgrade Metropolitan Area,,,ChIJKzQllNFxWkcRN1Nrjt6HVjo,2020-05-07,-39,-23,6,-59,-53,14
RS,Serbia,,,Belgrade Metropolitan Area,,,ChIJKzQllNFxWkcRN1Nrjt6HVjo,2020-05-08,-33,-14,-2,-54,-50,12
RS,Serbia,,,Belgrade Metropolitan Area,,,ChIJKzQllNFxWkcRN1Nrjt6HVjo,2020-05-09,-34,-22,7,-43,-25,2
RS,Serbia,,,Belgrade Metropolitan Area,,,ChIJKzQllNFxWkcRN1Nrjt6HVjo,2020-05-10,-31,-23,35,-44,-20,-1
RS,Serbia,,,Belgrade Metropolitan Area,,,ChIJKzQllNFxWkcRN1Nrjt6HVjo,2020-05-11,-19,-17,15,-39,-36,8
RS,Serbia,,,Belgrade Metropolitan Area,,,ChIJKzQllNFxWkcRN1Nrjt6HVjo,2020-05-12,-18,-7,6,-41,-41,9
RS,Serbia,,,Belgrade Metropolitan Area,,,ChIJKzQllNFxWkcRN1Nrjt6HVjo,2020-05-13,-20,-14,19,-41,-40,9
RS,Serbia,,,Belgrade Metropolitan Area,,,ChIJKzQllNFxWkcRN1Nrjt6HVjo,2020-05-14,-28,-17,-11,-43,-41,10
RS,Serbia,,,Belgrade Metropolitan Area,,,ChIJKzQllNFxWkcRN1Nrjt6HVjo,2020-05-15,-26,-15,-6,-41,-39,8
RS,Serbia,,,Belgrade Metropolitan Area,,,ChIJKzQllNFxWkcRN1Nrjt6HVjo,2020-05-16,-28,-18,-4,-34,-21,1
RS,Serbia,,,Belgrade Metropolitan Area,,,ChIJKzQllNFxWkcRN1Nrjt6HVjo,2020-05-17,-32,-21,-19,-42,-20,1
RS,Serbia,,,Belgrade Metropolitan Area,,,ChIJKzQllNFxWkcRN1Nrjt6HVjo,2020-05-18,-14,-14,17,-31,-32,7
RS,Serbia,,,Belgrade Metropolitan Area,,,ChIJKzQllNFxWkcRN1Nrjt6HVjo,2020-07-03,-24,-4,-9,-29,-36,8
RS,Serbia,,,Belgrade Metropolitan Area,,,ChIJKzQllNFxWkcRN1Nrjt6HVjo,2020-07-04,-24,-7,7,-23,-16,2
RS,Serbia,,,Belgrade Metropolitan Area,,,ChIJKzQllNFxWkcRN1Nrjt6HVjo,2020-07-05,-22,-8,36,-25,-11,-1
RS,Serbia,,,Belgrade Metropolitan Area,,,ChIJKzQllNFxWkcRN1Nrjt6HVjo,2020-07-06,-7,0,35,-19,-32,6
RS,Serbia,,,Belgrade Metropolitan Area,,,ChIJKzQllNFxWkcRN1Nrjt6HVjo,2020-07-07,-12,8,26,-26,-39,8
RS,Serbia,,,Belgrade Metropolitan Area,,,ChIJKzQllNFxWkcRN1Nrjt6HVjo,2020-07-08,-15,5,54,-25,-37,8
RS,Serbia,,,Belgrade Metropolitan Area,,,ChIJKzQllNFxWkcRN1Nrjt6HVjo,2020-07-09,-20,-2,17,-26,-38,7
RS,Serbia,,,Belgrade Metropolitan Area,,,ChIJKzQllNFxWkcRN1Nrjt6HVjo,2020-07-10,-28,-8,-3,-33,-38,7
RS,Serbia,,,Belgrade Metropolitan Area,,,ChIJKzQllNFxWkcRN1Nrjt6HVjo,2020-07-11,-38,-19,-13,-34,-18,3
RS,Serbia,,,Belgrade Metropolitan Area,,,ChIJKzQllNFxWkcRN1Nrjt6HVjo,2020-07-12,-35,-14,-4,-36,-14,1
RS,Serbia,,,Belgrade Metropolitan Area,,,ChIJKzQllNFxWkcRN1Nrjt6HVjo,2020-07-13,-13,-7,26,-24,-33,6
RS,Serbia,,,Belgrade Metropolitan Area,,,ChIJKzQllNFxWkcRN1Nrjt6HVjo,2020-07-14,-12,-2,34,-28,-39,7
RS,Serbia,,,Belgrade Metropolitan Area,,,ChIJKzQllNFxWkcRN1Nrjt6HVjo,2020-07-15,-16,-4,26,-30,-37,8
RS,Serbia,,,Belgrade Metropolitan Area,,,ChIJKzQllNFxWkcRN1Nrjt6HVjo,2020-07-16,-20,-6,15,-30,-38,8
RS,Serbia,,,Belgrade Metropolitan Area,,,ChIJKzQllNFxWkcRN1Nrjt6HVjo,2020-07-17,-35,-15,-45,-41,-39,11
RS,Serbia,,,Belgrade Metropolitan Area,,,ChIJKzQllNFxWkcRN1Nrjt6HVjo,2020-07-18,-31,-12,-11,-31,-15,4
RS,Serbia,,,Belgrade Metropolitan Area,,,ChIJKzQllNFxWkcRN1Nrjt6HVjo,2020-07-19,-32,-14,-5,-34,-11,2
RS,Serbia,,,Belgrade Metropolitan Area,,,ChIJKzQllNFxWkcRN1Nrjt6HVjo,2020-07-20,-10,-6,37,-24,-30,6
RS,Serbia,,,Belgrade Metropolitan Area,,,ChIJKzQllNFxWkcRN1Nrjt6HVjo,2020-07-21,-11,-3,39,-30,-37,6
RS,Serbia,,,Belgrade Metropolitan Area,,,ChIJKzQllNFxWkcRN1Nrjt6HVjo,2020-07-22,-18,-8,30,-33,-38,7
RS,Serbia,,,Belgrade Metropolitan Area,,,ChIJKzQllNFxWkcRN1Nrjt6HVjo,2020-07-23,-22,-9,9,-32,-38,7
RS,Serbia,,,Belgrade Metropolitan Area,,,ChIJKzQllNFxWkcRN1Nrjt6HVjo,2020-07-24,-25,-11,-3,-35,-37,7
RS,Serbia,,,Belgrade Metropolitan Area,,,ChIJKzQllNFxWkcRN1Nrjt6HVjo,2020-07-25,-37,-18,-33,-35,-17,3
RS,Serbia,,,Belgrade Metropolitan Area,,,ChIJKzQllNFxWkcRN1Nrjt6HVjo,2020-07-26,-30,-17,3,-33,-8,-1
RS,Serbia,,,Belgrade Metropolitan Area,,,ChIJKzQllNFxWkcRN1Nrjt6HVjo,2020-07-27,-10,-10,34,-25,-33,5
RS,Serbia,,,Belgrade Metropolitan Area,,,ChIJKzQllNFxWkcRN1Nrjt6HVjo,2020-07-28,-12,-6,35,-30,-38,5
RS,Serbia,,,Belgrade Metropolitan Area,,,ChIJKzQllNFxWkcRN1Nrjt6HVjo,2020-07-29,-18,-11,27,-32,-39,6
RS,Serbia,,,Belgrade Metropolitan Area,,,ChIJKzQllNFxWkcRN1Nrjt6HVjo,2020-07-30,-20,-12,18,-31,-39,6
RS,Serbia,,,Belgrade Metropolitan Area,,,ChIJKzQllNFxWkcRN1Nrjt6HVjo,2020-07-31,-26,-12,-6,-36,-38,5
RS,Serbia,,,Belgrade Metropolitan Area,,,ChIJKzQllNFxWkcRN1Nrjt6HVjo,2020-08-01,-31,-18,-3,-29,-16,-2
RS,Serbia,,,Belgrade Metropolitan Area,,,ChIJKzQllNFxWkcRN1Nrjt6HVjo,2020-08-02,-25,-16,31,-28,-9,-6
RS,Serbia,,,Belgrade Metropolitan Area,,,ChIJKzQllNFxWkcRN1Nrjt6HVjo,2020-08-03,-11,-10,28,-26,-34,4
RS,Serbia,,,Belgrade Metropolitan Area,,,ChIJKzQllNFxWkcRN1Nrjt6HVjo,2020-08-04,-11,-2,21,-31,-40,5
RS,Serbia,,,Belgrade Metropolitan Area,,,ChIJKzQllNFxWkcRN1Nrjt6HVjo,2020-08-05,-25,-13,-32,-39,-41,9
RS,Serbia,,,Belgrade Metropolitan Area,,,ChIJKzQllNFxWkcRN1Nrjt6HVjo,2020-08-06,-13,-5,24,-28,-40,5
RS,Serbia,,,Belgrade Metropolitan Area,,,ChIJKzQllNFxWkcRN1Nrjt6HVjo,2020-08-07,-25,-13,-22,-37,-40,6
RS,Serbia,,,Belgrade Metropolitan Area,,,ChIJKzQllNFxWkcRN1Nrjt6HVjo,2020-08-08,-26,-16,5,-26,-17,-2
RS,Serbia,,,Belgrade Metropolitan Area,,,ChIJKzQllNFxWkcRN1Nrjt6HVjo,2020-08-09,-28,-20,6,-31,-10,-5
RS,Serbia,,,Belgrade Metropolitan Area,,,ChIJKzQllNFxWkcRN1Nrjt6HVjo,2020-08-10,-8,-8,30,-23,-35,3
RS,Serbia,,,Belgrade Metropolitan Area,,,ChIJKzQllNFxWkcRN1Nrjt6HVjo,2020-08-11,-7,-4,38,-28,-40,3
RS,Serbia,,,Belgrade Metropolitan Area,,,ChIJKzQllNFxWkcRN1Nrjt6HVjo,2020-08-12,-12,-6,33,-29,-40,4
RS,Serbia,,,Belgrade Metropolitan Area,,,ChIJKzQllNFxWkcRN1Nrjt6HVjo,2020-08-13,-15,-10,27,-28,-41,4
RS,Serbia,,,Belgrade Metropolitan Area,,,ChIJKzQllNFxWkcRN1Nrjt6HVjo,2020-08-14,-21,-11,-3,-32,-40,4
RS,Serbia,,,Belgrade Metropolitan Area,,,ChIJKzQllNFxWkcRN1Nrjt6HVjo,2020-08-15,-28,-17,-14,-28,-20,-1
RS,Serbia,,,Belgrade Metropolitan Area,,,ChIJKzQllNFxWkcRN1Nrjt6HVjo,2020-08-16,-20,-15,23,-25,-11,-5
RS,Serbia,,,Belgrade Metropolitan Area,,,ChIJKzQllNFxWkcRN1Nrjt6HVjo,2020-08-17,-5,-8,38,-21,-35,2
RS,Serbia,,,Belgrade Metropolitan Area,,,ChIJKzQllNFxWkcRN1Nrjt6HVjo,2020-08-18,-18,-11,-13,-32,-39,6
RS,Serbia,,,Belgrade Metropolitan Area,,,ChIJKzQllNFxWkcRN1Nrjt6HVjo,2020-08-19,-9,-2,28,-27,-39,5
RS,Serbia,,,Belgrade Metropolitan Area,,,ChIJKzQllNFxWkcRN1Nrjt6HVjo,2020-08-20,-12,-9,33,-25,-39,3
RS,Serbia,,,Belgrade Metropolitan Area,,,ChIJKzQllNFxWkcRN1Nrjt6HVjo,2020-08-21,-18,-11,9,-28,-39,3
RS,Serbia,,,Belgrade Metropolitan Area,,,ChIJKzQllNFxWkcRN1Nrjt6HVjo,2020-08-22,-27,-21,7,-22,-18,-4
RS,Serbia,,,Belgrade Metropolitan Area,,,ChIJKzQllNFxWkcRN1Nrjt6HVjo,2020-08-23,-21,-17,31,-22,-13,-7
RS,Serbia,,,Belgrade Metropolitan Area,,,ChIJKzQllNFxWkcRN1Nrjt6HVjo,2020-08-24,-6,-7,37,-17,-32,2
RS,Serbia,,,Belgrade Metropolitan Area,,,ChIJKzQllNFxWkcRN1Nrjt6HVjo,2020-08-25,-9,-4,12,-26,-39,5
RS,Serbia,,,Belgrade Metropolitan Area,,,ChIJKzQllNFxWkcRN1Nrjt6HVjo,2020-08-26,-7,-4,42,-23,-37,3
RS,Serbia,,,Belgrade Metropolitan Area,,,ChIJKzQllNFxWkcRN1Nrjt6HVjo,2020-08-27,-11,-7,34,-21,-37,3
RS,Serbia,,,Belgrade Metropolitan Area,,,ChIJKzQllNFxWkcRN1Nrjt6HVjo,2020-08-28,-15,-6,18,-23,-37,2
RS,Serbia,,,Belgrade Metropolitan Area,,,ChIJKzQllNFxWkcRN1Nrjt6HVjo,2020-08-29,-26,-19,9,-20,-19,-4
RS,Serbia,,,Belgrade Metropolitan Area,,,ChIJKzQllNFxWkcRN1Nrjt6HVjo,2020-08-30,-20,-16,31,-20,-13,-7
RS,Serbia,,,Belgrade Metropolitan Area,,,ChIJKzQllNFxWkcRN1Nrjt6HVjo,2020-08-31,3,1,45,-12,-29,2
RS,Serbia,,,Belgrade Metropolitan Area,,,ChIJKzQllNFxWkcRN1Nrjt6HVjo,2020-09-01,3,11,36,-15,-34,3
RS,Serbia,,,Belgrade Metropolitan Area,,,ChIJKzQllNFxWkcRN1Nrjt6HVjo,2020-09-02,-1,7,47,-16,-34,3
RS,Serbia,,,Belgrade Metropolitan Area,,,ChIJKzQllNFxWkcRN1Nrjt6HVjo,2020-09-03,-7,1,34,-16,-34,3
RS,Serbia,,,Belgrade Metropolitan Area,,,ChIJKzQllNFxWkcRN1Nrjt6HVjo,2020-09-04,-9,-1,22,-18,-33,2
RS,Serbia,,,Belgrade Metropolitan Area,,,ChIJKzQllNFxWkcRN1Nrjt6HVjo,2020-09-05,-13,-9,28,-13,-16,-3
RS,Serbia,,,Belgrade Metropolitan Area,,,ChIJKzQllNFxWkcRN1Nrjt6HVjo,2020-09-06,-9,-7,52,-15,-12,-6
RS,Serbia,,,Belgrade Metropolitan Area,,,ChIJKzQllNFxWkcRN1Nrjt6HVjo,2020-09-07,1,1,47,-10,-28,2
RS,Serbia,,,Belgrade Metropolitan Area,,,ChIJKzQllNFxWkcRN1Nrjt6HVjo,2020-09-08,2,7,47,-13,-33,2
RS,Serbia,,,Belgrade Metropolitan Area,,,ChIJKzQllNFxWkcRN1Nrjt6HVjo,2020-09-09,-2,1,47,-16,-32,2
RS,Serbia,,,Belgrade Metropolitan Area,,,ChIJKzQllNFxWkcRN1Nrjt6HVjo,2020-09-10,-4,4,43,-13,-33,2
RS,Serbia,,,Belgrade Metropolitan Area,,,ChIJKzQllNFxWkcRN1Nrjt6HVjo,2020-09-11,-9,3,22,-16,-32,1
RS,Serbia,,,Belgrade Metropolitan Area,,,ChIJKzQllNFxWkcRN1Nrjt6HVjo,2020-09-12,-16,-8,24,-12,-17,-4
RS,Serbia,,,Belgrade Metropolitan Area,,,ChIJKzQllNFxWkcRN1Nrjt6HVjo,2020-09-13,-12,-9,53,-14,-11,-6
RS,Serbia,,,Belgrade Metropolitan Area,,,ChIJKzQllNFxWkcRN1Nrjt6HVjo,2020-09-14,0,-2,48,-11,-23,1
RS,Serbia,,,Belgrade Metropolitan Area,,,ChIJKzQllNFxWkcRN1Nrjt6HVjo,2020-09-15,2,5,50,-11,-28,1
RS,Serbia,,,Belgrade Metropolitan Area,,,ChIJKzQllNFxWkcRN1Nrjt6HVjo,2020-09-16,-5,-1,49,-15,-29,2
RS,Serbia,,,Belgrade Metropolitan Area,,,ChIJKzQllNFxWkcRN1Nrjt6HVjo,2020-09-17,-9,-5,40,-14,-30,2
RS,Serbia,,,Belgrade Metropolitan Area,,,ChIJKzQllNFxWkcRN1Nrjt6HVjo,2020-09-18,-13,-4,11,-17,-29,2
RS,Serbia,,,Belgrade Metropolitan Area,,,ChIJKzQllNFxWkcRN1Nrjt6HVjo,2020-09-19,-14,-9,28,-9,-15,-3
RS,Serbia,,,Belgrade Metropolitan Area,,,ChIJKzQllNFxWkcRN1Nrjt6HVjo,2020-09-20,-8,-8,56,-13,-9,-5
RS,Serbia,,,Belgrade Metropolitan Area,,,ChIJKzQllNFxWkcRN1Nrjt6HVjo,2020-09-21,3,1,51,-7,-23,1
RS,Serbia,,,Belgrade Metropolitan Area,,,ChIJKzQllNFxWkcRN1Nrjt6HVjo,2020-09-22,0,4,43,-10,-28,2
RS,Serbia,,,Belgrade Metropolitan Area,,,ChIJKzQllNFxWkcRN1Nrjt6HVjo,2020-09-23,-7,1,32,-11,-27,3
RS,Serbia,,,Belgrade Metropolitan Area,,,ChIJKzQllNFxWkcRN1Nrjt6HVjo,2020-09-24,-8,-2,37,-7,-27,2
RS,Serbia,,,Belgrade Metropolitan Area,,,ChIJKzQllNFxWkcRN1Nrjt6HVjo,2020-09-25,-15,-3,-2,-13,-27,3
RS,Serbia,,,Belgrade Metropolitan Area,,,ChIJKzQllNFxWkcRN1Nrjt6HVjo,2020-09-26,-20,-8,-16,-13,-14,1
RS,Serbia,,,Belgrade Metropolitan Area,,,ChIJKzQllNFxWkcRN1Nrjt6HVjo,2020-09-27,-9,1,22,-9,-10,-1
RS,Serbia,,,Belgrade Metropolitan Area,,,ChIJKzQllNFxWkcRN1Nrjt6HVjo,2020-09-28,-5,-3,3,-6,-19,3
RS,Serbia,,,Belgrade Metropolitan Area,,,ChIJKzQllNFxWkcRN1Nrjt6HVjo,2020-09-29,-3,5,4,-7,-25,3
RS,Serbia,,,Belgrade Metropolitan Area,,,ChIJKzQllNFxWkcRN1Nrjt6HVjo,2020-09-30,-8,2,-8,-10,-26,4
RS,Serbia,,,Belgrade Metropolitan Area,,,ChIJKzQllNFxWkcRN1Nrjt6HVjo,2020-10-01,-7,5,7,-7,-23,3
RS,Serbia,,,Belgrade Metropolitan Area,,,ChIJKzQllNFxWkcRN1Nrjt6HVjo,2020-10-02,-6,5,28,2,-22,1
RS,Serbia,,,Belgrade Metropolitan Area,,,ChIJKzQllNFxWkcRN1Nrjt6HVjo,2020-10-03,-9,-4,38,7,-12,-4
RS,Serbia,,,Belgrade Metropolitan Area,,,ChIJKzQllNFxWkcRN1Nrjt6HVjo,2020-10-04,-2,-2,66,1,-7,-4
RS,Serbia,,,Belgrade Metropolitan Area,,,ChIJKzQllNFxWkcRN1Nrjt6HVjo,2020-10-05,2,6,42,8,-17,1
RS,Serbia,,,Belgrade Metropolitan Area,,,ChIJKzQllNFxWkcRN1Nrjt6HVjo,2020-10-06,5,13,38,5,-23,1
RS,Serbia,,,Belgrade Metropolitan Area,,,ChIJKzQllNFxWkcRN1Nrjt6HVjo,2020-10-07,-11,-2,-4,-2,-23,4
RS,Serbia,,,Belgrade Metropolitan Area,,,ChIJKzQllNFxWkcRN1Nrjt6HVjo,2020-10-08,-12,2,-11,-5,-24,4
RS,Serbia,,,Belgrade Metropolitan Area,,,ChIJKzQllNFxWkcRN1Nrjt6HVjo,2020-10-09,-6,6,14,1,-22,1
RS,Serbia,,,Belgrade Metropolitan Area,,,ChIJKzQllNFxWkcRN1Nrjt6HVjo,2020-10-10,-8,2,24,6,-10,-3
RS,Serbia,,,Belgrade Metropolitan Area,,,ChIJKzQllNFxWkcRN1Nrjt6HVjo,2020-10-11,-5,0,50,0,-7,-4
RS,Serbia,,,Belgrade Metropolitan Area,,,ChIJKzQllNFxWkcRN1Nrjt6HVjo,2020-10-12,-12,-5,-21,0,-18,4
RS,Serbia,,,Belgrade Metropolitan Area,,,ChIJKzQllNFxWkcRN1Nrjt6HVjo,2020-10-13,-9,5,-19,-8,-24,5
RS,Serbia,,,Belgrade Metropolitan Area,,,ChIJKzQllNFxWkcRN1Nrjt6HVjo,2020-10-14,0,8,37,1,-21,3
RS,Serbia,,,Belgrade Metropolitan Area,,,ChIJKzQllNFxWkcRN1Nrjt6HVjo,2020-10-15,-17,-3,-24,-7,-23,5
RS,Serbia,,,Belgrade Metropolitan Area,,,ChIJKzQllNFxWkcRN1Nrjt6HVjo,2020-10-16,-12,6,-14,-5,-22,4
RS,Serbia,,,Belgrade Metropolitan Area,,,ChIJKzQllNFxWkcRN1Nrjt6HVjo,2020-10-17,-17,-1,-28,-10,-13,2
RS,Serbia,,,Belgrade Metropolitan Area,,,ChIJKzQllNFxWkcRN1Nrjt6HVjo,2020-10-18,-10,0,20,-7,-10,-1
RS,Serbia,,,Belgrade Metropolitan Area,,,ChIJKzQllNFxWkcRN1Nrjt6HVjo,2020-10-19,-1,5,18,1,-15,3
RS,Serbia,,,Belgrade Metropolitan Area,,,ChIJKzQllNFxWkcRN1Nrjt6HVjo,2020-10-20,1,11,27,-2,-21,2
RS,Serbia,,,Belgrade Metropolitan Area,,,ChIJKzQllNFxWkcRN1Nrjt6HVjo,2020-10-21,-4,8,33,-3,-20,4
RS,Serbia,,,Belgrade Metropolitan Area,,,ChIJKzQllNFxWkcRN1Nrjt6HVjo,2020-10-22,-7,7,30,2,-21,3
RS,Serbia,,,Belgrade Metropolitan Area,,,ChIJKzQllNFxWkcRN1Nrjt6HVjo,2020-10-23,-9,5,18,-2,-21,2
RS,Serbia,,,Belgrade Metropolitan Area,,,ChIJKzQllNFxWkcRN1Nrjt6HVjo,2020-10-24,-21,-3,-20,-6,-11,1
RS,Serbia,,,Belgrade Metropolitan Area,,,ChIJKzQllNFxWkcRN1Nrjt6HVjo,2020-10-25,-15,3,9,-9,-9,0
RS,Serbia,,,Belgrade Metropolitan Area,,,ChIJKzQllNFxWkcRN1Nrjt6HVjo,2020-10-26,-2,6,36,4,-14,3
RS,Serbia,,,Belgrade Metropolitan Area,,,ChIJKzQllNFxWkcRN1Nrjt6HVjo,2020-10-27,-1,11,47,1,-23,3
RS,Serbia,,,Belgrade Metropolitan Area,,,ChIJKzQllNFxWkcRN1Nrjt6HVjo,2020-10-28,-11,2,16,-8,-21,5
RS,Serbia,,,Belgrade Metropolitan Area,,,ChIJKzQllNFxWkcRN1Nrjt6HVjo,2020-10-29,-14,0,7,-9,-21,5
RS,Serbia,,,Belgrade Metropolitan Area,,,ChIJKzQllNFxWkcRN1Nrjt6HVjo,2020-10-30,-16,2,5,-11,-22,5
RS,Serbia,,,Belgrade Metropolitan Area,,,ChIJKzQllNFxWkcRN1Nrjt6HVjo,2020-10-31,-24,-4,-22,-16,-13,3
RS,Serbia,,,Belgrade Metropolitan Area,,,ChIJKzQllNFxWkcRN1Nrjt6HVjo,2020-11-01,-14,-3,46,-12,-10,0
RS,Serbia,,,Belgrade Metropolitan Area,,,ChIJKzQllNFxWkcRN1Nrjt6HVjo,2020-11-02,-8,2,21,-3,-17,5
RS,Serbia,,,Belgrade Metropolitan Area,,,ChIJKzQllNFxWkcRN1Nrjt6HVjo,2020-11-03,-6,8,24,-7,-23,5
RS,Serbia,,,Belgrade Metropolitan Area,,,ChIJKzQllNFxWkcRN1Nrjt6HVjo,2020-11-04,-14,3,5,-13,-24,7
RS,Serbia,,,Belgrade Metropolitan Area,,,ChIJKzQllNFxWkcRN1Nrjt6HVjo,2020-11-05,-23,-4,-30,-16,-25,8
RS,Serbia,,,Belgrade Metropolitan Area,,,ChIJKzQllNFxWkcRN1Nrjt6HVjo,2020-11-06,-19,4,-11,-16,-24,7
RS,Serbia,,,Belgrade Metropolitan Area,,,ChIJKzQllNFxWkcRN1Nrjt6HVjo,2020-11-07,-20,-1,2,-6,-13,3
RS,Serbia,,,Belgrade Metropolitan Area,,,ChIJKzQllNFxWkcRN1Nrjt6HVjo,2020-11-08,-16,-3,38,-13,-12,1
RS,Serbia,,,Belgrade Metropolitan Area,,,ChIJKzQllNFxWkcRN1Nrjt6HVjo,2020-11-09,-18,-6,-19,-16,-21,7
RS,Serbia,,,Belgrade Metropolitan Area,,,ChIJKzQllNFxWkcRN1Nrjt6HVjo,2020-11-10,-11,7,-8,-14,-26,6
RS,Serbia,,,Belgrade Metropolitan Area,,,ChIJKzQllNFxWkcRN1Nrjt6HVjo,2020-11-11,-20,-3,-4,-32,-63,16
RS,Serbia,,,Belgrade Metropolitan Area,,,ChIJKzQllNFxWkcRN1Nrjt6HVjo,2020-11-12,-24,-4,-18,-22,-34,9
RS,Serbia,,,Belgrade Metropolitan Area,,,ChIJKzQllNFxWkcRN1Nrjt6HVjo,2020-11-13,-27,-3,-27,-26,-34,10
RS,Serbia,,,Belgrade Metropolitan Area,,,ChIJKzQllNFxWkcRN1Nrjt6HVjo,2020-11-14,-29,-7,-19,-18,-15,5
RS,Serbia,,,Belgrade Metropolitan Area,,,ChIJKzQllNFxWkcRN1Nrjt6HVjo,2020-11-15,-27,-8,11,-20,-13,2
RS,Serbia,,,Belgrade Metropolitan Area,,,ChIJKzQllNFxWkcRN1Nrjt6HVjo,2020-11-16,-16,-1,8,-14,-24,7
RS,Serbia,,,Belgrade Metropolitan Area,,,ChIJKzQllNFxWkcRN1Nrjt6HVjo,2020-11-17,-26,-4,-30,-23,-29,10
RS,Serbia,,,Belgrade Metropolitan Area,,,ChIJKzQllNFxWkcRN1Nrjt6HVjo,2020-11-18,-25,0,-13,-24,-29,11
RS,Serbia,,,Belgrade Metropolitan Area,,,ChIJKzQllNFxWkcRN1Nrjt6HVjo,2020-11-19,-26,-2,-7,-20,-30,10
RS,Serbia,,,Belgrade Metropolitan Area,,,ChIJKzQllNFxWkcRN1Nrjt6HVjo,2020-11-20,-34,-3,-42,-29,-31,12
RS,Serbia,,,Belgrade Metropolitan Area,,,ChIJKzQllNFxWkcRN1Nrjt6HVjo,2020-11-21,-40,-10,-42,-32,-23,8
RS,Serbia,,,Belgrade Metropolitan Area,,,ChIJKzQllNFxWkcRN1Nrjt6HVjo,2020-11-22,-37,-13,-18,-31,-19,6
RS,Serbia,,,Belgrade Metropolitan Area,,,ChIJKzQllNFxWkcRN1Nrjt6HVjo,2020-11-23,-23,-5,-11,-22,-26,10
RS,Serbia,,,Belgrade Metropolitan Area,,,ChIJKzQllNFxWkcRN1Nrjt6HVjo,2020-11-24,-32,-3,-22,-27,-33,12
RS,Serbia,,,Belgrade Metropolitan Area,,,ChIJKzQllNFxWkcRN1Nrjt6HVjo,2020-11-25,-31,-3,-14,-28,-33,13
RS,Serbia,,,Belgrade Metropolitan Area,,,ChIJKzQllNFxWkcRN1Nrjt6HVjo,2020-11-26,-37,-10,-38,-31,-34,13
RS,Serbia,,,Belgrade Metropolitan Area,,,ChIJKzQllNFxWkcRN1Nrjt6HVjo,2020-11-27,-33,-4,-39,-32,-34,13
RS,Serbia,,,Belgrade Metropolitan Area,,,ChIJKzQllNFxWkcRN1Nrjt6HVjo,2020-11-28,-40,-9,-44,-31,-20,9
RS,Serbia,,,Belgrade Metropolitan Area,,,ChIJKzQllNFxWkcRN1Nrjt6HVjo,2020-11-29,-38,-10,-27,-33,-20,7
RS,Serbia,,,Belgrade Metropolitan Area,,,ChIJKzQllNFxWkcRN1Nrjt6HVjo,2020-11-30,-31,-7,-24,-29,-32,12
RS,Serbia,,,Belgrade Metropolitan Area,,,ChIJKzQllNFxWkcRN1Nrjt6HVjo,2020-12-01,-29,1,-25,-30,-37,12
RS,Serbia,,,Belgrade Metropolitan Area,,,ChIJKzQllNFxWkcRN1Nrjt6HVjo,2020-12-02,-34,-2,-34,-35,-37,14
RS,Serbia,,,Belgrade Metropolitan Area,,,ChIJKzQllNFxWkcRN1Nrjt6HVjo,2020-12-03,-39,-8,-47,-37,-38,14
RS,Serbia,,,Belgrade Metropolitan Area,,,ChIJKzQllNFxWkcRN1Nrjt6HVjo,2020-12-04,-40,-2,-47,-37,-37,15
RS,Serbia,,,Belgrade Metropolitan Area,,,ChIJKzQllNFxWkcRN1Nrjt6HVjo,2020-12-05,-60,-7,-7,-34,-32,10
RS,Serbia,,,Belgrade Metropolitan Area,,,ChIJKzQllNFxWkcRN1Nrjt6HVjo,2020-12-06,-62,-13,4,-36,-30,8
RS,Serbia,,,Belgrade Metropolitan Area,,,ChIJKzQllNFxWkcRN1Nrjt6HVjo,2020-12-07,-33,-11,-43,-33,-32,13
RS,Serbia,,,Belgrade Metropolitan Area,,,ChIJKzQllNFxWkcRN1Nrjt6HVjo,2020-12-08,-29,1,-27,-32,-36,13
RS,Serbia,,,Belgrade Metropolitan Area,,,ChIJKzQllNFxWkcRN1Nrjt6HVjo,2020-12-09,-39,-11,-48,-41,-38,15
RS,Serbia,,,Belgrade Metropolitan Area,,,ChIJKzQllNFxWkcRN1Nrjt6HVjo,2020-12-10,-33,1,-17,-31,-37,13
RS,Serbia,,,Belgrade Metropolitan Area,,,ChIJKzQllNFxWkcRN1Nrjt6HVjo,2020-12-11,-36,-2,-40,-35,-37,14
RS,Serbia,,,Belgrade Metropolitan Area,,,ChIJKzQllNFxWkcRN1Nrjt6HVjo,2020-12-12,-57,-6,-11,-34,-31,10
RS,Serbia,,,Belgrade Metropolitan Area,,,ChIJKzQllNFxWkcRN1Nrjt6HVjo,2020-12-13,-62,-15,-24,-39,-30,8
RS,Serbia,,,Belgrade Metropolitan Area,,,ChIJKzQllNFxWkcRN1Nrjt6HVjo,2020-12-14,-26,-3,-22,-27,-31,11
RS,Serbia,,,Belgrade Metropolitan Area,,,ChIJKzQllNFxWkcRN1Nrjt6HVjo,2020-12-15,-26,3,-21,-30,-36,12
RS,Serbia,,,Belgrade Metropolitan Area,,,ChIJKzQllNFxWkcRN1Nrjt6HVjo,2020-12-16,-28,2,-11,-31,-35,13
RS,Serbia,,,Belgrade Metropolitan Area,,,ChIJKzQllNFxWkcRN1Nrjt6HVjo,2020-12-17,-32,-1,-29,-29,-36,12
RS,Serbia,,,Belgrade Metropolitan Area,,,ChIJKzQllNFxWkcRN1Nrjt6HVjo,2020-12-18,-34,1,-40,-32,-37,13
RS,Serbia,,,Belgrade Metropolitan Area,,,ChIJKzQllNFxWkcRN1Nrjt6HVjo,2020-12-19,-64,-15,-40,-41,-40,10
RS,Serbia,,,Belgrade Metropolitan Area,,,ChIJKzQllNFxWkcRN1Nrjt6HVjo,2020-12-20,-60,-19,-9,-37,-30,6
RS,Serbia,,,Belgrade Metropolitan Area,,,ChIJKzQllNFxWkcRN1Nrjt6HVjo,2020-12-21,-13,0,-2,-22,-30,9
RS,Serbia,,,Belgrade Metropolitan Area,,,ChIJKzQllNFxWkcRN1Nrjt6HVjo,2020-12-22,-10,6,4,-25,-34,9
RS,Serbia,,,Belgrade Metropolitan Area,,,ChIJKzQllNFxWkcRN1Nrjt6HVjo,2020-12-23,-10,5,32,-22,-33,9
RS,Serbia,,,Belgrade Metropolitan Area,,,ChIJKzQllNFxWkcRN1Nrjt6HVjo,2020-12-24,-14,4,21,-20,-34,9
RS,Serbia,,,Belgrade Metropolitan Area,,,ChIJKzQllNFxWkcRN1Nrjt6HVjo,2020-12-25,-30,-8,-51,-34,-35,12
RS,Serbia,,,Belgrade Metropolitan Area,,,ChIJKzQllNFxWkcRN1Nrjt6HVjo,2020-12-26,-28,-2,-34,-26,-12,6
RS,Serbia,,,Belgrade Metropolitan Area,,,ChIJKzQllNFxWkcRN1Nrjt6HVjo,2020-12-27,-24,-3,-20,-27,-8,5
RS,Serbia,,,Belgrade Metropolitan Area,,,ChIJKzQllNFxWkcRN1Nrjt6HVjo,2020-12-28,-5,8,3,-17,-27,8
RS,Serbia,,,Belgrade Metropolitan Area,,,ChIJKzQllNFxWkcRN1Nrjt6HVjo,2020-12-29,2,24,29,-12,-32,6
RS,Serbia,,,Belgrade Metropolitan Area,,,ChIJKzQllNFxWkcRN1Nrjt6HVjo,2020-12-30,-7,32,-16,-17,-33,8
RS,Serbia,,,Belgrade Metropolitan Area,,,ChIJKzQllNFxWkcRN1Nrjt6HVjo,2020-12-31,-24,21,-28,-33,-45,12
RS,Serbia,,,Belgrade Metropolitan Area,,,ChIJKzQllNFxWkcRN1Nrjt6HVjo,2021-01-01,-68,-79,18,-67,-85,24
RS,Serbia,,,Belgrade Metropolitan Area,,,ChIJKzQllNFxWkcRN1Nrjt6HVjo,2021-01-02,-40,-29,19,-39,-41,8
RS,Serbia,,,Belgrade Metropolitan Area,,,ChIJKzQllNFxWkcRN1Nrjt6HVjo,2021-01-03,-34,-20,-2,-33,-13,5
RS,Serbia,,,Belgrade Metropolitan Area,,,ChIJKzQllNFxWkcRN1Nrjt6HVjo,2021-01-04,-22,-6,-22,-32,-41,12
RS,Serbia,,,Belgrade Metropolitan Area,,,ChIJKzQllNFxWkcRN1Nrjt6HVjo,2021-01-05,-15,19,-3,-31,-44,10
RS,Serbia,,,Belgrade Metropolitan Area,,,ChIJKzQllNFxWkcRN1Nrjt6HVjo,2021-01-06,-43,4,-46,-43,-53,15
RS,Serbia,,,Belgrade Metropolitan Area,,,ChIJKzQllNFxWkcRN1Nrjt6HVjo,2021-01-07,-80,-83,-19,-69,-85,23
RS,Serbia,,,Belgrade Metropolitan Area,,,ChIJKzQllNFxWkcRN1Nrjt6HVjo,2021-01-08,-47,-25,-59,-52,-54,17
RS,Serbia,,,Belgrade Metropolitan Area,,,ChIJKzQllNFxWkcRN1Nrjt6HVjo,2021-01-09,-40,-17,-37,-33,-23,6
RS,Serbia,,,Belgrade Metropolitan Area,,,ChIJKzQllNFxWkcRN1Nrjt6HVjo,2021-01-10,-40,-21,-27,-32,-13,4
RS,Serbia,,,Belgrade Metropolitan Area,,,ChIJKzQllNFxWkcRN1Nrjt6HVjo,2021-01-11,-24,-9,-13,-22,-28,10
RS,Serbia,,,Belgrade Metropolitan Area,,,ChIJKzQllNFxWkcRN1Nrjt6HVjo,2021-01-12,-22,-3,-19,-29,-34,10
RS,Serbia,,,Belgrade Metropolitan Area,,,ChIJKzQllNFxWkcRN1Nrjt6HVjo,2021-01-13,-26,-4,-22,-30,-34,9
RS,Serbia,,,Belgrade Metropolitan Area,,,ChIJKzQllNFxWkcRN1Nrjt6HVjo,2021-01-14,-35,-17,-39,-34,-37,9
RS,Serbia,,,Belgrade Metropolitan Area,,,ChIJKzQllNFxWkcRN1Nrjt6HVjo,2021-01-15,-34,-12,-42,-35,-36,10
RS,Serbia,,,Belgrade Metropolitan Area,,,ChIJKzQllNFxWkcRN1Nrjt6HVjo,2021-01-16,-35,-15,-40,-29,-20,5
RS,Serbia,,,Belgrade Metropolitan Area,,,ChIJKzQllNFxWkcRN1Nrjt6HVjo,2021-01-17,-39,-20,-17,-34,-20,5
RS,Serbia,,,Belgrade Metropolitan Area,,,ChIJKzQllNFxWkcRN1Nrjt6HVjo,2021-01-18,-27,-10,-28,-24,-26,9
RS,Serbia,,,Belgrade Metropolitan Area,,,ChIJKzQllNFxWkcRN1Nrjt6HVjo,2021-01-19,-23,-3,-18,-25,-31,8
RS,Serbia,,,Belgrade Metropolitan Area,,,ChIJKzQllNFxWkcRN1Nrjt6HVjo,2021-01-20,-30,-7,-27,-30,-35,9
RS,Serbia,,,Belgrade Metropolitan Area,,,ChIJKzQllNFxWkcRN1Nrjt6HVjo,2021-01-21,-25,-9,-5,-20,-30,7
RS,Serbia,,,Belgrade Metropolitan Area,,,ChIJKzQllNFxWkcRN1Nrjt6HVjo,2021-01-22,-28,-9,-20,-23,-28,8
RS,Serbia,,,Belgrade Metropolitan Area,,,ChIJKzQllNFxWkcRN1Nrjt6HVjo,2021-01-23,-29,-10,-20,-19,-15,4
RS,Serbia,,,Belgrade Metropolitan Area,,,ChIJKzQllNFxWkcRN1Nrjt6HVjo,2021-01-24,-20,-8,28,-18,-12,2
RS,Serbia,,,Belgrade Metropolitan Area,,,ChIJKzQllNFxWkcRN1Nrjt6HVjo,2021-01-25,-21,-7,-18,-17,-22,7
RS,Serbia,,,Belgrade Metropolitan Area,,,ChIJKzQllNFxWkcRN1Nrjt6HVjo,2021-01-26,-24,-8,-30,-25,-28,8
RS,Serbia,,,Belgrade Metropolitan Area,,,ChIJKzQllNFxWkcRN1Nrjt6HVjo,2021-01-27,-27,-11,-23,-28,-32,10
RS,Serbia,,,Belgrade Metropolitan Area,,,ChIJKzQllNFxWkcRN1Nrjt6HVjo,2021-01-28,-28,-9,-16,-21,-28,8
RS,Serbia,,,Belgrade Metropolitan Area,,,ChIJKzQllNFxWkcRN1Nrjt6HVjo,2021-01-29,-28,-7,-26,-21,-26,8
RS,Serbia,,,Belgrade Metropolitan Area,,,ChIJKzQllNFxWkcRN1Nrjt6HVjo,2021-01-30,-17,-4,38,-7,-12,2
RS,Serbia,,,Belgrade Metropolitan Area,,,ChIJKzQllNFxWkcRN1Nrjt6HVjo,2021-01-31,-37,-17,-54,-32,-15,5
RS,Serbia,,,Belgrade Metropolitan Area,,,ChIJKzQllNFxWkcRN1Nrjt6HVjo,2021-02-01,-20,-5,-28,-17,-21,7
RS,Serbia,,,Belgrade Metropolitan Area,,,ChIJKzQllNFxWkcRN1Nrjt6HVjo,2021-02-02,-18,0,-22,-19,-27,7
RS,Serbia,,,Belgrade Metropolitan Area,,,ChIJKzQllNFxWkcRN1Nrjt6HVjo,2021-02-03,-16,0,16,-16,-26,7
RS,Serbia,,,Belgrade Metropolitan Area,,,ChIJKzQllNFxWkcRN1Nrjt6HVjo,2021-02-04,-22,-5,-1,-17,-27,6
RS,Serbia,,,Belgrade Metropolitan Area,,,ChIJKzQllNFxWkcRN1Nrjt6HVjo,2021-02-05,-20,-1,5,-13,-25,6
RS,Serbia,,,Belgrade Metropolitan Area,,,ChIJKzQllNFxWkcRN1Nrjt6HVjo,2021-02-06,-16,-4,30,-6,-13,1
RS,Serbia,,,Belgrade Metropolitan Area,,,ChIJKzQllNFxWkcRN1Nrjt6HVjo,2021-02-07,-18,-5,21,-16,-11,1
RS,Serbia,,,Belgrade Metropolitan Area,,,ChIJKzQllNFxWkcRN1Nrjt6HVjo,2021-02-08,-21,-9,-30,-18,-21,7
RS,Serbia,,,Belgrade Metropolitan Area,,,ChIJKzQllNFxWkcRN1Nrjt6HVjo,2021-02-09,-16,2,-15,-16,-26,6
RS,Serbia,,,Belgrade Metropolitan Area,,,ChIJKzQllNFxWkcRN1Nrjt6HVjo,2021-02-10,-18,1,-18,-16,-25,7
RS,Serbia,,,Belgrade Metropolitan Area,,,ChIJKzQllNFxWkcRN1Nrjt6HVjo,2021-02-11,-28,-9,-45,-25,-27,8
RS,Serbia,,,Belgrade Metropolitan Area,,,ChIJKzQllNFxWkcRN1Nrjt6HVjo,2021-02-12,-29,-6,-47,-25,-26,8
RS,Serbia,,,Belgrade Metropolitan Area,,,ChIJKzQllNFxWkcRN1Nrjt6HVjo,2021-02-13,-31,-10,-46,-25,-17,3
RS,Serbia,,,Belgrade Metropolitan Area,,,ChIJKzQllNFxWkcRN1Nrjt6HVjo,2021-02-14,-23,-10,-17,-27,-11,3
RS,Serbia,,,Belgrade Metropolitan Area,,,ChIJKzQllNFxWkcRN1Nrjt6HVjo,2021-02-15,-24,-19,1,-35,-66,14
RS,Serbia,,,Belgrade Metropolitan Area,,,ChIJKzQllNFxWkcRN1Nrjt6HVjo,2021-02-16,-24,-10,-12,-34,-65,12
RS,Serbia,,,Belgrade Metropolitan Area,,,ChIJKzQllNFxWkcRN1Nrjt6HVjo,2021-02-17,-25,-5,-29,-18,-26,8
RS,Serbia,,,Belgrade Metropolitan Area,,,ChIJKzQllNFxWkcRN1Nrjt6HVjo,2021-02-18,-22,-1,-9,-13,-27,7
RS,Serbia,,,Belgrade Metropolitan Area,,,ChIJKzQllNFxWkcRN1Nrjt6HVjo,2021-02-19,-24,-1,-18,-16,-26,7
RS,Serbia,,,Belgrade Metropolitan Area,,,ChIJKzQllNFxWkcRN1Nrjt6HVjo,2021-02-20,-28,-6,-31,-16,-13,4
RS,Serbia,,,Belgrade Metropolitan Area,,,ChIJKzQllNFxWkcRN1Nrjt6HVjo,2021-02-21,-12,-4,72,-7,-7,0
RS,Serbia,,,Belgrade Metropolitan Area,,,ChIJKzQllNFxWkcRN1Nrjt6HVjo,2021-02-22,-10,1,37,-4,-19,4
RS,Serbia,,,Belgrade Metropolitan Area,,,ChIJKzQllNFxWkcRN1Nrjt6HVjo,2021-02-23,-8,4,41,-7,-25,4
RS,Serbia,,,Belgrade Metropolitan Area,,,ChIJKzQllNFxWkcRN1Nrjt6HVjo,2021-02-24,-15,2,24,-9,-25,6
RS,Serbia,,,Belgrade Metropolitan Area,,,ChIJKzQllNFxWkcRN1Nrjt6HVjo,2021-02-25,-16,1,29,-6,-25,5
RS,Serbia,,,Belgrade Metropolitan Area,,,ChIJKzQllNFxWkcRN1Nrjt6HVjo,2021-02-26,-17,3,19,-8,-24,5
RS,Serbia,,,Belgrade Metropolitan Area,,,ChIJKzQllNFxWkcRN1Nrjt6HVjo,2021-02-27,-37,-3,-5,-14,-15,4
RS,Serbia,,,Belgrade Metropolitan Area,,,ChIJKzQllNFxWkcRN1Nrjt6HVjo,2021-02-28,-28,0,60,-9,-8,1
RS,Serbia,,,Belgrade Metropolitan Area,,,ChIJKzQllNFxWkcRN1Nrjt6HVjo,2021-03-01,-11,3,12,-5,-19,5
RS,Serbia,,,Belgrade Metropolitan Area,,,ChIJKzQllNFxWkcRN1Nrjt6HVjo,2021-03-02,-11,9,13,-10,-24,5
RS,Serbia,,,Belgrade Metropolitan Area,,,ChIJKzQllNFxWkcRN1Nrjt6HVjo,2021-03-03,-13,7,26,-9,-25,6
RS,Serbia,,,Belgrade Metropolitan Area,,,ChIJKzQllNFxWkcRN1Nrjt6HVjo,2021-03-04,-15,4,22,-8,-25,5
RS,Serbia,,,Belgrade Metropolitan Area,,,ChIJKzQllNFxWkcRN1Nrjt6HVjo,2021-03-05,-20,8,-21,-13,-25,6
