country_region_code,country_region,sub_region_1,sub_region_2,metro_area,iso_3166_2_code,census_fips_code,place_id,date,retail_and_recreation_percent_change_from_baseline,grocery_and_pharmacy_percent_change_from_baseline,parks_percent_change_from_baseline,transit_stations_percent_change_from_baseline,workplaces_percent_change_from_baseline,residential_percent_change_from_baseline
TW,Taiwan,,,,,,ChIJL1cHXAbzbjQRaVScvwTwEec,2020-02-15,-9,-4,-2,-10,56,-1
TW,Taiwan,,,,,,ChIJL1cHXAbzbjQRaVScvwTwEec,2020-02-16,-14,-8,-21,-22,-8,5
TW,Taiwan,,,,,,ChIJL1cHXAbzbjQRaVScvwTwEec,2020-02-17,-7,-3,-14,-17,-3,6
TW,Taiwan,,,,,,ChIJL1cHXAbzbjQRaVScvwTwEec,2020-02-18,-7,-2,-3,-15,2,5
TW,Taiwan,,,,,,ChIJL1cHXAbzbjQRaVScvwTwEec,2020-02-19,-7,-4,8,-12,3,4
TW,Taiwan,,,,,,ChIJL1cHXAbzbjQRaVScvwTwEec,2020-02-20,-5,-5,-4,-15,2,1
TW,Taiwan,,,,,,ChIJL1cHXAbzbjQRaVScvwTwEec,2020-02-21,-3,0,6,-12,0,5
TW,Taiwan,,,,,,ChIJL1cHXAbzbjQRaVScvwTwEec,2020-02-22,-8,1,3,-17,5,3
TW,Taiwan,,,,,,ChIJL1cHXAbzbjQRaVScvwTwEec,2020-02-23,-4,4,24,-15,-2,2
TW,Taiwan,,,,,,ChIJL1cHXAbzbjQRaVScvwTwEec,2020-02-24,-3,1,6,-14,1,4
TW,Taiwan,,,,,,ChIJL1cHXAbzbjQRaVScvwTwEec,2020-02-25,-8,0,4,-12,11,2
TW,Taiwan,,,,,,ChIJL1cHXAbzbjQRaVScvwTwEec,2020-02-26,-10,-3,3,-11,11,2
TW,Taiwan,,,,,,ChIJL1cHXAbzbjQRaVScvwTwEec,2020-02-27,-3,-1,-9,-4,9,-3
TW,Taiwan,,,,,,ChIJL1cHXAbzbjQRaVScvwTwEec,2020-02-28,8,11,65,-14,-50,12
TW,Taiwan,,,,,,ChIJL1cHXAbzbjQRaVScvwTwEec,2020-02-29,-7,1,31,-16,-4,3
TW,Taiwan,,,,,,ChIJL1cHXAbzbjQRaVScvwTwEec,2020-03-01,-7,2,21,-11,0,1
TW,Taiwan,,,,,,ChIJL1cHXAbzbjQRaVScvwTwEec,2020-03-02,-9,-1,-10,-14,10,2
TW,Taiwan,,,,,,ChIJL1cHXAbzbjQRaVScvwTwEec,2020-03-03,-10,-1,-2,-15,14,2
TW,Taiwan,,,,,,ChIJL1cHXAbzbjQRaVScvwTwEec,2020-03-04,-15,-7,-14,-16,14,2
TW,Taiwan,,,,,,ChIJL1cHXAbzbjQRaVScvwTwEec,2020-03-05,-14,-3,-30,-18,11,0
TW,Taiwan,,,,,,ChIJL1cHXAbzbjQRaVScvwTwEec,2020-03-06,-5,4,-1,-9,10,1
TW,Taiwan,,,,,,ChIJL1cHXAbzbjQRaVScvwTwEec,2020-03-07,-5,7,9,-18,11,2
TW,Taiwan,,,,,,ChIJL1cHXAbzbjQRaVScvwTwEec,2020-03-08,-4,7,26,-16,3,2
TW,Taiwan,,,,,,ChIJL1cHXAbzbjQRaVScvwTwEec,2020-03-09,-9,1,-3,-14,10,2
TW,Taiwan,,,,,,ChIJL1cHXAbzbjQRaVScvwTwEec,2020-03-10,-18,-4,-29,-18,11,4
TW,Taiwan,,,,,,ChIJL1cHXAbzbjQRaVScvwTwEec,2020-03-11,-9,1,-4,-12,14,1
TW,Taiwan,,,,,,ChIJL1cHXAbzbjQRaVScvwTwEec,2020-03-12,-10,-4,-15,-15,12,-2
TW,Taiwan,,,,,,ChIJL1cHXAbzbjQRaVScvwTwEec,2020-03-13,-13,-4,-21,-12,9,3
TW,Taiwan,,,,,,ChIJL1cHXAbzbjQRaVScvwTwEec,2020-03-14,-14,-1,-28,-25,6,6
TW,Taiwan,,,,,,ChIJL1cHXAbzbjQRaVScvwTwEec,2020-03-15,-2,7,31,-13,1,2
TW,Taiwan,,,,,,ChIJL1cHXAbzbjQRaVScvwTwEec,2020-03-16,-7,3,0,-13,10,2
TW,Taiwan,,,,,,ChIJL1cHXAbzbjQRaVScvwTwEec,2020-03-17,-10,2,-3,-15,14,2
TW,Taiwan,,,,,,ChIJL1cHXAbzbjQRaVScvwTwEec,2020-03-18,-15,2,-11,-15,13,2
TW,Taiwan,,,,,,ChIJL1cHXAbzbjQRaVScvwTwEec,2020-03-19,-18,6,-29,-21,11,0
TW,Taiwan,,,,,,ChIJL1cHXAbzbjQRaVScvwTwEec,2020-03-20,-8,12,-5,-12,9,2
TW,Taiwan,,,,,,ChIJL1cHXAbzbjQRaVScvwTwEec,2020-03-21,-10,8,4,-23,9,3
TW,Taiwan,,,,,,ChIJL1cHXAbzbjQRaVScvwTwEec,2020-03-22,-8,6,24,-22,0,3
TW,Taiwan,,,,,,ChIJL1cHXAbzbjQRaVScvwTwEec,2020-03-23,-12,4,-9,-19,8,3
TW,Taiwan,,,,,,ChIJL1cHXAbzbjQRaVScvwTwEec,2020-03-24,-13,3,-5,-19,12,3
TW,Taiwan,,,,,,ChIJL1cHXAbzbjQRaVScvwTwEec,2020-03-25,-14,2,0,-17,12,2
TW,Taiwan,,,,,,ChIJL1cHXAbzbjQRaVScvwTwEec,2020-03-26,-13,0,-10,-20,10,-1
TW,Taiwan,,,,,,ChIJL1cHXAbzbjQRaVScvwTwEec,2020-03-27,-13,0,-11,-17,7,3
TW,Taiwan,,,,,,ChIJL1cHXAbzbjQRaVScvwTwEec,2020-03-28,-21,-6,-33,-34,3,7
TW,Taiwan,,,,,,ChIJL1cHXAbzbjQRaVScvwTwEec,2020-03-29,-9,3,17,-24,-1,4
TW,Taiwan,,,,,,ChIJL1cHXAbzbjQRaVScvwTwEec,2020-03-30,-14,-2,-13,-20,6,4
TW,Taiwan,,,,,,ChIJL1cHXAbzbjQRaVScvwTwEec,2020-03-31,-11,1,-6,-17,9,3
TW,Taiwan,,,,,,ChIJL1cHXAbzbjQRaVScvwTwEec,2020-04-01,-10,2,-10,-6,7,1
TW,Taiwan,,,,,,ChIJL1cHXAbzbjQRaVScvwTwEec,2020-04-02,-1,8,10,-26,-50,11
TW,Taiwan,,,,,,ChIJL1cHXAbzbjQRaVScvwTwEec,2020-04-03,-1,10,40,-31,-55,16
TW,Taiwan,,,,,,ChIJL1cHXAbzbjQRaVScvwTwEec,2020-04-04,-24,-6,-7,-33,-23,7
TW,Taiwan,,,,,,ChIJL1cHXAbzbjQRaVScvwTwEec,2020-04-05,-22,-7,-12,-28,-9,6
TW,Taiwan,,,,,,ChIJL1cHXAbzbjQRaVScvwTwEec,2020-04-06,-20,-3,-28,-21,3,5
TW,Taiwan,,,,,,ChIJL1cHXAbzbjQRaVScvwTwEec,2020-04-07,-15,5,-18,-22,7,4
TW,Taiwan,,,,,,ChIJL1cHXAbzbjQRaVScvwTwEec,2020-04-08,-16,-1,-8,-21,8,3
TW,Taiwan,,,,,,ChIJL1cHXAbzbjQRaVScvwTwEec,2020-04-09,-13,2,-12,-23,7,0
TW,Taiwan,,,,,,ChIJL1cHXAbzbjQRaVScvwTwEec,2020-04-10,-8,7,-1,-17,4,3
TW,Taiwan,,,,,,ChIJL1cHXAbzbjQRaVScvwTwEec,2020-04-11,-18,0,-20,-32,4,6
TW,Taiwan,,,,,,ChIJL1cHXAbzbjQRaVScvwTwEec,2020-04-12,-14,1,-10,-33,-5,7
TW,Taiwan,,,,,,ChIJL1cHXAbzbjQRaVScvwTwEec,2020-04-13,-11,3,-6,-21,5,4
TW,Taiwan,,,,,,ChIJL1cHXAbzbjQRaVScvwTwEec,2020-04-14,-11,3,-1,-20,8,3
TW,Taiwan,,,,,,ChIJL1cHXAbzbjQRaVScvwTwEec,2020-04-15,-13,1,1,-18,8,3
TW,Taiwan,,,,,,ChIJL1cHXAbzbjQRaVScvwTwEec,2020-04-16,-11,-1,-5,-20,7,0
TW,Taiwan,,,,,,ChIJL1cHXAbzbjQRaVScvwTwEec,2020-04-17,-8,2,2,-15,3,3
TW,Taiwan,,,,,,ChIJL1cHXAbzbjQRaVScvwTwEec,2020-04-18,-11,2,5,-24,5,4
TW,Taiwan,,,,,,ChIJL1cHXAbzbjQRaVScvwTwEec,2020-04-19,-10,1,19,-25,-4,4
TW,Taiwan,,,,,,ChIJL1cHXAbzbjQRaVScvwTwEec,2020-04-20,-14,3,-6,-21,5,3
TW,Taiwan,,,,,,ChIJL1cHXAbzbjQRaVScvwTwEec,2020-04-21,-18,-1,-12,-23,8,4
TW,Taiwan,,,,,,ChIJL1cHXAbzbjQRaVScvwTwEec,2020-04-22,-19,-1,-16,-23,8,4
TW,Taiwan,,,,,,ChIJL1cHXAbzbjQRaVScvwTwEec,2020-04-23,-21,-5,-32,-26,6,1
TW,Taiwan,,,,,,ChIJL1cHXAbzbjQRaVScvwTwEec,2020-04-24,-17,1,-24,-21,3,5
TW,Taiwan,,,,,,ChIJL1cHXAbzbjQRaVScvwTwEec,2020-04-25,-15,2,-9,-31,4,5
TW,Taiwan,,,,,,ChIJL1cHXAbzbjQRaVScvwTwEec,2020-04-26,-14,-1,4,-31,-5,6
TW,Taiwan,,,,,,ChIJL1cHXAbzbjQRaVScvwTwEec,2020-04-27,-15,0,-10,-22,5,4
TW,Taiwan,,,,,,ChIJL1cHXAbzbjQRaVScvwTwEec,2020-04-28,-13,2,0,-20,9,2
TW,Taiwan,,,,,,ChIJL1cHXAbzbjQRaVScvwTwEec,2020-04-29,-14,-1,3,-18,8,0
TW,Taiwan,,,,,,ChIJL1cHXAbzbjQRaVScvwTwEec,2020-04-30,-8,5,-4,-15,6,-2
TW,Taiwan,,,,,,ChIJL1cHXAbzbjQRaVScvwTwEec,2020-05-01,3,15,39,-16,-36,9
TW,Taiwan,,,,,,ChIJL1cHXAbzbjQRaVScvwTwEec,2020-05-02,-10,4,13,-25,-5,4
TW,Taiwan,,,,,,ChIJL1cHXAbzbjQRaVScvwTwEec,2020-05-03,-9,2,18,-21,-6,2
TW,Taiwan,,,,,,ChIJL1cHXAbzbjQRaVScvwTwEec,2020-05-04,-12,4,-6,-19,5,3
TW,Taiwan,,,,,,ChIJL1cHXAbzbjQRaVScvwTwEec,2020-05-05,-11,8,-3,-19,9,2
TW,Taiwan,,,,,,ChIJL1cHXAbzbjQRaVScvwTwEec,2020-05-06,-14,4,-7,-17,9,2
TW,Taiwan,,,,,,ChIJL1cHXAbzbjQRaVScvwTwEec,2020-05-07,-10,3,-13,-18,7,-1
TW,Taiwan,,,,,,ChIJL1cHXAbzbjQRaVScvwTwEec,2020-05-08,-5,9,-3,-9,4,2
TW,Taiwan,,,,,,ChIJL1cHXAbzbjQRaVScvwTwEec,2020-05-09,-5,9,-4,-20,2,2
TW,Taiwan,,,,,,ChIJL1cHXAbzbjQRaVScvwTwEec,2020-05-10,-5,6,-1,-19,-8,1
TW,Taiwan,,,,,,ChIJL1cHXAbzbjQRaVScvwTwEec,2020-05-11,-10,9,-10,-17,5,3
TW,Taiwan,,,,,,ChIJL1cHXAbzbjQRaVScvwTwEec,2020-05-12,-15,3,-14,-19,8,3
TW,Taiwan,,,,,,ChIJL1cHXAbzbjQRaVScvwTwEec,2020-05-13,-11,4,1,-15,9,2
TW,Taiwan,,,,,,ChIJL1cHXAbzbjQRaVScvwTwEec,2020-05-14,-10,0,-9,-18,7,-2
TW,Taiwan,,,,,,ChIJL1cHXAbzbjQRaVScvwTwEec,2020-05-15,-5,6,0,-11,2,1
TW,Taiwan,,,,,,ChIJL1cHXAbzbjQRaVScvwTwEec,2020-05-16,-12,1,-14,-25,1,4
TW,Taiwan,,,,,,ChIJL1cHXAbzbjQRaVScvwTwEec,2020-05-17,-3,7,13,-21,-5,3
TW,Taiwan,,,,,,ChIJL1cHXAbzbjQRaVScvwTwEec,2020-05-18,-17,-3,-21,-20,3,4
TW,Taiwan,,,,,,ChIJL1cHXAbzbjQRaVScvwTwEec,2020-05-19,-23,-7,-34,-23,6,5
TW,Taiwan,,,,,,ChIJL1cHXAbzbjQRaVScvwTwEec,2020-05-20,-14,2,-17,-18,8,3
TW,Taiwan,,,,,,ChIJL1cHXAbzbjQRaVScvwTwEec,2020-05-21,-24,-12,-38,-23,5,1
TW,Taiwan,,,,,,ChIJL1cHXAbzbjQRaVScvwTwEec,2020-05-22,-28,-11,-47,-21,-1,7
TW,Taiwan,,,,,,ChIJL1cHXAbzbjQRaVScvwTwEec,2020-05-23,-13,5,-36,-28,-1,6
TW,Taiwan,,,,,,ChIJL1cHXAbzbjQRaVScvwTwEec,2020-05-24,0,10,19,-17,-5,2
TW,Taiwan,,,,,,ChIJL1cHXAbzbjQRaVScvwTwEec,2020-05-25,-7,9,-6,-16,4,3
TW,Taiwan,,,,,,ChIJL1cHXAbzbjQRaVScvwTwEec,2020-05-26,-14,1,-15,-19,8,3
TW,Taiwan,,,,,,ChIJL1cHXAbzbjQRaVScvwTwEec,2020-05-27,-20,-5,-26,-19,6,4
TW,Taiwan,,,,,,ChIJL1cHXAbzbjQRaVScvwTwEec,2020-05-28,-20,-9,-38,-22,4,1
TW,Taiwan,,,,,,ChIJL1cHXAbzbjQRaVScvwTwEec,2020-05-29,-9,3,-17,-11,3,3
TW,Taiwan,,,,,,ChIJL1cHXAbzbjQRaVScvwTwEec,2020-05-30,-4,9,2,-17,2,2
TW,Taiwan,,,,,,ChIJL1cHXAbzbjQRaVScvwTwEec,2020-05-31,-2,8,19,-15,-6,1
TW,Taiwan,,,,,,ChIJL1cHXAbzbjQRaVScvwTwEec,2020-06-01,-10,6,-10,-17,5,2
TW,Taiwan,,,,,,ChIJL1cHXAbzbjQRaVScvwTwEec,2020-06-02,-10,6,-6,-17,9,2
TW,Taiwan,,,,,,ChIJL1cHXAbzbjQRaVScvwTwEec,2020-06-03,-10,5,0,-14,8,2
TW,Taiwan,,,,,,ChIJL1cHXAbzbjQRaVScvwTwEec,2020-06-04,-9,3,-9,-16,7,-1
TW,Taiwan,,,,,,ChIJL1cHXAbzbjQRaVScvwTwEec,2020-06-05,-3,13,-2,-8,3,1
TW,Taiwan,,,,,,ChIJL1cHXAbzbjQRaVScvwTwEec,2020-06-06,-5,9,-4,-16,1,2
TW,Taiwan,,,,,,ChIJL1cHXAbzbjQRaVScvwTwEec,2020-06-07,-10,2,-11,-19,-9,3
TW,Taiwan,,,,,,ChIJL1cHXAbzbjQRaVScvwTwEec,2020-06-08,-16,0,-24,-18,3,4
TW,Taiwan,,,,,,ChIJL1cHXAbzbjQRaVScvwTwEec,2020-06-09,-12,5,-11,-16,8,2
TW,Taiwan,,,,,,ChIJL1cHXAbzbjQRaVScvwTwEec,2020-06-10,-8,8,0,-13,8,1
TW,Taiwan,,,,,,ChIJL1cHXAbzbjQRaVScvwTwEec,2020-06-11,-7,4,-10,-15,6,-2
TW,Taiwan,,,,,,ChIJL1cHXAbzbjQRaVScvwTwEec,2020-06-12,-3,7,-3,-9,2,1
TW,Taiwan,,,,,,ChIJL1cHXAbzbjQRaVScvwTwEec,2020-06-13,-3,8,2,-13,2,1
TW,Taiwan,,,,,,ChIJL1cHXAbzbjQRaVScvwTwEec,2020-06-14,-6,4,5,-15,-8,2
TW,Taiwan,,,,,,ChIJL1cHXAbzbjQRaVScvwTwEec,2020-06-15,-5,8,-4,-14,3,2
TW,Taiwan,,,,,,ChIJL1cHXAbzbjQRaVScvwTwEec,2020-06-16,-7,7,-1,-14,7,2
TW,Taiwan,,,,,,ChIJL1cHXAbzbjQRaVScvwTwEec,2020-06-17,-9,5,2,-13,6,1
TW,Taiwan,,,,,,ChIJL1cHXAbzbjQRaVScvwTwEec,2020-06-18,-7,3,-9,-16,5,-2
TW,Taiwan,,,,,,ChIJL1cHXAbzbjQRaVScvwTwEec,2020-06-19,-6,6,-5,-14,2,2
TW,Taiwan,,,,,,ChIJL1cHXAbzbjQRaVScvwTwEec,2020-06-20,-8,7,-15,-13,67,-4
TW,Taiwan,,,,,,ChIJL1cHXAbzbjQRaVScvwTwEec,2020-06-21,-1,10,16,-15,-5,2
TW,Taiwan,,,,,,ChIJL1cHXAbzbjQRaVScvwTwEec,2020-06-22,-5,8,-3,-14,1,2
TW,Taiwan,,,,,,ChIJL1cHXAbzbjQRaVScvwTwEec,2020-06-23,-5,8,-2,-12,4,2
TW,Taiwan,,,,,,ChIJL1cHXAbzbjQRaVScvwTwEec,2020-06-24,1,13,2,2,3,-1
TW,Taiwan,,,,,,ChIJL1cHXAbzbjQRaVScvwTwEec,2020-06-25,7,15,34,-12,-60,8
TW,Taiwan,,,,,,ChIJL1cHXAbzbjQRaVScvwTwEec,2020-06-26,8,11,65,-14,-57,12
TW,Taiwan,,,,,,ChIJL1cHXAbzbjQRaVScvwTwEec,2020-06-27,-5,3,22,-12,-17,1
TW,Taiwan,,,,,,ChIJL1cHXAbzbjQRaVScvwTwEec,2020-06-28,-6,3,10,-13,-11,1
TW,Taiwan,,,,,,ChIJL1cHXAbzbjQRaVScvwTwEec,2020-06-29,-6,7,-4,-13,-1,2
TW,Taiwan,,,,,,ChIJL1cHXAbzbjQRaVScvwTwEec,2020-06-30,-7,7,-6,-14,3,2
TW,Taiwan,,,,,,ChIJL1cHXAbzbjQRaVScvwTwEec,2020-07-01,-13,3,-11,-15,2,2
TW,Taiwan,,,,,,ChIJL1cHXAbzbjQRaVScvwTwEec,2020-07-02,-14,-3,-25,-18,0,0
TW,Taiwan,,,,,,ChIJL1cHXAbzbjQRaVScvwTwEec,2020-07-03,-3,10,-5,-11,-3,2
TW,Taiwan,,,,,,ChIJL1cHXAbzbjQRaVScvwTwEec,2020-07-04,-3,11,-2,-15,0,1
TW,Taiwan,,,,,,ChIJL1cHXAbzbjQRaVScvwTwEec,2020-07-05,-1,12,13,-15,-8,2
TW,Taiwan,,,,,,ChIJL1cHXAbzbjQRaVScvwTwEec,2020-07-06,-4,15,-1,-13,-3,2
TW,Taiwan,,,,,,ChIJL1cHXAbzbjQRaVScvwTwEec,2020-07-07,-6,13,2,-13,0,2
TW,Taiwan,,,,,,ChIJL1cHXAbzbjQRaVScvwTwEec,2020-07-08,-8,5,2,-12,1,2
TW,Taiwan,,,,,,ChIJL1cHXAbzbjQRaVScvwTwEec,2020-07-09,-6,4,-6,-14,-1,-1
TW,Taiwan,,,,,,ChIJL1cHXAbzbjQRaVScvwTwEec,2020-07-10,-1,10,1,-8,-4,2
TW,Taiwan,,,,,,ChIJL1cHXAbzbjQRaVScvwTwEec,2020-07-11,-2,9,3,-12,-3,1
TW,Taiwan,,,,,,ChIJL1cHXAbzbjQRaVScvwTwEec,2020-07-12,1,11,17,-11,-10,0
TW,Taiwan,,,,,,ChIJL1cHXAbzbjQRaVScvwTwEec,2020-07-13,-4,9,1,-13,-4,2
TW,Taiwan,,,,,,ChIJL1cHXAbzbjQRaVScvwTwEec,2020-07-14,-3,7,2,-11,0,2
TW,Taiwan,,,,,,ChIJL1cHXAbzbjQRaVScvwTwEec,2020-07-15,-5,13,1,-11,-5,3
TW,Taiwan,,,,,,ChIJL1cHXAbzbjQRaVScvwTwEec,2020-07-16,0,11,-1,-12,-7,0
TW,Taiwan,,,,,,ChIJL1cHXAbzbjQRaVScvwTwEec,2020-07-17,2,12,10,-8,-10,3
TW,Taiwan,,,,,,ChIJL1cHXAbzbjQRaVScvwTwEec,2020-07-18,0,13,9,-10,-3,0
TW,Taiwan,,,,,,ChIJL1cHXAbzbjQRaVScvwTwEec,2020-07-19,3,11,20,-9,-11,0
TW,Taiwan,,,,,,ChIJL1cHXAbzbjQRaVScvwTwEec,2020-07-20,-1,12,2,-11,-9,3
TW,Taiwan,,,,,,ChIJL1cHXAbzbjQRaVScvwTwEec,2020-07-21,-2,12,6,-12,-5,2
TW,Taiwan,,,,,,ChIJL1cHXAbzbjQRaVScvwTwEec,2020-07-22,-4,11,8,-10,-3,2
TW,Taiwan,,,,,,ChIJL1cHXAbzbjQRaVScvwTwEec,2020-07-23,-2,6,-2,-12,-5,-1
TW,Taiwan,,,,,,ChIJL1cHXAbzbjQRaVScvwTwEec,2020-07-24,1,9,8,-8,-9,3
TW,Taiwan,,,,,,ChIJL1cHXAbzbjQRaVScvwTwEec,2020-07-25,0,9,6,-10,-5,0
TW,Taiwan,,,,,,ChIJL1cHXAbzbjQRaVScvwTwEec,2020-07-26,2,8,18,-9,-12,0
TW,Taiwan,,,,,,ChIJL1cHXAbzbjQRaVScvwTwEec,2020-07-27,-2,9,1,-12,-8,3
TW,Taiwan,,,,,,ChIJL1cHXAbzbjQRaVScvwTwEec,2020-07-28,-7,4,-1,-13,-4,3
TW,Taiwan,,,,,,ChIJL1cHXAbzbjQRaVScvwTwEec,2020-07-29,-5,7,8,-10,-4,2
TW,Taiwan,,,,,,ChIJL1cHXAbzbjQRaVScvwTwEec,2020-07-30,-2,4,0,-12,-6,-1
TW,Taiwan,,,,,,ChIJL1cHXAbzbjQRaVScvwTwEec,2020-07-31,1,9,7,-8,-9,3
TW,Taiwan,,,,,,ChIJL1cHXAbzbjQRaVScvwTwEec,2020-08-01,-1,8,6,-10,-4,0
TW,Taiwan,,,,,,ChIJL1cHXAbzbjQRaVScvwTwEec,2020-08-02,0,8,13,-11,-12,0
TW,Taiwan,,,,,,ChIJL1cHXAbzbjQRaVScvwTwEec,2020-08-03,-15,-1,-25,-20,-10,6
TW,Taiwan,,,,,,ChIJL1cHXAbzbjQRaVScvwTwEec,2020-08-04,-9,5,-13,-16,-4,4
TW,Taiwan,,,,,,ChIJL1cHXAbzbjQRaVScvwTwEec,2020-08-05,-4,11,3,-11,-3,2
TW,Taiwan,,,,,,ChIJL1cHXAbzbjQRaVScvwTwEec,2020-08-06,-1,8,-2,-12,-5,-1
TW,Taiwan,,,,,,ChIJL1cHXAbzbjQRaVScvwTwEec,2020-08-07,2,11,7,-6,-8,1
TW,Taiwan,,,,,,ChIJL1cHXAbzbjQRaVScvwTwEec,2020-08-08,3,10,4,-12,-7,-1
TW,Taiwan,,,,,,ChIJL1cHXAbzbjQRaVScvwTwEec,2020-08-09,4,9,24,-7,-12,-1
TW,Taiwan,,,,,,ChIJL1cHXAbzbjQRaVScvwTwEec,2020-08-10,-8,4,-9,-13,-9,3
TW,Taiwan,,,,,,ChIJL1cHXAbzbjQRaVScvwTwEec,2020-08-11,-8,6,-8,-16,-6,4
TW,Taiwan,,,,,,ChIJL1cHXAbzbjQRaVScvwTwEec,2020-08-12,-5,6,5,-10,-4,2
TW,Taiwan,,,,,,ChIJL1cHXAbzbjQRaVScvwTwEec,2020-08-13,-2,5,-1,-12,-6,-1
TW,Taiwan,,,,,,ChIJL1cHXAbzbjQRaVScvwTwEec,2020-08-14,-1,6,6,-7,-10,2
TW,Taiwan,,,,,,ChIJL1cHXAbzbjQRaVScvwTwEec,2020-08-15,-3,6,4,-9,-6,0
TW,Taiwan,,,,,,ChIJL1cHXAbzbjQRaVScvwTwEec,2020-08-16,4,9,24,-5,-12,-1
TW,Taiwan,,,,,,ChIJL1cHXAbzbjQRaVScvwTwEec,2020-08-17,0,11,11,-10,-10,2
TW,Taiwan,,,,,,ChIJL1cHXAbzbjQRaVScvwTwEec,2020-08-18,-4,9,5,-11,-5,2
TW,Taiwan,,,,,,ChIJL1cHXAbzbjQRaVScvwTwEec,2020-08-19,-7,6,2,-11,-5,3
TW,Taiwan,,,,,,ChIJL1cHXAbzbjQRaVScvwTwEec,2020-08-20,-5,3,-4,-14,-6,-1
TW,Taiwan,,,,,,ChIJL1cHXAbzbjQRaVScvwTwEec,2020-08-21,-3,5,3,-8,-10,3
TW,Taiwan,,,,,,ChIJL1cHXAbzbjQRaVScvwTwEec,2020-08-22,-8,2,-12,-14,-6,2
TW,Taiwan,,,,,,ChIJL1cHXAbzbjQRaVScvwTwEec,2020-08-23,1,8,16,-11,-12,1
TW,Taiwan,,,,,,ChIJL1cHXAbzbjQRaVScvwTwEec,2020-08-24,-1,7,6,-13,-10,3
TW,Taiwan,,,,,,ChIJL1cHXAbzbjQRaVScvwTwEec,2020-08-25,-2,8,4,-12,-6,3
TW,Taiwan,,,,,,ChIJL1cHXAbzbjQRaVScvwTwEec,2020-08-26,-13,-1,-6,-14,-6,4
TW,Taiwan,,,,,,ChIJL1cHXAbzbjQRaVScvwTwEec,2020-08-27,-15,-8,-27,-19,-8,2
TW,Taiwan,,,,,,ChIJL1cHXAbzbjQRaVScvwTwEec,2020-08-28,-2,10,-6,-12,-9,3
TW,Taiwan,,,,,,ChIJL1cHXAbzbjQRaVScvwTwEec,2020-08-29,-4,10,0,-15,-3,1
TW,Taiwan,,,,,,ChIJL1cHXAbzbjQRaVScvwTwEec,2020-08-30,-2,9,8,-16,-9,1
TW,Taiwan,,,,,,ChIJL1cHXAbzbjQRaVScvwTwEec,2020-08-31,-10,8,-19,-17,-5,3
TW,Taiwan,,,,,,ChIJL1cHXAbzbjQRaVScvwTwEec,2020-09-01,-7,15,-11,-15,-2,2
TW,Taiwan,,,,,,ChIJL1cHXAbzbjQRaVScvwTwEec,2020-09-02,-15,2,-12,-16,-5,3
TW,Taiwan,,,,,,ChIJL1cHXAbzbjQRaVScvwTwEec,2020-09-03,-13,-5,-16,-16,-4,-1
TW,Taiwan,,,,,,ChIJL1cHXAbzbjQRaVScvwTwEec,2020-09-04,-5,2,-4,-10,-6,1
TW,Taiwan,,,,,,ChIJL1cHXAbzbjQRaVScvwTwEec,2020-09-05,-2,5,2,-14,-3,0
TW,Taiwan,,,,,,ChIJL1cHXAbzbjQRaVScvwTwEec,2020-09-06,2,6,19,-12,-10,0
TW,Taiwan,,,,,,ChIJL1cHXAbzbjQRaVScvwTwEec,2020-09-07,-6,4,-2,-13,-5,1
TW,Taiwan,,,,,,ChIJL1cHXAbzbjQRaVScvwTwEec,2020-09-08,-8,3,-3,-13,-2,1
TW,Taiwan,,,,,,ChIJL1cHXAbzbjQRaVScvwTwEec,2020-09-09,-11,0,-5,-12,-1,1
TW,Taiwan,,,,,,ChIJL1cHXAbzbjQRaVScvwTwEec,2020-09-10,-8,-1,-12,-13,-2,-3
TW,Taiwan,,,,,,ChIJL1cHXAbzbjQRaVScvwTwEec,2020-09-11,-3,4,-2,-7,-4,0
TW,Taiwan,,,,,,ChIJL1cHXAbzbjQRaVScvwTwEec,2020-09-12,-4,2,-5,-13,-1,0
TW,Taiwan,,,,,,ChIJL1cHXAbzbjQRaVScvwTwEec,2020-09-13,2,6,14,-9,-9,0
TW,Taiwan,,,,,,ChIJL1cHXAbzbjQRaVScvwTwEec,2020-09-14,-6,3,-4,-13,-1,1
TW,Taiwan,,,,,,ChIJL1cHXAbzbjQRaVScvwTwEec,2020-09-15,-8,4,-4,-13,3,0
TW,Taiwan,,,,,,ChIJL1cHXAbzbjQRaVScvwTwEec,2020-09-16,-10,1,-4,-12,3,0
TW,Taiwan,,,,,,ChIJL1cHXAbzbjQRaVScvwTwEec,2020-09-17,-8,-2,-9,-13,1,-3
TW,Taiwan,,,,,,ChIJL1cHXAbzbjQRaVScvwTwEec,2020-09-18,-6,0,-4,-5,-2,0
TW,Taiwan,,,,,,ChIJL1cHXAbzbjQRaVScvwTwEec,2020-09-19,-2,2,4,-8,0,-1
TW,Taiwan,,,,,,ChIJL1cHXAbzbjQRaVScvwTwEec,2020-09-20,-2,1,9,-8,-9,0
TW,Taiwan,,,,,,ChIJL1cHXAbzbjQRaVScvwTwEec,2020-09-21,-6,2,0,-11,-2,0
TW,Taiwan,,,,,,ChIJL1cHXAbzbjQRaVScvwTwEec,2020-09-22,-8,2,0,-10,2,0
TW,Taiwan,,,,,,ChIJL1cHXAbzbjQRaVScvwTwEec,2020-09-23,-10,1,1,-8,4,0
TW,Taiwan,,,,,,ChIJL1cHXAbzbjQRaVScvwTwEec,2020-09-24,-13,-6,-19,-12,1,-2
TW,Taiwan,,,,,,ChIJL1cHXAbzbjQRaVScvwTwEec,2020-09-25,-8,2,-9,-9,0,2
TW,Taiwan,,,,,,ChIJL1cHXAbzbjQRaVScvwTwEec,2020-09-26,-12,0,-17,-8,67,-5
TW,Taiwan,,,,,,ChIJL1cHXAbzbjQRaVScvwTwEec,2020-09-27,-10,-2,-12,-16,-9,3
TW,Taiwan,,,,,,ChIJL1cHXAbzbjQRaVScvwTwEec,2020-09-28,-13,-1,-21,-12,-1,2
TW,Taiwan,,,,,,ChIJL1cHXAbzbjQRaVScvwTwEec,2020-09-29,-6,8,-6,-7,4,0
TW,Taiwan,,,,,,ChIJL1cHXAbzbjQRaVScvwTwEec,2020-09-30,-3,14,-6,12,3,-3
TW,Taiwan,,,,,,ChIJL1cHXAbzbjQRaVScvwTwEec,2020-10-01,7,23,39,-5,-59,4
TW,Taiwan,,,,,,ChIJL1cHXAbzbjQRaVScvwTwEec,2020-10-02,3,13,61,-12,-58,10
TW,Taiwan,,,,,,ChIJL1cHXAbzbjQRaVScvwTwEec,2020-10-03,-10,2,21,-8,-18,0
TW,Taiwan,,,,,,ChIJL1cHXAbzbjQRaVScvwTwEec,2020-10-04,-6,2,18,-1,-9,-1
TW,Taiwan,,,,,,ChIJL1cHXAbzbjQRaVScvwTwEec,2020-10-05,-13,5,-17,-9,0,1
TW,Taiwan,,,,,,ChIJL1cHXAbzbjQRaVScvwTwEec,2020-10-06,-10,8,-7,-9,4,0
TW,Taiwan,,,,,,ChIJL1cHXAbzbjQRaVScvwTwEec,2020-10-07,-11,4,-4,-7,5,0
TW,Taiwan,,,,,,ChIJL1cHXAbzbjQRaVScvwTwEec,2020-10-08,-3,5,-11,2,3,-5
TW,Taiwan,,,,,,ChIJL1cHXAbzbjQRaVScvwTwEec,2020-10-09,10,15,35,-9,-51,10
TW,Taiwan,,,,,,ChIJL1cHXAbzbjQRaVScvwTwEec,2020-10-10,-5,5,22,-11,-13,2
TW,Taiwan,,,,,,ChIJL1cHXAbzbjQRaVScvwTwEec,2020-10-11,-3,4,16,-6,-6,1
TW,Taiwan,,,,,,ChIJL1cHXAbzbjQRaVScvwTwEec,2020-10-12,-10,6,-10,-9,1,1
TW,Taiwan,,,,,,ChIJL1cHXAbzbjQRaVScvwTwEec,2020-10-13,-13,3,-14,-10,4,1
TW,Taiwan,,,,,,ChIJL1cHXAbzbjQRaVScvwTwEec,2020-10-14,-10,3,-4,-6,6,0
TW,Taiwan,,,,,,ChIJL1cHXAbzbjQRaVScvwTwEec,2020-10-15,-9,0,-13,-9,4,-3
TW,Taiwan,,,,,,ChIJL1cHXAbzbjQRaVScvwTwEec,2020-10-16,-6,4,-10,-2,1,1
TW,Taiwan,,,,,,ChIJL1cHXAbzbjQRaVScvwTwEec,2020-10-17,-4,4,-2,-5,4,0
TW,Taiwan,,,,,,ChIJL1cHXAbzbjQRaVScvwTwEec,2020-10-18,0,4,14,-2,-6,0
TW,Taiwan,,,,,,ChIJL1cHXAbzbjQRaVScvwTwEec,2020-10-19,-10,2,-10,-10,1,1
TW,Taiwan,,,,,,ChIJL1cHXAbzbjQRaVScvwTwEec,2020-10-20,-11,3,-9,-9,5,1
TW,Taiwan,,,,,,ChIJL1cHXAbzbjQRaVScvwTwEec,2020-10-21,-14,0,-12,-8,6,1
TW,Taiwan,,,,,,ChIJL1cHXAbzbjQRaVScvwTwEec,2020-10-22,-14,-4,-26,-12,4,-2
TW,Taiwan,,,,,,ChIJL1cHXAbzbjQRaVScvwTwEec,2020-10-23,-8,3,-18,-3,1,1
TW,Taiwan,,,,,,ChIJL1cHXAbzbjQRaVScvwTwEec,2020-10-24,-1,10,5,-4,4,-1
TW,Taiwan,,,,,,ChIJL1cHXAbzbjQRaVScvwTwEec,2020-10-25,-2,6,24,-4,-5,0
TW,Taiwan,,,,,,ChIJL1cHXAbzbjQRaVScvwTwEec,2020-10-26,-8,6,-1,-8,1,1
TW,Taiwan,,,,,,ChIJL1cHXAbzbjQRaVScvwTwEec,2020-10-27,-9,6,0,-8,6,0
TW,Taiwan,,,,,,ChIJL1cHXAbzbjQRaVScvwTwEec,2020-10-28,-11,2,-1,-9,7,0
TW,Taiwan,,,,,,ChIJL1cHXAbzbjQRaVScvwTwEec,2020-10-29,-10,-1,-14,-13,5,-3
TW,Taiwan,,,,,,ChIJL1cHXAbzbjQRaVScvwTwEec,2020-10-30,-4,6,-5,-4,2,0
TW,Taiwan,,,,,,ChIJL1cHXAbzbjQRaVScvwTwEec,2020-10-31,-2,5,12,-7,5,-1
TW,Taiwan,,,,,,ChIJL1cHXAbzbjQRaVScvwTwEec,2020-11-01,0,5,25,-6,-4,0
TW,Taiwan,,,,,,ChIJL1cHXAbzbjQRaVScvwTwEec,2020-11-02,-11,1,-11,-14,2,1
TW,Taiwan,,,,,,ChIJL1cHXAbzbjQRaVScvwTwEec,2020-11-03,-13,1,-16,-15,6,1
TW,Taiwan,,,,,,ChIJL1cHXAbzbjQRaVScvwTwEec,2020-11-04,-13,-1,-10,-12,7,1
TW,Taiwan,,,,,,ChIJL1cHXAbzbjQRaVScvwTwEec,2020-11-05,-10,0,-18,-13,5,-2
TW,Taiwan,,,,,,ChIJL1cHXAbzbjQRaVScvwTwEec,2020-11-06,-8,3,-15,-6,1,1
TW,Taiwan,,,,,,ChIJL1cHXAbzbjQRaVScvwTwEec,2020-11-07,-7,4,-9,-9,2,1
TW,Taiwan,,,,,,ChIJL1cHXAbzbjQRaVScvwTwEec,2020-11-08,-2,4,3,-7,-7,1
TW,Taiwan,,,,,,ChIJL1cHXAbzbjQRaVScvwTwEec,2020-11-09,-11,2,-18,-13,1,2
TW,Taiwan,,,,,,ChIJL1cHXAbzbjQRaVScvwTwEec,2020-11-10,-11,5,-17,-13,5,1
TW,Taiwan,,,,,,ChIJL1cHXAbzbjQRaVScvwTwEec,2020-11-11,-9,4,-8,-9,6,1
TW,Taiwan,,,,,,ChIJL1cHXAbzbjQRaVScvwTwEec,2020-11-12,-10,-1,-20,-13,4,-2
TW,Taiwan,,,,,,ChIJL1cHXAbzbjQRaVScvwTwEec,2020-11-13,-12,-2,-25,-4,0,2
TW,Taiwan,,,,,,ChIJL1cHXAbzbjQRaVScvwTwEec,2020-11-14,-3,7,-7,-6,2,0
TW,Taiwan,,,,,,ChIJL1cHXAbzbjQRaVScvwTwEec,2020-11-15,2,9,28,1,-5,-1
TW,Taiwan,,,,,,ChIJL1cHXAbzbjQRaVScvwTwEec,2020-11-16,-9,4,-5,-9,1,1
TW,Taiwan,,,,,,ChIJL1cHXAbzbjQRaVScvwTwEec,2020-11-17,-10,4,-4,-10,5,1
TW,Taiwan,,,,,,ChIJL1cHXAbzbjQRaVScvwTwEec,2020-11-18,-12,1,-2,-8,6,0
TW,Taiwan,,,,,,ChIJL1cHXAbzbjQRaVScvwTwEec,2020-11-19,-10,-1,-11,-11,4,-3
TW,Taiwan,,,,,,ChIJL1cHXAbzbjQRaVScvwTwEec,2020-11-20,-6,5,-5,-2,1,0
TW,Taiwan,,,,,,ChIJL1cHXAbzbjQRaVScvwTwEec,2020-11-21,-5,3,-1,-7,2,0
TW,Taiwan,,,,,,ChIJL1cHXAbzbjQRaVScvwTwEec,2020-11-22,0,7,27,-1,-7,-1
TW,Taiwan,,,,,,ChIJL1cHXAbzbjQRaVScvwTwEec,2020-11-23,-11,2,-12,-12,1,2
TW,Taiwan,,,,,,ChIJL1cHXAbzbjQRaVScvwTwEec,2020-11-24,-12,3,-9,-12,5,1
TW,Taiwan,,,,,,ChIJL1cHXAbzbjQRaVScvwTwEec,2020-11-25,-12,1,-5,-10,6,1
TW,Taiwan,,,,,,ChIJL1cHXAbzbjQRaVScvwTwEec,2020-11-26,-10,-1,-12,-11,4,-3
TW,Taiwan,,,,,,ChIJL1cHXAbzbjQRaVScvwTwEec,2020-11-27,-7,2,-12,-4,1,1
TW,Taiwan,,,,,,ChIJL1cHXAbzbjQRaVScvwTwEec,2020-11-28,-6,3,-10,-10,1,1
TW,Taiwan,,,,,,ChIJL1cHXAbzbjQRaVScvwTwEec,2020-11-29,-3,4,8,-7,-8,0
TW,Taiwan,,,,,,ChIJL1cHXAbzbjQRaVScvwTwEec,2020-11-30,-12,1,-19,-13,1,2
TW,Taiwan,,,,,,ChIJL1cHXAbzbjQRaVScvwTwEec,2020-12-01,-17,-2,-24,-14,5,2
TW,Taiwan,,,,,,ChIJL1cHXAbzbjQRaVScvwTwEec,2020-12-02,-15,-1,-17,-11,6,2
TW,Taiwan,,,,,,ChIJL1cHXAbzbjQRaVScvwTwEec,2020-12-03,-16,-7,-33,-15,4,-1
TW,Taiwan,,,,,,ChIJL1cHXAbzbjQRaVScvwTwEec,2020-12-04,-9,1,-23,-5,1,2
TW,Taiwan,,,,,,ChIJL1cHXAbzbjQRaVScvwTwEec,2020-12-05,-4,4,-9,-6,2,0
TW,Taiwan,,,,,,ChIJL1cHXAbzbjQRaVScvwTwEec,2020-12-06,0,6,11,-1,-9,-1
TW,Taiwan,,,,,,ChIJL1cHXAbzbjQRaVScvwTwEec,2020-12-07,-11,3,-17,-12,0,2
TW,Taiwan,,,,,,ChIJL1cHXAbzbjQRaVScvwTwEec,2020-12-08,-16,-2,-25,-15,6,2
TW,Taiwan,,,,,,ChIJL1cHXAbzbjQRaVScvwTwEec,2020-12-09,-22,-8,-33,-14,5,3
TW,Taiwan,,,,,,ChIJL1cHXAbzbjQRaVScvwTwEec,2020-12-10,-11,0,-24,-13,5,-2
TW,Taiwan,,,,,,ChIJL1cHXAbzbjQRaVScvwTwEec,2020-12-11,-9,1,-20,-4,1,1
TW,Taiwan,,,,,,ChIJL1cHXAbzbjQRaVScvwTwEec,2020-12-12,-2,5,-5,-3,3,-1
TW,Taiwan,,,,,,ChIJL1cHXAbzbjQRaVScvwTwEec,2020-12-13,3,6,25,2,-7,-1
TW,Taiwan,,,,,,ChIJL1cHXAbzbjQRaVScvwTwEec,2020-12-14,-11,1,-18,-12,1,2
TW,Taiwan,,,,,,ChIJL1cHXAbzbjQRaVScvwTwEec,2020-12-15,-16,-3,-26,-14,5,2
TW,Taiwan,,,,,,ChIJL1cHXAbzbjQRaVScvwTwEec,2020-12-16,-17,-4,-25,-12,6,2
TW,Taiwan,,,,,,ChIJL1cHXAbzbjQRaVScvwTwEec,2020-12-17,-10,-2,-21,-11,5,-2
TW,Taiwan,,,,,,ChIJL1cHXAbzbjQRaVScvwTwEec,2020-12-18,-8,0,-16,-2,1,1
TW,Taiwan,,,,,,ChIJL1cHXAbzbjQRaVScvwTwEec,2020-12-19,-7,0,-17,-8,2,1
TW,Taiwan,,,,,,ChIJL1cHXAbzbjQRaVScvwTwEec,2020-12-20,-2,5,2,-4,-8,0
TW,Taiwan,,,,,,ChIJL1cHXAbzbjQRaVScvwTwEec,2020-12-21,-17,-2,-33,-14,-1,4
TW,Taiwan,,,,,,ChIJL1cHXAbzbjQRaVScvwTwEec,2020-12-22,-12,0,-15,-12,5,1
TW,Taiwan,,,,,,ChIJL1cHXAbzbjQRaVScvwTwEec,2020-12-23,-21,-9,-32,-14,5,3
TW,Taiwan,,,,,,ChIJL1cHXAbzbjQRaVScvwTwEec,2020-12-24,-10,-3,-25,-12,4,-2
TW,Taiwan,,,,,,ChIJL1cHXAbzbjQRaVScvwTwEec,2020-12-25,-5,2,-12,-4,0,1
TW,Taiwan,,,,,,ChIJL1cHXAbzbjQRaVScvwTwEec,2020-12-26,-5,1,3,-9,4,0
TW,Taiwan,,,,,,ChIJL1cHXAbzbjQRaVScvwTwEec,2020-12-27,-4,1,6,-8,-7,1
TW,Taiwan,,,,,,ChIJL1cHXAbzbjQRaVScvwTwEec,2020-12-28,-10,2,-14,-12,1,2
TW,Taiwan,,,,,,ChIJL1cHXAbzbjQRaVScvwTwEec,2020-12-29,-10,3,-10,-12,6,1
TW,Taiwan,,,,,,ChIJL1cHXAbzbjQRaVScvwTwEec,2020-12-30,-15,-2,-26,-11,5,2
TW,Taiwan,,,,,,ChIJL1cHXAbzbjQRaVScvwTwEec,2020-12-31,-1,11,-19,3,-1,-2
TW,Taiwan,,,,,,ChIJL1cHXAbzbjQRaVScvwTwEec,2021-01-01,2,7,34,-16,-61,14
TW,Taiwan,,,,,,ChIJL1cHXAbzbjQRaVScvwTwEec,2021-01-02,-11,-2,4,-21,-14,4
TW,Taiwan,,,,,,ChIJL1cHXAbzbjQRaVScvwTwEec,2021-01-03,-7,-1,17,-10,-8,1
TW,Taiwan,,,,,,ChIJL1cHXAbzbjQRaVScvwTwEec,2021-01-04,-17,-4,-26,-16,2,3
TW,Taiwan,,,,,,ChIJL1cHXAbzbjQRaVScvwTwEec,2021-01-05,-17,0,-26,-17,6,2
TW,Taiwan,,,,,,ChIJL1cHXAbzbjQRaVScvwTwEec,2021-01-06,-18,-3,-27,-15,6,2
TW,Taiwan,,,,,,ChIJL1cHXAbzbjQRaVScvwTwEec,2021-01-07,-20,-9,-43,-20,3,0
TW,Taiwan,,,,,,ChIJL1cHXAbzbjQRaVScvwTwEec,2021-01-08,-17,-3,-39,-14,0,4
TW,Taiwan,,,,,,ChIJL1cHXAbzbjQRaVScvwTwEec,2021-01-09,-12,3,-31,-23,2,4
TW,Taiwan,,,,,,ChIJL1cHXAbzbjQRaVScvwTwEec,2021-01-10,-5,5,-8,-18,-8,3
TW,Taiwan,,,,,,ChIJL1cHXAbzbjQRaVScvwTwEec,2021-01-11,-20,-4,-42,-19,-1,4
TW,Taiwan,,,,,,ChIJL1cHXAbzbjQRaVScvwTwEec,2021-01-12,-13,6,-29,-16,3,3
TW,Taiwan,,,,,,ChIJL1cHXAbzbjQRaVScvwTwEec,2021-01-13,-13,2,-17,-13,4,1
TW,Taiwan,,,,,,ChIJL1cHXAbzbjQRaVScvwTwEec,2021-01-14,-13,-5,-23,-17,0,-3
TW,Taiwan,,,,,,ChIJL1cHXAbzbjQRaVScvwTwEec,2021-01-15,-11,-4,-18,-11,-4,-1
TW,Taiwan,,,,,,ChIJL1cHXAbzbjQRaVScvwTwEec,2021-01-16,-14,-5,-18,-21,-4,0
TW,Taiwan,,,,,,ChIJL1cHXAbzbjQRaVScvwTwEec,2021-01-17,-14,-5,-18,-25,-15,2
TW,Taiwan,,,,,,ChIJL1cHXAbzbjQRaVScvwTwEec,2021-01-18,-16,-6,-25,-19,-6,2
TW,Taiwan,,,,,,ChIJL1cHXAbzbjQRaVScvwTwEec,2021-01-19,-16,-5,-18,-18,-3,1
TW,Taiwan,,,,,,ChIJL1cHXAbzbjQRaVScvwTwEec,2021-01-20,-14,-5,-12,-12,-2,1
TW,Taiwan,,,,,,ChIJL1cHXAbzbjQRaVScvwTwEec,2021-01-21,-13,-8,-17,-19,-8,-1
TW,Taiwan,,,,,,ChIJL1cHXAbzbjQRaVScvwTwEec,2021-01-22,-15,-8,-21,-18,-11,3
TW,Taiwan,,,,,,ChIJL1cHXAbzbjQRaVScvwTwEec,2021-01-23,-14,-4,-17,-23,-4,1
TW,Taiwan,,,,,,ChIJL1cHXAbzbjQRaVScvwTwEec,2021-01-24,-10,-3,3,-20,-14,1
TW,Taiwan,,,,,,ChIJL1cHXAbzbjQRaVScvwTwEec,2021-01-25,-12,-3,-12,-19,-10,3
TW,Taiwan,,,,,,ChIJL1cHXAbzbjQRaVScvwTwEec,2021-01-26,-14,-2,-12,-19,-7,2
TW,Taiwan,,,,,,ChIJL1cHXAbzbjQRaVScvwTwEec,2021-01-27,-17,-7,-16,-19,-6,3
TW,Taiwan,,,,,,ChIJL1cHXAbzbjQRaVScvwTwEec,2021-01-28,-17,-10,-30,-23,-8,0
TW,Taiwan,,,,,,ChIJL1cHXAbzbjQRaVScvwTwEec,2021-01-29,-12,-7,-19,-19,-10,3
TW,Taiwan,,,,,,ChIJL1cHXAbzbjQRaVScvwTwEec,2021-01-30,-12,-5,-10,-24,-3,1
TW,Taiwan,,,,,,ChIJL1cHXAbzbjQRaVScvwTwEec,2021-01-31,-8,-2,9,-23,-12,1
TW,Taiwan,,,,,,ChIJL1cHXAbzbjQRaVScvwTwEec,2021-02-01,-11,-3,-12,-21,-10,3
TW,Taiwan,,,,,,ChIJL1cHXAbzbjQRaVScvwTwEec,2021-02-02,-13,-4,-17,-21,-7,3
TW,Taiwan,,,,,,ChIJL1cHXAbzbjQRaVScvwTwEec,2021-02-03,-12,-4,-11,-18,-6,2
TW,Taiwan,,,,,,ChIJL1cHXAbzbjQRaVScvwTwEec,2021-02-04,-10,-4,-19,-20,-8,-1
TW,Taiwan,,,,,,ChIJL1cHXAbzbjQRaVScvwTwEec,2021-02-05,-8,1,-16,-17,-11,3
TW,Taiwan,,,,,,ChIJL1cHXAbzbjQRaVScvwTwEec,2021-02-06,-11,3,-17,-24,-1,1
TW,Taiwan,,,,,,ChIJL1cHXAbzbjQRaVScvwTwEec,2021-02-07,-5,4,1,-23,-8,2
TW,Taiwan,,,,,,ChIJL1cHXAbzbjQRaVScvwTwEec,2021-02-08,-1,9,-16,-15,-15,3
TW,Taiwan,,,,,,ChIJL1cHXAbzbjQRaVScvwTwEec,2021-02-09,6,20,-12,-9,-16,3
TW,Taiwan,,,,,,ChIJL1cHXAbzbjQRaVScvwTwEec,2021-02-10,5,27,-7,-19,-58,12
TW,Taiwan,,,,,,ChIJL1cHXAbzbjQRaVScvwTwEec,2021-02-11,-25,7,-33,-36,-74,13
TW,Taiwan,,,,,,ChIJL1cHXAbzbjQRaVScvwTwEec,2021-02-12,-18,-3,60,-21,-78,14
TW,Taiwan,,,,,,ChIJL1cHXAbzbjQRaVScvwTwEec,2021-02-13,-28,-9,11,-18,-51,-1
TW,Taiwan,,,,,,ChIJL1cHXAbzbjQRaVScvwTwEec,2021-02-14,-12,-3,55,-3,-35,-3
TW,Taiwan,,,,,,ChIJL1cHXAbzbjQRaVScvwTwEec,2021-02-15,9,6,85,-4,-68,8
TW,Taiwan,,,,,,ChIJL1cHXAbzbjQRaVScvwTwEec,2021-02-16,0,5,49,-13,-65,11
TW,Taiwan,,,,,,ChIJL1cHXAbzbjQRaVScvwTwEec,2021-02-17,-16,-5,-15,-17,-13,5
TW,Taiwan,,,,,,ChIJL1cHXAbzbjQRaVScvwTwEec,2021-02-18,-11,-6,-14,-19,-11,1
TW,Taiwan,,,,,,ChIJL1cHXAbzbjQRaVScvwTwEec,2021-02-19,-10,-3,-10,-19,-11,5
TW,Taiwan,,,,,,ChIJL1cHXAbzbjQRaVScvwTwEec,2021-02-20,-15,-7,-12,-16,48,-2
TW,Taiwan,,,,,,ChIJL1cHXAbzbjQRaVScvwTwEec,2021-02-21,-6,1,19,-14,-8,1
TW,Taiwan,,,,,,ChIJL1cHXAbzbjQRaVScvwTwEec,2021-02-22,-13,-2,-14,-15,-2,1
TW,Taiwan,,,,,,ChIJL1cHXAbzbjQRaVScvwTwEec,2021-02-23,-16,-4,-17,-15,1,1
TW,Taiwan,,,,,,ChIJL1cHXAbzbjQRaVScvwTwEec,2021-02-24,-16,-3,-13,-14,3,1
TW,Taiwan,,,,,,ChIJL1cHXAbzbjQRaVScvwTwEec,2021-02-25,-12,-2,-22,-15,1,-2
TW,Taiwan,,,,,,ChIJL1cHXAbzbjQRaVScvwTwEec,2021-02-26,-12,-1,-18,-8,-3,1
TW,Taiwan,,,,,,ChIJL1cHXAbzbjQRaVScvwTwEec,2021-02-27,-14,-5,-14,-16,-7,2
TW,Taiwan,,,,,,ChIJL1cHXAbzbjQRaVScvwTwEec,2021-02-28,0,2,49,-5,-14,-1
TW,Taiwan,,,,,,ChIJL1cHXAbzbjQRaVScvwTwEec,2021-03-01,8,9,47,-10,-56,10
TW,Taiwan,,,,,,ChIJL1cHXAbzbjQRaVScvwTwEec,2021-03-02,-21,-7,-32,-16,1,2
TW,Taiwan,,,,,,ChIJL1cHXAbzbjQRaVScvwTwEec,2021-03-03,-19,-7,-22,-15,2,1
TW,Taiwan,,,,,,ChIJL1cHXAbzbjQRaVScvwTwEec,2021-03-04,-18,-10,-30,-17,1,-2
TW,Taiwan,,,,,,ChIJL1cHXAbzbjQRaVScvwTwEec,2021-03-05,-11,-2,-18,-9,-1,1
