country_region_code,country_region,sub_region_1,sub_region_2,metro_area,iso_3166_2_code,census_fips_code,place_id,date,retail_and_recreation_percent_change_from_baseline,grocery_and_pharmacy_percent_change_from_baseline,parks_percent_change_from_baseline,transit_stations_percent_change_from_baseline,workplaces_percent_change_from_baseline,residential_percent_change_from_baseline
ML,Mali,,,,,,ChIJz3MQG4g-FA4RgM-9oOJbOrs,2020-02-15,3,-2,3,3,4,1
ML,Mali,,,,,,ChIJz3MQG4g-FA4RgM-9oOJbOrs,2020-02-16,-2,-4,-4,-2,4,1
ML,Mali,,,,,,ChIJz3MQG4g-FA4RgM-9oOJbOrs,2020-02-17,4,0,3,8,5,0
ML,Mali,,,,,,ChIJz3MQG4g-FA4RgM-9oOJbOrs,2020-02-18,0,-5,1,7,5,1
ML,Mali,,,,,,ChIJz3MQG4g-FA4RgM-9oOJbOrs,2020-02-19,-3,-2,2,0,3,1
ML,Mali,,,,,,ChIJz3MQG4g-FA4RgM-9oOJbOrs,2020-02-20,0,0,0,-1,4,1
ML,Mali,,,,,,ChIJz3MQG4g-FA4RgM-9oOJbOrs,2020-02-21,5,-4,-2,-4,4,1
ML,Mali,,,,,,ChIJz3MQG4g-FA4RgM-9oOJbOrs,2020-02-22,5,-4,-5,-5,5,0
ML,Mali,,,,,,ChIJz3MQG4g-FA4RgM-9oOJbOrs,2020-02-23,0,-3,-9,-4,2,1
ML,Mali,,,,,,ChIJz3MQG4g-FA4RgM-9oOJbOrs,2020-02-24,4,2,2,2,5,0
ML,Mali,,,,,,ChIJz3MQG4g-FA4RgM-9oOJbOrs,2020-02-25,4,1,4,4,5,0
ML,Mali,,,,,,ChIJz3MQG4g-FA4RgM-9oOJbOrs,2020-02-26,2,1,6,-1,6,0
ML,Mali,,,,,,ChIJz3MQG4g-FA4RgM-9oOJbOrs,2020-02-27,3,1,1,0,5,1
ML,Mali,,,,,,ChIJz3MQG4g-FA4RgM-9oOJbOrs,2020-02-28,5,-3,1,-2,5,1
ML,Mali,,,,,,ChIJz3MQG4g-FA4RgM-9oOJbOrs,2020-02-29,6,-4,0,-3,6,0
ML,Mali,,,,,,ChIJz3MQG4g-FA4RgM-9oOJbOrs,2020-03-01,1,-2,2,-2,6,1
ML,Mali,,,,,,ChIJz3MQG4g-FA4RgM-9oOJbOrs,2020-03-02,10,3,3,0,8,0
ML,Mali,,,,,,ChIJz3MQG4g-FA4RgM-9oOJbOrs,2020-03-03,6,-1,5,0,7,0
ML,Mali,,,,,,ChIJz3MQG4g-FA4RgM-9oOJbOrs,2020-03-04,5,1,5,-2,7,1
ML,Mali,,,,,,ChIJz3MQG4g-FA4RgM-9oOJbOrs,2020-03-05,3,1,4,-2,7,0
ML,Mali,,,,,,ChIJz3MQG4g-FA4RgM-9oOJbOrs,2020-03-06,5,-2,9,-2,7,0
ML,Mali,,,,,,ChIJz3MQG4g-FA4RgM-9oOJbOrs,2020-03-07,6,1,12,-7,7,0
ML,Mali,,,,,,ChIJz3MQG4g-FA4RgM-9oOJbOrs,2020-03-08,2,1,2,-5,8,1
ML,Mali,,,,,,ChIJz3MQG4g-FA4RgM-9oOJbOrs,2020-03-09,6,2,6,-4,7,0
ML,Mali,,,,,,ChIJz3MQG4g-FA4RgM-9oOJbOrs,2020-03-10,3,-2,8,3,7,0
ML,Mali,,,,,,ChIJz3MQG4g-FA4RgM-9oOJbOrs,2020-03-11,1,1,7,-4,7,0
ML,Mali,,,,,,ChIJz3MQG4g-FA4RgM-9oOJbOrs,2020-03-12,0,-1,9,-7,6,0
ML,Mali,,,,,,ChIJz3MQG4g-FA4RgM-9oOJbOrs,2020-03-13,0,-3,2,-7,6,1
ML,Mali,,,,,,ChIJz3MQG4g-FA4RgM-9oOJbOrs,2020-03-14,-2,-6,1,-14,5,0
ML,Mali,,,,,,ChIJz3MQG4g-FA4RgM-9oOJbOrs,2020-03-15,-4,-4,-1,-15,6,0
ML,Mali,,,,,,ChIJz3MQG4g-FA4RgM-9oOJbOrs,2020-03-16,1,-4,4,-7,5,0
ML,Mali,,,,,,ChIJz3MQG4g-FA4RgM-9oOJbOrs,2020-03-17,-1,-7,6,-8,4,0
ML,Mali,,,,,,ChIJz3MQG4g-FA4RgM-9oOJbOrs,2020-03-18,-3,-1,4,-9,4,1
ML,Mali,,,,,,ChIJz3MQG4g-FA4RgM-9oOJbOrs,2020-03-19,-6,-1,-1,-13,-2,3
ML,Mali,,,,,,ChIJz3MQG4g-FA4RgM-9oOJbOrs,2020-03-20,-7,-8,-2,-10,-2,4
ML,Mali,,,,,,ChIJz3MQG4g-FA4RgM-9oOJbOrs,2020-03-21,-9,-8,-4,-20,-1,3
ML,Mali,,,,,,ChIJz3MQG4g-FA4RgM-9oOJbOrs,2020-03-22,-11,-7,-5,-26,1,2
ML,Mali,,,,,,ChIJz3MQG4g-FA4RgM-9oOJbOrs,2020-03-23,-3,-3,5,-17,-2,4
ML,Mali,,,,,,ChIJz3MQG4g-FA4RgM-9oOJbOrs,2020-03-24,-5,-6,8,-14,-3,4
ML,Mali,,,,,,ChIJz3MQG4g-FA4RgM-9oOJbOrs,2020-03-25,-7,0,3,-16,-4,5
ML,Mali,,,,,,ChIJz3MQG4g-FA4RgM-9oOJbOrs,2020-03-26,-25,-9,-7,-29,-34,15
ML,Mali,,,,,,ChIJz3MQG4g-FA4RgM-9oOJbOrs,2020-03-27,-19,-16,-6,-25,-9,12
ML,Mali,,,,,,ChIJz3MQG4g-FA4RgM-9oOJbOrs,2020-03-28,-23,-19,-12,-30,-4,10
ML,Mali,,,,,,ChIJz3MQG4g-FA4RgM-9oOJbOrs,2020-03-29,-25,-18,-12,-36,0,9
ML,Mali,,,,,,ChIJz3MQG4g-FA4RgM-9oOJbOrs,2020-03-30,-14,-12,-2,-25,-9,10
ML,Mali,,,,,,ChIJz3MQG4g-FA4RgM-9oOJbOrs,2020-03-31,-16,-16,-4,-26,-10,10
ML,Mali,,,,,,ChIJz3MQG4g-FA4RgM-9oOJbOrs,2020-04-01,-19,-12,-4,-32,-11,11
ML,Mali,,,,,,ChIJz3MQG4g-FA4RgM-9oOJbOrs,2020-04-02,-20,-13,-6,-24,-12,11
ML,Mali,,,,,,ChIJz3MQG4g-FA4RgM-9oOJbOrs,2020-04-03,-21,-19,-11,-31,-11,11
ML,Mali,,,,,,ChIJz3MQG4g-FA4RgM-9oOJbOrs,2020-04-04,-23,-19,-15,-31,-4,9
ML,Mali,,,,,,ChIJz3MQG4g-FA4RgM-9oOJbOrs,2020-04-05,-24,-17,-16,-38,0,8
ML,Mali,,,,,,ChIJz3MQG4g-FA4RgM-9oOJbOrs,2020-04-06,-15,-12,-3,-29,-10,10
ML,Mali,,,,,,ChIJz3MQG4g-FA4RgM-9oOJbOrs,2020-04-07,-15,-14,-1,-28,-11,9
ML,Mali,,,,,,ChIJz3MQG4g-FA4RgM-9oOJbOrs,2020-04-08,-18,-12,-2,-34,-13,10
ML,Mali,,,,,,ChIJz3MQG4g-FA4RgM-9oOJbOrs,2020-04-09,-18,-12,-4,-34,-13,11
ML,Mali,,,,,,ChIJz3MQG4g-FA4RgM-9oOJbOrs,2020-04-10,-19,-16,-8,-32,-12,12
ML,Mali,,,,,,ChIJz3MQG4g-FA4RgM-9oOJbOrs,2020-04-11,-22,-17,-10,-33,-4,10
ML,Mali,,,,,,ChIJz3MQG4g-FA4RgM-9oOJbOrs,2020-04-12,-22,-17,-11,-38,0,8
ML,Mali,,,,,,ChIJz3MQG4g-FA4RgM-9oOJbOrs,2020-04-13,-24,-16,-10,-38,-37,17
ML,Mali,,,,,,ChIJz3MQG4g-FA4RgM-9oOJbOrs,2020-04-14,-18,-17,-6,-32,-12,12
ML,Mali,,,,,,ChIJz3MQG4g-FA4RgM-9oOJbOrs,2020-04-15,-18,-13,-6,-30,-12,11
ML,Mali,,,,,,ChIJz3MQG4g-FA4RgM-9oOJbOrs,2020-04-16,-18,-11,-4,-33,-12,10
ML,Mali,,,,,,ChIJz3MQG4g-FA4RgM-9oOJbOrs,2020-04-17,-20,-17,-10,-36,-12,11
ML,Mali,,,,,,ChIJz3MQG4g-FA4RgM-9oOJbOrs,2020-04-18,-21,-19,-16,-42,-4,9
ML,Mali,,,,,,ChIJz3MQG4g-FA4RgM-9oOJbOrs,2020-04-19,-21,-17,-14,-44,-1,7
ML,Mali,,,,,,ChIJz3MQG4g-FA4RgM-9oOJbOrs,2020-04-20,-11,-10,-3,-34,-10,10
ML,Mali,,,,,,ChIJz3MQG4g-FA4RgM-9oOJbOrs,2020-04-21,-16,-15,0,-33,-12,9
ML,Mali,,,,,,ChIJz3MQG4g-FA4RgM-9oOJbOrs,2020-04-22,-17,-10,-7,-38,-11,9
ML,Mali,,,,,,ChIJz3MQG4g-FA4RgM-9oOJbOrs,2020-04-23,-14,-7,-3,-33,-11,9
ML,Mali,,,,,,ChIJz3MQG4g-FA4RgM-9oOJbOrs,2020-04-24,-26,-22,-17,-40,-14,14
ML,Mali,,,,,,ChIJz3MQG4g-FA4RgM-9oOJbOrs,2020-04-25,-29,-26,-21,-42,-6,13
ML,Mali,,,,,,ChIJz3MQG4g-FA4RgM-9oOJbOrs,2020-04-26,-33,-28,-22,-47,5,14
ML,Mali,,,,,,ChIJz3MQG4g-FA4RgM-9oOJbOrs,2020-04-27,-23,-22,-11,-39,-12,13
ML,Mali,,,,,,ChIJz3MQG4g-FA4RgM-9oOJbOrs,2020-04-28,-24,-22,-8,-37,-14,12
ML,Mali,,,,,,ChIJz3MQG4g-FA4RgM-9oOJbOrs,2020-04-29,-25,-18,-10,-40,-12,14
ML,Mali,,,,,,ChIJz3MQG4g-FA4RgM-9oOJbOrs,2020-04-30,-22,-17,-5,-40,-12,14
ML,Mali,,,,,,ChIJz3MQG4g-FA4RgM-9oOJbOrs,2020-05-01,-34,-27,-16,-50,-34,19
ML,Mali,,,,,,ChIJz3MQG4g-FA4RgM-9oOJbOrs,2020-05-02,-27,-26,-17,-46,-3,12
ML,Mali,,,,,,ChIJz3MQG4g-FA4RgM-9oOJbOrs,2020-05-03,-31,-27,-24,-51,8,12
ML,Mali,,,,,,ChIJz3MQG4g-FA4RgM-9oOJbOrs,2020-05-04,-20,-20,-7,-40,-9,12
ML,Mali,,,,,,ChIJz3MQG4g-FA4RgM-9oOJbOrs,2020-05-05,-20,-21,-1,-39,-12,11
ML,Mali,,,,,,ChIJz3MQG4g-FA4RgM-9oOJbOrs,2020-05-06,-23,-16,-9,-40,-10,12
ML,Mali,,,,,,ChIJz3MQG4g-FA4RgM-9oOJbOrs,2020-05-07,-20,-13,-6,-39,-9,12
ML,Mali,,,,,,ChIJz3MQG4g-FA4RgM-9oOJbOrs,2020-05-08,-21,-18,-6,-37,-8,12
ML,Mali,,,,,,ChIJz3MQG4g-FA4RgM-9oOJbOrs,2020-05-09,-19,-16,-7,-36,6,8
ML,Mali,,,,,,ChIJz3MQG4g-FA4RgM-9oOJbOrs,2020-05-10,-18,-12,-13,-36,19,9
ML,Mali,,,,,,ChIJz3MQG4g-FA4RgM-9oOJbOrs,2020-05-11,-9,-6,1,-33,-5,10
ML,Mali,,,,,,ChIJz3MQG4g-FA4RgM-9oOJbOrs,2020-05-12,-13,-13,-1,-37,-7,9
ML,Mali,,,,,,ChIJz3MQG4g-FA4RgM-9oOJbOrs,2020-05-13,-17,-13,-3,-35,-8,10
ML,Mali,,,,,,ChIJz3MQG4g-FA4RgM-9oOJbOrs,2020-05-14,-13,-7,-6,-33,-8,8
ML,Mali,,,,,,ChIJz3MQG4g-FA4RgM-9oOJbOrs,2020-05-15,-12,-12,-1,-28,-6,11
ML,Mali,,,,,,ChIJz3MQG4g-FA4RgM-9oOJbOrs,2020-05-16,-14,-15,-8,-35,6,10
ML,Mali,,,,,,ChIJz3MQG4g-FA4RgM-9oOJbOrs,2020-05-17,-17,-17,-16,-34,24,9
ML,Mali,,,,,,ChIJz3MQG4g-FA4RgM-9oOJbOrs,2020-05-18,-8,-7,0,-33,-5,9
ML,Mali,,,,,,ChIJz3MQG4g-FA4RgM-9oOJbOrs,2020-05-19,-11,-8,1,-26,-9,8
ML,Mali,,,,,,ChIJz3MQG4g-FA4RgM-9oOJbOrs,2020-05-20,-19,-9,-7,-35,-30,14
ML,Mali,,,,,,ChIJz3MQG4g-FA4RgM-9oOJbOrs,2020-05-21,-6,0,-2,-19,-8,7
ML,Mali,,,,,,ChIJz3MQG4g-FA4RgM-9oOJbOrs,2020-05-22,2,9,0,-16,-11,5
ML,Mali,,,,,,ChIJz3MQG4g-FA4RgM-9oOJbOrs,2020-05-23,-17,-14,1,-51,-42,8
ML,Mali,,,,,,ChIJz3MQG4g-FA4RgM-9oOJbOrs,2020-05-24,0,-4,5,-38,-2,5
ML,Mali,,,,,,ChIJz3MQG4g-FA4RgM-9oOJbOrs,2020-05-25,-11,-5,4,-41,-47,14
ML,Mali,,,,,,ChIJz3MQG4g-FA4RgM-9oOJbOrs,2020-05-26,-5,-7,11,-28,-10,8
ML,Mali,,,,,,ChIJz3MQG4g-FA4RgM-9oOJbOrs,2020-05-27,-10,-6,5,-31,-10,9
ML,Mali,,,,,,ChIJz3MQG4g-FA4RgM-9oOJbOrs,2020-05-28,-6,-3,3,-25,-6,7
ML,Mali,,,,,,ChIJz3MQG4g-FA4RgM-9oOJbOrs,2020-05-29,-5,-6,1,-28,-4,8
ML,Mali,,,,,,ChIJz3MQG4g-FA4RgM-9oOJbOrs,2020-05-30,-5,-8,-6,-34,5,5
ML,Mali,,,,,,ChIJz3MQG4g-FA4RgM-9oOJbOrs,2020-05-31,-10,-12,-6,-36,10,6
ML,Mali,,,,,,ChIJz3MQG4g-FA4RgM-9oOJbOrs,2020-06-01,2,1,7,-27,-2,5
ML,Mali,,,,,,ChIJz3MQG4g-FA4RgM-9oOJbOrs,2020-06-02,-6,-7,8,-31,-3,6
ML,Mali,,,,,,ChIJz3MQG4g-FA4RgM-9oOJbOrs,2020-06-03,-2,0,4,-29,-2,6
ML,Mali,,,,,,ChIJz3MQG4g-FA4RgM-9oOJbOrs,2020-06-04,-1,1,5,-26,-2,5
ML,Mali,,,,,,ChIJz3MQG4g-FA4RgM-9oOJbOrs,2020-06-05,-15,-11,-1,-40,-11,11
ML,Mali,,,,,,ChIJz3MQG4g-FA4RgM-9oOJbOrs,2020-06-06,-3,-3,-2,-34,9,4
ML,Mali,,,,,,ChIJz3MQG4g-FA4RgM-9oOJbOrs,2020-06-07,-6,-5,-4,-34,14,4
ML,Mali,,,,,,ChIJz3MQG4g-FA4RgM-9oOJbOrs,2020-06-08,2,5,6,-31,1,4
ML,Mali,,,,,,ChIJz3MQG4g-FA4RgM-9oOJbOrs,2020-06-09,-4,-3,5,-31,-1,5
ML,Mali,,,,,,ChIJz3MQG4g-FA4RgM-9oOJbOrs,2020-06-10,-3,1,4,-31,-1,6
ML,Mali,,,,,,ChIJz3MQG4g-FA4RgM-9oOJbOrs,2020-06-11,-1,0,2,-29,-1,5
ML,Mali,,,,,,ChIJz3MQG4g-FA4RgM-9oOJbOrs,2020-06-12,-4,-5,0,-35,0,6
ML,Mali,,,,,,ChIJz3MQG4g-FA4RgM-9oOJbOrs,2020-06-13,-1,-5,0,-33,9,4
ML,Mali,,,,,,ChIJz3MQG4g-FA4RgM-9oOJbOrs,2020-06-14,-9,-9,-8,-39,13,5
ML,Mali,,,,,,ChIJz3MQG4g-FA4RgM-9oOJbOrs,2020-06-15,6,3,8,-28,0,5
ML,Mali,,,,,,ChIJz3MQG4g-FA4RgM-9oOJbOrs,2020-06-16,1,-5,6,-28,-1,5
ML,Mali,,,,,,ChIJz3MQG4g-FA4RgM-9oOJbOrs,2020-06-17,-1,-2,6,-31,-3,5
ML,Mali,,,,,,ChIJz3MQG4g-FA4RgM-9oOJbOrs,2020-06-18,-7,-8,-6,-35,-5,7
ML,Mali,,,,,,ChIJz3MQG4g-FA4RgM-9oOJbOrs,2020-06-19,-7,-11,-2,-34,-10,9
ML,Mali,,,,,,ChIJz3MQG4g-FA4RgM-9oOJbOrs,2020-06-20,1,-6,-1,-34,7,4
ML,Mali,,,,,,ChIJz3MQG4g-FA4RgM-9oOJbOrs,2020-06-21,-2,-7,-6,-34,15,4
ML,Mali,,,,,,ChIJz3MQG4g-FA4RgM-9oOJbOrs,2020-06-22,4,0,5,-28,-2,5
ML,Mali,,,,,,ChIJz3MQG4g-FA4RgM-9oOJbOrs,2020-06-23,1,-5,1,-28,-5,5
ML,Mali,,,,,,ChIJz3MQG4g-FA4RgM-9oOJbOrs,2020-06-24,-5,-7,-2,-33,-5,6
ML,Mali,,,,,,ChIJz3MQG4g-FA4RgM-9oOJbOrs,2020-06-25,1,0,1,-30,-3,4
ML,Mali,,,,,,ChIJz3MQG4g-FA4RgM-9oOJbOrs,2020-06-26,-5,-9,-4,-29,-5,6
ML,Mali,,,,,,ChIJz3MQG4g-FA4RgM-9oOJbOrs,2020-06-27,4,-3,-7,-33,5,2
ML,Mali,,,,,,ChIJz3MQG4g-FA4RgM-9oOJbOrs,2020-06-28,4,-3,-4,-32,9,3
ML,Mali,,,,,,ChIJz3MQG4g-FA4RgM-9oOJbOrs,2020-06-29,2,-2,1,-27,-3,5
ML,Mali,,,,,,ChIJz3MQG4g-FA4RgM-9oOJbOrs,2020-06-30,5,-1,4,-20,-3,4
ML,Mali,,,,,,ChIJz3MQG4g-FA4RgM-9oOJbOrs,2020-07-01,1,1,3,-26,-3,5
ML,Mali,,,,,,ChIJz3MQG4g-FA4RgM-9oOJbOrs,2020-07-02,0,1,3,-21,-4,5
ML,Mali,,,,,,ChIJz3MQG4g-FA4RgM-9oOJbOrs,2020-07-03,4,-3,-1,-25,-2,4
ML,Mali,,,,,,ChIJz3MQG4g-FA4RgM-9oOJbOrs,2020-07-04,4,-1,-3,-27,6,3
ML,Mali,,,,,,ChIJz3MQG4g-FA4RgM-9oOJbOrs,2020-07-05,1,-5,-4,-30,9,5
ML,Mali,,,,,,ChIJz3MQG4g-FA4RgM-9oOJbOrs,2020-07-06,7,4,4,-21,-3,4
ML,Mali,,,,,,ChIJz3MQG4g-FA4RgM-9oOJbOrs,2020-07-07,-1,-6,6,-27,-5,4
ML,Mali,,,,,,ChIJz3MQG4g-FA4RgM-9oOJbOrs,2020-07-08,1,1,1,-29,-3,4
ML,Mali,,,,,,ChIJz3MQG4g-FA4RgM-9oOJbOrs,2020-07-09,3,3,1,-26,-3,4
ML,Mali,,,,,,ChIJz3MQG4g-FA4RgM-9oOJbOrs,2020-07-10,-13,-10,-3,-34,-15,11
ML,Mali,,,,,,ChIJz3MQG4g-FA4RgM-9oOJbOrs,2020-07-11,-16,-14,-9,-43,-5,10
ML,Mali,,,,,,ChIJz3MQG4g-FA4RgM-9oOJbOrs,2020-07-12,-6,-7,-7,-37,9,5
ML,Mali,,,,,,ChIJz3MQG4g-FA4RgM-9oOJbOrs,2020-07-13,-12,-5,-5,-39,-18,12
ML,Mali,,,,,,ChIJz3MQG4g-FA4RgM-9oOJbOrs,2020-07-14,2,-1,3,-28,-6,6
ML,Mali,,,,,,ChIJz3MQG4g-FA4RgM-9oOJbOrs,2020-07-15,2,5,1,-24,-2,5
ML,Mali,,,,,,ChIJz3MQG4g-FA4RgM-9oOJbOrs,2020-07-16,-5,-3,-6,-28,-5,8
ML,Mali,,,,,,ChIJz3MQG4g-FA4RgM-9oOJbOrs,2020-07-17,-2,-5,-3,-26,-5,8
ML,Mali,,,,,,ChIJz3MQG4g-FA4RgM-9oOJbOrs,2020-07-18,-5,-8,-10,-35,5,7
ML,Mali,,,,,,ChIJz3MQG4g-FA4RgM-9oOJbOrs,2020-07-19,2,-1,-5,-29,17,3
ML,Mali,,,,,,ChIJz3MQG4g-FA4RgM-9oOJbOrs,2020-07-20,-8,-5,-2,-33,-11,11
ML,Mali,,,,,,ChIJz3MQG4g-FA4RgM-9oOJbOrs,2020-07-21,1,-3,2,-24,-6,5
ML,Mali,,,,,,ChIJz3MQG4g-FA4RgM-9oOJbOrs,2020-07-22,-5,-2,-7,-29,-6,7
ML,Mali,,,,,,ChIJz3MQG4g-FA4RgM-9oOJbOrs,2020-07-23,2,2,-2,-24,-4,4
ML,Mali,,,,,,ChIJz3MQG4g-FA4RgM-9oOJbOrs,2020-07-24,0,-6,-6,-29,-5,6
ML,Mali,,,,,,ChIJz3MQG4g-FA4RgM-9oOJbOrs,2020-07-25,4,-2,-5,-25,5,4
ML,Mali,,,,,,ChIJz3MQG4g-FA4RgM-9oOJbOrs,2020-07-26,0,-4,-13,-30,17,4
ML,Mali,,,,,,ChIJz3MQG4g-FA4RgM-9oOJbOrs,2020-07-27,1,-3,-5,-28,-9,7
ML,Mali,,,,,,ChIJz3MQG4g-FA4RgM-9oOJbOrs,2020-07-28,9,4,-1,-17,-10,3
ML,Mali,,,,,,ChIJz3MQG4g-FA4RgM-9oOJbOrs,2020-07-29,4,9,-6,-12,-17,4
ML,Mali,,,,,,ChIJz3MQG4g-FA4RgM-9oOJbOrs,2020-07-30,8,18,-4,-16,-27,4
ML,Mali,,,,,,ChIJz3MQG4g-FA4RgM-9oOJbOrs,2020-07-31,-30,-30,-13,-57,-69,16
ML,Mali,,,,,,ChIJz3MQG4g-FA4RgM-9oOJbOrs,2020-08-01,-15,-22,-4,-48,-50,11
ML,Mali,,,,,,ChIJz3MQG4g-FA4RgM-9oOJbOrs,2020-08-02,1,-11,2,-32,-14,4
ML,Mali,,,,,,ChIJz3MQG4g-FA4RgM-9oOJbOrs,2020-08-03,-13,-17,-3,-41,-28,13
ML,Mali,,,,,,ChIJz3MQG4g-FA4RgM-9oOJbOrs,2020-08-04,-1,-5,6,-28,-18,6
ML,Mali,,,,,,ChIJz3MQG4g-FA4RgM-9oOJbOrs,2020-08-05,-5,-6,0,-31,-15,7
ML,Mali,,,,,,ChIJz3MQG4g-FA4RgM-9oOJbOrs,2020-08-06,1,1,0,-24,-12,4
ML,Mali,,,,,,ChIJz3MQG4g-FA4RgM-9oOJbOrs,2020-08-07,-4,-11,-4,-27,-10,6
ML,Mali,,,,,,ChIJz3MQG4g-FA4RgM-9oOJbOrs,2020-08-08,1,-6,-2,-29,-3,4
ML,Mali,,,,,,ChIJz3MQG4g-FA4RgM-9oOJbOrs,2020-08-09,6,-3,3,-30,7,2
ML,Mali,,,,,,ChIJz3MQG4g-FA4RgM-9oOJbOrs,2020-08-10,8,3,6,-20,-7,2
ML,Mali,,,,,,ChIJz3MQG4g-FA4RgM-9oOJbOrs,2020-08-11,-10,-14,7,-37,-20,11
ML,Mali,,,,,,ChIJz3MQG4g-FA4RgM-9oOJbOrs,2020-08-12,-4,-3,2,-32,-11,5
ML,Mali,,,,,,ChIJz3MQG4g-FA4RgM-9oOJbOrs,2020-08-13,2,2,2,-26,-8,3
ML,Mali,,,,,,ChIJz3MQG4g-FA4RgM-9oOJbOrs,2020-08-14,2,-5,-4,-29,-7,3
ML,Mali,,,,,,ChIJz3MQG4g-FA4RgM-9oOJbOrs,2020-08-15,1,-6,-5,-26,-1,3
ML,Mali,,,,,,ChIJz3MQG4g-FA4RgM-9oOJbOrs,2020-08-16,2,-6,-1,-28,4,3
ML,Mali,,,,,,ChIJz3MQG4g-FA4RgM-9oOJbOrs,2020-08-17,,1,,,-6,2
ML,Mali,,,,,,ChIJz3MQG4g-FA4RgM-9oOJbOrs,2020-08-18,-14,-12,,,-18,12
ML,Mali,,,,,,ChIJz3MQG4g-FA4RgM-9oOJbOrs,2020-08-19,-21,-10,,,-28,15
ML,Mali,,,,,,ChIJz3MQG4g-FA4RgM-9oOJbOrs,2020-08-20,-8,-7,,,-11,8
ML,Mali,,,,,,ChIJz3MQG4g-FA4RgM-9oOJbOrs,2020-08-21,-5,-12,,,-11,8
ML,Mali,,,,,,ChIJz3MQG4g-FA4RgM-9oOJbOrs,2020-08-22,-8,-16,,,-1,8
ML,Mali,,,,,,ChIJz3MQG4g-FA4RgM-9oOJbOrs,2020-08-23,,-12,,,9,5
ML,Mali,,,,,,ChIJz3MQG4g-FA4RgM-9oOJbOrs,2020-08-24,,-8,,,-4,5
ML,Mali,,,,,,ChIJz3MQG4g-FA4RgM-9oOJbOrs,2020-08-25,-5,-8,,,-9,7
ML,Mali,,,,,,ChIJz3MQG4g-FA4RgM-9oOJbOrs,2020-08-26,1,0,,,-5,5
ML,Mali,,,,,,ChIJz3MQG4g-FA4RgM-9oOJbOrs,2020-08-27,-4,-4,,,-8,6
ML,Mali,,,,,,ChIJz3MQG4g-FA4RgM-9oOJbOrs,2020-08-28,0,-8,,,-8,6
ML,Mali,,,,,,ChIJz3MQG4g-FA4RgM-9oOJbOrs,2020-08-29,-6,-13,,,-1,7
ML,Mali,,,,,,ChIJz3MQG4g-FA4RgM-9oOJbOrs,2020-08-30,,-18,,,4,5
ML,Mali,,,,,,ChIJz3MQG4g-FA4RgM-9oOJbOrs,2020-08-31,1,-16,,,-7,7
ML,Mali,,,,,,ChIJz3MQG4g-FA4RgM-9oOJbOrs,2020-09-01,3,-5,,,-8,5
ML,Mali,,,,,,ChIJz3MQG4g-FA4RgM-9oOJbOrs,2020-09-02,2,-5,,,-6,5
ML,Mali,,,,,,ChIJz3MQG4g-FA4RgM-9oOJbOrs,2020-09-03,1,-3,,,-9,7
ML,Mali,,,,,,ChIJz3MQG4g-FA4RgM-9oOJbOrs,2020-09-04,1,-7,,,-7,7
ML,Mali,,,,,,ChIJz3MQG4g-FA4RgM-9oOJbOrs,2020-09-05,8,-1,,,1,5
ML,Mali,,,,,,ChIJz3MQG4g-FA4RgM-9oOJbOrs,2020-09-06,,-20,,,2,5
ML,Mali,,,,,,ChIJz3MQG4g-FA4RgM-9oOJbOrs,2020-09-07,,-10,,,-6,4
ML,Mali,,,,,,ChIJz3MQG4g-FA4RgM-9oOJbOrs,2020-09-08,6,-1,,,-8,5
ML,Mali,,,,,,ChIJz3MQG4g-FA4RgM-9oOJbOrs,2020-09-09,7,1,,,-5,5
ML,Mali,,,,,,ChIJz3MQG4g-FA4RgM-9oOJbOrs,2020-09-10,6,-4,,,-12,7
ML,Mali,,,,,,ChIJz3MQG4g-FA4RgM-9oOJbOrs,2020-09-11,8,-3,19,-26,-8,6
ML,Mali,,,,,,ChIJz3MQG4g-FA4RgM-9oOJbOrs,2020-09-12,8,-6,12,-23,1,6
ML,Mali,,,,,,ChIJz3MQG4g-FA4RgM-9oOJbOrs,2020-09-13,9,-24,15,-19,2,5
ML,Mali,,,,,,ChIJz3MQG4g-FA4RgM-9oOJbOrs,2020-09-14,16,-19,30,-19,-4,4
ML,Mali,,,,,,ChIJz3MQG4g-FA4RgM-9oOJbOrs,2020-09-15,13,2,34,-15,-5,4
ML,Mali,,,,,,ChIJz3MQG4g-FA4RgM-9oOJbOrs,2020-09-16,4,-5,22,-19,-7,6
ML,Mali,,,,,,ChIJz3MQG4g-FA4RgM-9oOJbOrs,2020-09-17,-6,-10,16,-26,-12,9
ML,Mali,,,,,,ChIJz3MQG4g-FA4RgM-9oOJbOrs,2020-09-18,6,-4,16,-20,-7,5
ML,Mali,,,,,,ChIJz3MQG4g-FA4RgM-9oOJbOrs,2020-09-19,14,1,23,-21,1,4
ML,Mali,,,,,,ChIJz3MQG4g-FA4RgM-9oOJbOrs,2020-09-20,7,-26,16,-21,0,6
ML,Mali,,,,,,ChIJz3MQG4g-FA4RgM-9oOJbOrs,2020-09-21,16,-18,32,-14,-7,3
ML,Mali,,,,,,ChIJz3MQG4g-FA4RgM-9oOJbOrs,2020-09-22,-9,-5,22,-30,-42,12
ML,Mali,,,,,,ChIJz3MQG4g-FA4RgM-9oOJbOrs,2020-09-23,-11,8,11,-25,-11,3
ML,Mali,,,,,,ChIJz3MQG4g-FA4RgM-9oOJbOrs,2020-09-24,-8,8,19,-28,-14,2
ML,Mali,,,,,,ChIJz3MQG4g-FA4RgM-9oOJbOrs,2020-09-25,-11,0,8,-33,-12,5
ML,Mali,,,,,,ChIJz3MQG4g-FA4RgM-9oOJbOrs,2020-09-26,-1,8,26,-28,-6,3
ML,Mali,,,,,,ChIJz3MQG4g-FA4RgM-9oOJbOrs,2020-09-27,-3,-20,23,-25,-11,3
ML,Mali,,,,,,ChIJz3MQG4g-FA4RgM-9oOJbOrs,2020-09-28,-3,-19,22,-25,-9,3
ML,Mali,,,,,,ChIJz3MQG4g-FA4RgM-9oOJbOrs,2020-09-29,-5,9,21,-25,-11,1
ML,Mali,,,,,,ChIJz3MQG4g-FA4RgM-9oOJbOrs,2020-09-30,-9,8,9,-27,-17,-3
ML,Mali,,,,,,ChIJz3MQG4g-FA4RgM-9oOJbOrs,2020-10-01,-13,4,-5,-28,-22,-8
ML,Mali,,,,,,ChIJz3MQG4g-FA4RgM-9oOJbOrs,2020-10-02,-12,-2,8,-34,-22,-7
ML,Mali,,,,,,ChIJz3MQG4g-FA4RgM-9oOJbOrs,2020-10-03,-7,2,20,-31,-18,-8
ML,Mali,,,,,,ChIJz3MQG4g-FA4RgM-9oOJbOrs,2020-10-04,-10,-25,2,-34,-23,-7
ML,Mali,,,,,,ChIJz3MQG4g-FA4RgM-9oOJbOrs,2020-10-05,-4,-21,3,-27,-21,-9
ML,Mali,,,,,,ChIJz3MQG4g-FA4RgM-9oOJbOrs,2020-10-06,-4,9,6,-22,-19,-10
ML,Mali,,,,,,ChIJz3MQG4g-FA4RgM-9oOJbOrs,2020-10-07,-7,7,2,-28,-14,-5
ML,Mali,,,,,,ChIJz3MQG4g-FA4RgM-9oOJbOrs,2020-10-08,-3,12,2,-21,-12,-2
ML,Mali,,,,,,ChIJz3MQG4g-FA4RgM-9oOJbOrs,2020-10-09,-7,1,-4,-24,-9,0
ML,Mali,,,,,,ChIJz3MQG4g-FA4RgM-9oOJbOrs,2020-10-10,-2,6,2,-31,-4,1
ML,Mali,,,,,,ChIJz3MQG4g-FA4RgM-9oOJbOrs,2020-10-11,-8,-26,-1,-29,-10,4
ML,Mali,,,,,,ChIJz3MQG4g-FA4RgM-9oOJbOrs,2020-10-12,2,-16,9,-19,-9,-1
ML,Mali,,,,,,ChIJz3MQG4g-FA4RgM-9oOJbOrs,2020-10-13,-1,10,10,-16,-9,-1
ML,Mali,,,,,,ChIJz3MQG4g-FA4RgM-9oOJbOrs,2020-10-14,-5,16,7,-12,-8,0
ML,Mali,,,,,,ChIJz3MQG4g-FA4RgM-9oOJbOrs,2020-10-15,-8,13,-2,-16,-12,1
ML,Mali,,,,,,ChIJz3MQG4g-FA4RgM-9oOJbOrs,2020-10-16,-7,9,-1,-16,-9,1
ML,Mali,,,,,,ChIJz3MQG4g-FA4RgM-9oOJbOrs,2020-10-17,-6,11,2,-15,-4,1
ML,Mali,,,,,,ChIJz3MQG4g-FA4RgM-9oOJbOrs,2020-10-18,-9,-23,-1,-17,-8,2
ML,Mali,,,,,,ChIJz3MQG4g-FA4RgM-9oOJbOrs,2020-10-19,-5,-18,6,-14,-9,1
ML,Mali,,,,,,ChIJz3MQG4g-FA4RgM-9oOJbOrs,2020-10-20,-5,10,9,-16,-9,0
ML,Mali,,,,,,ChIJz3MQG4g-FA4RgM-9oOJbOrs,2020-10-21,-6,15,10,-21,-8,1
ML,Mali,,,,,,ChIJz3MQG4g-FA4RgM-9oOJbOrs,2020-10-22,-1,22,13,-20,-10,0
ML,Mali,,,,,,ChIJz3MQG4g-FA4RgM-9oOJbOrs,2020-10-23,1,19,9,-19,-8,1
ML,Mali,,,,,,ChIJz3MQG4g-FA4RgM-9oOJbOrs,2020-10-24,6,22,17,-22,-2,0
ML,Mali,,,,,,ChIJz3MQG4g-FA4RgM-9oOJbOrs,2020-10-25,1,-14,12,-17,-7,1
ML,Mali,,,,,,ChIJz3MQG4g-FA4RgM-9oOJbOrs,2020-10-26,6,-11,17,-17,-5,0
ML,Mali,,,,,,ChIJz3MQG4g-FA4RgM-9oOJbOrs,2020-10-27,1,20,20,-13,-7,0
ML,Mali,,,,,,ChIJz3MQG4g-FA4RgM-9oOJbOrs,2020-10-28,2,19,17,-9,-8,-1
ML,Mali,,,,,,ChIJz3MQG4g-FA4RgM-9oOJbOrs,2020-10-29,-17,2,-5,-25,-45,9
ML,Mali,,,,,,ChIJz3MQG4g-FA4RgM-9oOJbOrs,2020-10-30,-6,5,5,-12,-10,1
ML,Mali,,,,,,ChIJz3MQG4g-FA4RgM-9oOJbOrs,2020-10-31,-3,10,7,-17,-4,1
ML,Mali,,,,,,ChIJz3MQG4g-FA4RgM-9oOJbOrs,2020-11-01,-5,-23,4,-14,-11,2
ML,Mali,,,,,,ChIJz3MQG4g-FA4RgM-9oOJbOrs,2020-11-02,2,-15,12,-7,-8,-1
ML,Mali,,,,,,ChIJz3MQG4g-FA4RgM-9oOJbOrs,2020-11-03,4,20,20,-7,-10,-2
ML,Mali,,,,,,ChIJz3MQG4g-FA4RgM-9oOJbOrs,2020-11-04,-12,6,4,-21,-42,9
ML,Mali,,,,,,ChIJz3MQG4g-FA4RgM-9oOJbOrs,2020-11-05,-6,13,9,-7,-10,-1
ML,Mali,,,,,,ChIJz3MQG4g-FA4RgM-9oOJbOrs,2020-11-06,-7,6,26,-11,-8,-1
ML,Mali,,,,,,ChIJz3MQG4g-FA4RgM-9oOJbOrs,2020-11-07,-2,9,39,-14,-3,-1
ML,Mali,,,,,,ChIJz3MQG4g-FA4RgM-9oOJbOrs,2020-11-08,-7,-26,18,-14,-10,1
ML,Mali,,,,,,ChIJz3MQG4g-FA4RgM-9oOJbOrs,2020-11-09,-3,-19,16,-7,-8,-1
ML,Mali,,,,,,ChIJz3MQG4g-FA4RgM-9oOJbOrs,2020-11-10,-4,13,13,-10,-8,-1
ML,Mali,,,,,,ChIJz3MQG4g-FA4RgM-9oOJbOrs,2020-11-11,-5,18,13,-7,-7,0
ML,Mali,,,,,,ChIJz3MQG4g-FA4RgM-9oOJbOrs,2020-11-12,-5,16,7,-9,-11,0
ML,Mali,,,,,,ChIJz3MQG4g-FA4RgM-9oOJbOrs,2020-11-13,-6,10,10,-13,-7,0
ML,Mali,,,,,,ChIJz3MQG4g-FA4RgM-9oOJbOrs,2020-11-14,0,13,8,-17,-1,-1
ML,Mali,,,,,,ChIJz3MQG4g-FA4RgM-9oOJbOrs,2020-11-15,-8,-24,6,-15,-9,1
ML,Mali,,,,,,ChIJz3MQG4g-FA4RgM-9oOJbOrs,2020-11-16,-3,-18,17,-11,-6,-1
ML,Mali,,,,,,ChIJz3MQG4g-FA4RgM-9oOJbOrs,2020-11-17,-7,9,9,-16,-7,0
ML,Mali,,,,,,ChIJz3MQG4g-FA4RgM-9oOJbOrs,2020-11-18,-11,11,3,-14,-11,2
ML,Mali,,,,,,ChIJz3MQG4g-FA4RgM-9oOJbOrs,2020-11-19,-10,9,5,-18,-16,2
ML,Mali,,,,,,ChIJz3MQG4g-FA4RgM-9oOJbOrs,2020-11-20,-10,7,5,-15,-13,2
ML,Mali,,,,,,ChIJz3MQG4g-FA4RgM-9oOJbOrs,2020-11-21,-1,11,10,-17,3,0
ML,Mali,,,,,,ChIJz3MQG4g-FA4RgM-9oOJbOrs,2020-11-22,-9,-26,6,-19,-7,1
ML,Mali,,,,,,ChIJz3MQG4g-FA4RgM-9oOJbOrs,2020-11-23,-3,-18,20,-11,-4,0
ML,Mali,,,,,,ChIJz3MQG4g-FA4RgM-9oOJbOrs,2020-11-24,-3,13,21,-14,-4,0
ML,Mali,,,,,,ChIJz3MQG4g-FA4RgM-9oOJbOrs,2020-11-25,-4,16,19,-9,-3,1
ML,Mali,,,,,,ChIJz3MQG4g-FA4RgM-9oOJbOrs,2020-11-26,-3,17,14,-4,-7,0
ML,Mali,,,,,,ChIJz3MQG4g-FA4RgM-9oOJbOrs,2020-11-27,-6,8,11,-9,-5,0
ML,Mali,,,,,,ChIJz3MQG4g-FA4RgM-9oOJbOrs,2020-11-28,0,13,18,-13,3,0
ML,Mali,,,,,,ChIJz3MQG4g-FA4RgM-9oOJbOrs,2020-11-29,-2,-22,19,-16,-6,1
ML,Mali,,,,,,ChIJz3MQG4g-FA4RgM-9oOJbOrs,2020-11-30,3,-16,21,-5,-4,0
ML,Mali,,,,,,ChIJz3MQG4g-FA4RgM-9oOJbOrs,2020-12-01,1,15,25,-5,-5,0
ML,Mali,,,,,,ChIJz3MQG4g-FA4RgM-9oOJbOrs,2020-12-02,0,22,24,-2,-4,1
ML,Mali,,,,,,ChIJz3MQG4g-FA4RgM-9oOJbOrs,2020-12-03,0,22,19,-5,-8,0
ML,Mali,,,,,,ChIJz3MQG4g-FA4RgM-9oOJbOrs,2020-12-04,-2,14,29,-6,-6,0
ML,Mali,,,,,,ChIJz3MQG4g-FA4RgM-9oOJbOrs,2020-12-05,4,16,35,-8,2,-1
ML,Mali,,,,,,ChIJz3MQG4g-FA4RgM-9oOJbOrs,2020-12-06,-1,-19,21,-14,-6,0
ML,Mali,,,,,,ChIJz3MQG4g-FA4RgM-9oOJbOrs,2020-12-07,2,-14,22,-8,-7,0
ML,Mali,,,,,,ChIJz3MQG4g-FA4RgM-9oOJbOrs,2020-12-08,-1,16,22,-5,-5,1
ML,Mali,,,,,,ChIJz3MQG4g-FA4RgM-9oOJbOrs,2020-12-09,-2,18,17,-2,-7,3
ML,Mali,,,,,,ChIJz3MQG4g-FA4RgM-9oOJbOrs,2020-12-10,-1,22,16,1,-12,4
ML,Mali,,,,,,ChIJz3MQG4g-FA4RgM-9oOJbOrs,2020-12-11,-1,17,12,3,-11,4
ML,Mali,,,,,,ChIJz3MQG4g-FA4RgM-9oOJbOrs,2020-12-12,1,20,22,-4,-3,2
ML,Mali,,,,,,ChIJz3MQG4g-FA4RgM-9oOJbOrs,2020-12-13,-4,-18,24,-5,-11,2
ML,Mali,,,,,,ChIJz3MQG4g-FA4RgM-9oOJbOrs,2020-12-14,1,-11,24,1,-17,5
ML,Mali,,,,,,ChIJz3MQG4g-FA4RgM-9oOJbOrs,2020-12-15,-1,19,23,4,-17,4
ML,Mali,,,,,,ChIJz3MQG4g-FA4RgM-9oOJbOrs,2020-12-16,-6,20,19,1,-18,6
ML,Mali,,,,,,ChIJz3MQG4g-FA4RgM-9oOJbOrs,2020-12-17,-7,17,15,-2,-22,6
ML,Mali,,,,,,ChIJz3MQG4g-FA4RgM-9oOJbOrs,2020-12-18,-9,13,10,-2,-20,7
ML,Mali,,,,,,ChIJz3MQG4g-FA4RgM-9oOJbOrs,2020-12-19,-1,21,22,-6,-4,3
ML,Mali,,,,,,ChIJz3MQG4g-FA4RgM-9oOJbOrs,2020-12-20,-4,-15,16,-1,-13,3
ML,Mali,,,,,,ChIJz3MQG4g-FA4RgM-9oOJbOrs,2020-12-21,0,-10,24,6,-13,4
ML,Mali,,,,,,ChIJz3MQG4g-FA4RgM-9oOJbOrs,2020-12-22,-2,21,31,4,-13,4
ML,Mali,,,,,,ChIJz3MQG4g-FA4RgM-9oOJbOrs,2020-12-23,-2,28,26,8,-13,5
ML,Mali,,,,,,ChIJz3MQG4g-FA4RgM-9oOJbOrs,2020-12-24,3,34,27,8,-17,4
ML,Mali,,,,,,ChIJz3MQG4g-FA4RgM-9oOJbOrs,2020-12-25,-13,15,10,-7,-40,10
ML,Mali,,,,,,ChIJz3MQG4g-FA4RgM-9oOJbOrs,2020-12-26,-2,22,22,-2,-6,4
ML,Mali,,,,,,ChIJz3MQG4g-FA4RgM-9oOJbOrs,2020-12-27,-1,-11,24,1,-11,2
ML,Mali,,,,,,ChIJz3MQG4g-FA4RgM-9oOJbOrs,2020-12-28,3,-8,30,6,-14,4
ML,Mali,,,,,,ChIJz3MQG4g-FA4RgM-9oOJbOrs,2020-12-29,0,25,34,8,-14,4
ML,Mali,,,,,,ChIJz3MQG4g-FA4RgM-9oOJbOrs,2020-12-30,2,36,32,16,-12,4
ML,Mali,,,,,,ChIJz3MQG4g-FA4RgM-9oOJbOrs,2020-12-31,7,46,47,11,-18,3
ML,Mali,,,,,,ChIJz3MQG4g-FA4RgM-9oOJbOrs,2021-01-01,-19,2,15,-23,-51,15
ML,Mali,,,,,,ChIJz3MQG4g-FA4RgM-9oOJbOrs,2021-01-02,-3,19,19,-7,-7,5
ML,Mali,,,,,,ChIJz3MQG4g-FA4RgM-9oOJbOrs,2021-01-03,-6,-15,18,2,-5,4
ML,Mali,,,,,,ChIJz3MQG4g-FA4RgM-9oOJbOrs,2021-01-04,8,-5,31,16,-9,3
ML,Mali,,,,,,ChIJz3MQG4g-FA4RgM-9oOJbOrs,2021-01-05,3,25,32,5,-9,3
ML,Mali,,,,,,ChIJz3MQG4g-FA4RgM-9oOJbOrs,2021-01-06,2,29,29,2,-7,5
ML,Mali,,,,,,ChIJz3MQG4g-FA4RgM-9oOJbOrs,2021-01-07,2,29,27,2,-10,5
ML,Mali,,,,,,ChIJz3MQG4g-FA4RgM-9oOJbOrs,2021-01-08,2,22,18,-4,-9,4
ML,Mali,,,,,,ChIJz3MQG4g-FA4RgM-9oOJbOrs,2021-01-09,7,27,21,-13,2,0
ML,Mali,,,,,,ChIJz3MQG4g-FA4RgM-9oOJbOrs,2021-01-10,4,-15,15,-6,-5,1
ML,Mali,,,,,,ChIJz3MQG4g-FA4RgM-9oOJbOrs,2021-01-11,11,-8,32,-4,-7,2
ML,Mali,,,,,,ChIJz3MQG4g-FA4RgM-9oOJbOrs,2021-01-12,6,20,32,-7,-8,2
ML,Mali,,,,,,ChIJz3MQG4g-FA4RgM-9oOJbOrs,2021-01-13,1,23,21,-6,-9,2
ML,Mali,,,,,,ChIJz3MQG4g-FA4RgM-9oOJbOrs,2021-01-14,0,21,17,-10,-15,2
ML,Mali,,,,,,ChIJz3MQG4g-FA4RgM-9oOJbOrs,2021-01-15,-4,12,7,-13,-16,2
ML,Mali,,,,,,ChIJz3MQG4g-FA4RgM-9oOJbOrs,2021-01-16,-2,14,9,-19,-7,2
ML,Mali,,,,,,ChIJz3MQG4g-FA4RgM-9oOJbOrs,2021-01-17,-5,-21,12,-15,-10,2
ML,Mali,,,,,,ChIJz3MQG4g-FA4RgM-9oOJbOrs,2021-01-18,3,-14,28,-11,-12,3
ML,Mali,,,,,,ChIJz3MQG4g-FA4RgM-9oOJbOrs,2021-01-19,1,17,31,-11,-12,2
ML,Mali,,,,,,ChIJz3MQG4g-FA4RgM-9oOJbOrs,2021-01-20,-9,14,21,-17,-36,11
ML,Mali,,,,,,ChIJz3MQG4g-FA4RgM-9oOJbOrs,2021-01-21,2,23,27,-7,-13,3
ML,Mali,,,,,,ChIJz3MQG4g-FA4RgM-9oOJbOrs,2021-01-22,-1,16,31,-9,-11,3
ML,Mali,,,,,,ChIJz3MQG4g-FA4RgM-9oOJbOrs,2021-01-23,5,21,32,-15,-1,1
ML,Mali,,,,,,ChIJz3MQG4g-FA4RgM-9oOJbOrs,2021-01-24,3,-15,36,-4,-6,1
ML,Mali,,,,,,ChIJz3MQG4g-FA4RgM-9oOJbOrs,2021-01-25,8,-7,46,-6,-8,-1
ML,Mali,,,,,,ChIJz3MQG4g-FA4RgM-9oOJbOrs,2021-01-26,5,20,50,-7,-7,0
ML,Mali,,,,,,ChIJz3MQG4g-FA4RgM-9oOJbOrs,2021-01-27,4,29,38,-4,-6,0
ML,Mali,,,,,,ChIJz3MQG4g-FA4RgM-9oOJbOrs,2021-01-28,5,31,35,-4,-10,-1
ML,Mali,,,,,,ChIJz3MQG4g-FA4RgM-9oOJbOrs,2021-01-29,5,21,26,-4,-10,-4
ML,Mali,,,,,,ChIJz3MQG4g-FA4RgM-9oOJbOrs,2021-01-30,9,27,20,-4,-5,-6
ML,Mali,,,,,,ChIJz3MQG4g-FA4RgM-9oOJbOrs,2021-01-31,2,-12,25,2,-12,-4
ML,Mali,,,,,,ChIJz3MQG4g-FA4RgM-9oOJbOrs,2021-02-01,12,-5,37,6,-9,-7
ML,Mali,,,,,,ChIJz3MQG4g-FA4RgM-9oOJbOrs,2021-02-02,9,30,41,0,-10,-8
ML,Mali,,,,,,ChIJz3MQG4g-FA4RgM-9oOJbOrs,2021-02-03,-1,23,29,-4,-12,-6
ML,Mali,,,,,,ChIJz3MQG4g-FA4RgM-9oOJbOrs,2021-02-04,-4,20,25,-10,-17,-7
ML,Mali,,,,,,ChIJz3MQG4g-FA4RgM-9oOJbOrs,2021-02-05,-3,14,43,-11,-16,-8
ML,Mali,,,,,,ChIJz3MQG4g-FA4RgM-9oOJbOrs,2021-02-06,1,15,47,-20,-12,-7
ML,Mali,,,,,,ChIJz3MQG4g-FA4RgM-9oOJbOrs,2021-02-07,-12,-25,27,-16,-22,-3
ML,Mali,,,,,,ChIJz3MQG4g-FA4RgM-9oOJbOrs,2021-02-08,4,-13,40,-12,-15,-8
ML,Mali,,,,,,ChIJz3MQG4g-FA4RgM-9oOJbOrs,2021-02-09,3,24,41,-12,-14,-8
ML,Mali,,,,,,ChIJz3MQG4g-FA4RgM-9oOJbOrs,2021-02-10,1,28,31,-8,-11,-7
ML,Mali,,,,,,ChIJz3MQG4g-FA4RgM-9oOJbOrs,2021-02-11,0,24,23,-10,-15,-7
ML,Mali,,,,,,ChIJz3MQG4g-FA4RgM-9oOJbOrs,2021-02-12,-1,15,13,-12,-16,-9
ML,Mali,,,,,,ChIJz3MQG4g-FA4RgM-9oOJbOrs,2021-02-13,2,17,17,-16,-13,-9
ML,Mali,,,,,,ChIJz3MQG4g-FA4RgM-9oOJbOrs,2021-02-14,1,-16,22,-15,-21,-7
ML,Mali,,,,,,ChIJz3MQG4g-FA4RgM-9oOJbOrs,2021-02-15,5,-12,24,-7,-15,-9
ML,Mali,,,,,,ChIJz3MQG4g-FA4RgM-9oOJbOrs,2021-02-16,3,22,24,-14,-15,-10
ML,Mali,,,,,,ChIJz3MQG4g-FA4RgM-9oOJbOrs,2021-02-17,-1,21,20,-14,-15,-7
ML,Mali,,,,,,ChIJz3MQG4g-FA4RgM-9oOJbOrs,2021-02-18,2,25,17,-8,-17,-8
ML,Mali,,,,,,ChIJz3MQG4g-FA4RgM-9oOJbOrs,2021-02-19,1,14,14,-13,-14,-9
ML,Mali,,,,,,ChIJz3MQG4g-FA4RgM-9oOJbOrs,2021-02-20,7,20,18,-15,-10,-9
ML,Mali,,,,,,ChIJz3MQG4g-FA4RgM-9oOJbOrs,2021-02-21,0,-17,18,-14,-19,-6
ML,Mali,,,,,,ChIJz3MQG4g-FA4RgM-9oOJbOrs,2021-02-22,6,-11,27,-5,-11,-9
ML,Mali,,,,,,ChIJz3MQG4g-FA4RgM-9oOJbOrs,2021-02-23,5,22,29,-9,-12,-9
ML,Mali,,,,,,ChIJz3MQG4g-FA4RgM-9oOJbOrs,2021-02-24,4,27,24,-7,-10,-8
ML,Mali,,,,,,ChIJz3MQG4g-FA4RgM-9oOJbOrs,2021-02-25,4,26,24,-3,-14,-8
ML,Mali,,,,,,ChIJz3MQG4g-FA4RgM-9oOJbOrs,2021-02-26,2,19,47,-3,-13,-9
ML,Mali,,,,,,ChIJz3MQG4g-FA4RgM-9oOJbOrs,2021-02-27,10,25,83,-9,-9,-9
ML,Mali,,,,,,ChIJz3MQG4g-FA4RgM-9oOJbOrs,2021-02-28,4,-11,52,-5,-19,-8
ML,Mali,,,,,,ChIJz3MQG4g-FA4RgM-9oOJbOrs,2021-03-01,9,-6,27,1,-11,-10
ML,Mali,,,,,,ChIJz3MQG4g-FA4RgM-9oOJbOrs,2021-03-02,7,25,29,-8,-11,-10
ML,Mali,,,,,,ChIJz3MQG4g-FA4RgM-9oOJbOrs,2021-03-03,6,30,33,-2,-10,-8
ML,Mali,,,,,,ChIJz3MQG4g-FA4RgM-9oOJbOrs,2021-03-04,5,26,27,-4,-13,-8
ML,Mali,,,,,,ChIJz3MQG4g-FA4RgM-9oOJbOrs,2021-03-05,6,19,37,-7,-12,-10
ML,Mali,,,Bamako Metropolitan Area,,,ChIJaf_bnsLNUQ4RUNiQnsuXQg8,2020-02-15,0,-6,-1,-4,2,1
ML,Mali,,,Bamako Metropolitan Area,,,ChIJaf_bnsLNUQ4RUNiQnsuXQg8,2020-02-16,-4,-6,-11,-3,2,1
ML,Mali,,,Bamako Metropolitan Area,,,ChIJaf_bnsLNUQ4RUNiQnsuXQg8,2020-02-17,-1,-4,-6,9,4,1
ML,Mali,,,Bamako Metropolitan Area,,,ChIJaf_bnsLNUQ4RUNiQnsuXQg8,2020-02-18,-2,-8,-10,3,4,1
ML,Mali,,,Bamako Metropolitan Area,,,ChIJaf_bnsLNUQ4RUNiQnsuXQg8,2020-02-19,-5,-4,0,1,3,1
ML,Mali,,,Bamako Metropolitan Area,,,ChIJaf_bnsLNUQ4RUNiQnsuXQg8,2020-02-20,-3,-3,-11,-4,3,2
ML,Mali,,,Bamako Metropolitan Area,,,ChIJaf_bnsLNUQ4RUNiQnsuXQg8,2020-02-21,3,-9,-3,-6,3,1
ML,Mali,,,Bamako Metropolitan Area,,,ChIJaf_bnsLNUQ4RUNiQnsuXQg8,2020-02-22,4,-9,-10,-13,3,1
ML,Mali,,,Bamako Metropolitan Area,,,ChIJaf_bnsLNUQ4RUNiQnsuXQg8,2020-02-23,1,-7,-14,-7,2,1
ML,Mali,,,Bamako Metropolitan Area,,,ChIJaf_bnsLNUQ4RUNiQnsuXQg8,2020-02-24,0,-2,-8,-2,5,1
ML,Mali,,,Bamako Metropolitan Area,,,ChIJaf_bnsLNUQ4RUNiQnsuXQg8,2020-02-25,3,-4,-7,-3,4,1
ML,Mali,,,Bamako Metropolitan Area,,,ChIJaf_bnsLNUQ4RUNiQnsuXQg8,2020-02-26,0,-1,2,-2,5,1
ML,Mali,,,Bamako Metropolitan Area,,,ChIJaf_bnsLNUQ4RUNiQnsuXQg8,2020-02-27,1,-2,1,-5,4,1
ML,Mali,,,Bamako Metropolitan Area,,,ChIJaf_bnsLNUQ4RUNiQnsuXQg8,2020-02-28,1,-9,-1,-7,4,1
ML,Mali,,,Bamako Metropolitan Area,,,ChIJaf_bnsLNUQ4RUNiQnsuXQg8,2020-02-29,2,-9,-7,-13,4,0
ML,Mali,,,Bamako Metropolitan Area,,,ChIJaf_bnsLNUQ4RUNiQnsuXQg8,2020-03-01,-1,-5,1,-7,3,1
ML,Mali,,,Bamako Metropolitan Area,,,ChIJaf_bnsLNUQ4RUNiQnsuXQg8,2020-03-02,4,-2,-3,-5,7,0
ML,Mali,,,Bamako Metropolitan Area,,,ChIJaf_bnsLNUQ4RUNiQnsuXQg8,2020-03-03,3,-7,1,-8,5,1
ML,Mali,,,Bamako Metropolitan Area,,,ChIJaf_bnsLNUQ4RUNiQnsuXQg8,2020-03-04,2,-2,9,-7,5,1
ML,Mali,,,Bamako Metropolitan Area,,,ChIJaf_bnsLNUQ4RUNiQnsuXQg8,2020-03-05,0,-2,3,-9,5,1
ML,Mali,,,Bamako Metropolitan Area,,,ChIJaf_bnsLNUQ4RUNiQnsuXQg8,2020-03-06,2,-7,15,-8,5,1
ML,Mali,,,Bamako Metropolitan Area,,,ChIJaf_bnsLNUQ4RUNiQnsuXQg8,2020-03-07,3,-4,11,-15,5,1
ML,Mali,,,Bamako Metropolitan Area,,,ChIJaf_bnsLNUQ4RUNiQnsuXQg8,2020-03-08,-1,-2,-1,-10,6,1
ML,Mali,,,Bamako Metropolitan Area,,,ChIJaf_bnsLNUQ4RUNiQnsuXQg8,2020-03-09,1,-2,2,-11,6,1
ML,Mali,,,Bamako Metropolitan Area,,,ChIJaf_bnsLNUQ4RUNiQnsuXQg8,2020-03-10,-2,-8,6,-9,5,0
ML,Mali,,,Bamako Metropolitan Area,,,ChIJaf_bnsLNUQ4RUNiQnsuXQg8,2020-03-11,-3,-2,9,-12,5,1
ML,Mali,,,Bamako Metropolitan Area,,,ChIJaf_bnsLNUQ4RUNiQnsuXQg8,2020-03-12,-5,-4,9,-15,5,1
ML,Mali,,,Bamako Metropolitan Area,,,ChIJaf_bnsLNUQ4RUNiQnsuXQg8,2020-03-13,-3,-9,1,-18,4,1
ML,Mali,,,Bamako Metropolitan Area,,,ChIJaf_bnsLNUQ4RUNiQnsuXQg8,2020-03-14,-5,-10,-8,-25,3,1
ML,Mali,,,Bamako Metropolitan Area,,,ChIJaf_bnsLNUQ4RUNiQnsuXQg8,2020-03-15,-7,-8,-7,-21,4,1
ML,Mali,,,Bamako Metropolitan Area,,,ChIJaf_bnsLNUQ4RUNiQnsuXQg8,2020-03-16,-4,-9,0,-16,4,0
ML,Mali,,,Bamako Metropolitan Area,,,ChIJaf_bnsLNUQ4RUNiQnsuXQg8,2020-03-17,-4,-12,-3,-20,3,1
ML,Mali,,,Bamako Metropolitan Area,,,ChIJaf_bnsLNUQ4RUNiQnsuXQg8,2020-03-18,-6,-4,2,-15,3,2
ML,Mali,,,Bamako Metropolitan Area,,,ChIJaf_bnsLNUQ4RUNiQnsuXQg8,2020-03-19,-9,-4,-8,-27,-4,4
ML,Mali,,,Bamako Metropolitan Area,,,ChIJaf_bnsLNUQ4RUNiQnsuXQg8,2020-03-20,-11,-14,-7,-21,-5,5
ML,Mali,,,Bamako Metropolitan Area,,,ChIJaf_bnsLNUQ4RUNiQnsuXQg8,2020-03-21,-13,-13,-26,-38,-3,5
ML,Mali,,,Bamako Metropolitan Area,,,ChIJaf_bnsLNUQ4RUNiQnsuXQg8,2020-03-22,-15,-11,-15,-42,-1,3
ML,Mali,,,Bamako Metropolitan Area,,,ChIJaf_bnsLNUQ4RUNiQnsuXQg8,2020-03-23,-10,-8,-6,-32,-5,5
ML,Mali,,,Bamako Metropolitan Area,,,ChIJaf_bnsLNUQ4RUNiQnsuXQg8,2020-03-24,-10,-12,-8,-28,-6,6
ML,Mali,,,Bamako Metropolitan Area,,,ChIJaf_bnsLNUQ4RUNiQnsuXQg8,2020-03-25,-11,-5,-8,-30,-6,7
ML,Mali,,,Bamako Metropolitan Area,,,ChIJaf_bnsLNUQ4RUNiQnsuXQg8,2020-03-26,-32,-15,-30,-44,-38,19
ML,Mali,,,Bamako Metropolitan Area,,,ChIJaf_bnsLNUQ4RUNiQnsuXQg8,2020-03-27,-26,-23,-28,-38,-13,15
ML,Mali,,,Bamako Metropolitan Area,,,ChIJaf_bnsLNUQ4RUNiQnsuXQg8,2020-03-28,-29,-25,-40,-46,-6,13
ML,Mali,,,Bamako Metropolitan Area,,,ChIJaf_bnsLNUQ4RUNiQnsuXQg8,2020-03-29,-31,-23,-33,-54,-2,11
ML,Mali,,,Bamako Metropolitan Area,,,ChIJaf_bnsLNUQ4RUNiQnsuXQg8,2020-03-30,-21,-18,-18,-36,-12,13
ML,Mali,,,Bamako Metropolitan Area,,,ChIJaf_bnsLNUQ4RUNiQnsuXQg8,2020-03-31,-23,-22,-23,-37,-14,13
ML,Mali,,,Bamako Metropolitan Area,,,ChIJaf_bnsLNUQ4RUNiQnsuXQg8,2020-04-01,-24,-16,-18,-44,-15,13
ML,Mali,,,Bamako Metropolitan Area,,,ChIJaf_bnsLNUQ4RUNiQnsuXQg8,2020-04-02,-25,-17,-25,-34,-15,14
ML,Mali,,,Bamako Metropolitan Area,,,ChIJaf_bnsLNUQ4RUNiQnsuXQg8,2020-04-03,-26,-25,-27,-41,-15,15
ML,Mali,,,Bamako Metropolitan Area,,,ChIJaf_bnsLNUQ4RUNiQnsuXQg8,2020-04-04,-29,-25,-37,-46,-8,12
ML,Mali,,,Bamako Metropolitan Area,,,ChIJaf_bnsLNUQ4RUNiQnsuXQg8,2020-04-05,-30,-23,-42,-52,-3,10
ML,Mali,,,Bamako Metropolitan Area,,,ChIJaf_bnsLNUQ4RUNiQnsuXQg8,2020-04-06,-22,-17,-18,-40,-14,13
ML,Mali,,,Bamako Metropolitan Area,,,ChIJaf_bnsLNUQ4RUNiQnsuXQg8,2020-04-07,-21,-20,-20,-39,-15,12
ML,Mali,,,Bamako Metropolitan Area,,,ChIJaf_bnsLNUQ4RUNiQnsuXQg8,2020-04-08,-23,-15,-17,-46,-17,13
ML,Mali,,,Bamako Metropolitan Area,,,ChIJaf_bnsLNUQ4RUNiQnsuXQg8,2020-04-09,-24,-16,-22,-46,-17,15
ML,Mali,,,Bamako Metropolitan Area,,,ChIJaf_bnsLNUQ4RUNiQnsuXQg8,2020-04-10,-25,-23,-22,-44,-16,15
ML,Mali,,,Bamako Metropolitan Area,,,ChIJaf_bnsLNUQ4RUNiQnsuXQg8,2020-04-11,-28,-24,-35,-46,-7,13
ML,Mali,,,Bamako Metropolitan Area,,,ChIJaf_bnsLNUQ4RUNiQnsuXQg8,2020-04-12,-28,-23,-31,-46,-3,10
ML,Mali,,,Bamako Metropolitan Area,,,ChIJaf_bnsLNUQ4RUNiQnsuXQg8,2020-04-13,-33,-20,-30,-49,-41,20
ML,Mali,,,Bamako Metropolitan Area,,,ChIJaf_bnsLNUQ4RUNiQnsuXQg8,2020-04-14,-24,-23,-19,-41,-16,15
ML,Mali,,,Bamako Metropolitan Area,,,ChIJaf_bnsLNUQ4RUNiQnsuXQg8,2020-04-15,-24,-16,-25,-38,-15,14
ML,Mali,,,Bamako Metropolitan Area,,,ChIJaf_bnsLNUQ4RUNiQnsuXQg8,2020-04-16,-25,-15,-24,-44,-15,14
ML,Mali,,,Bamako Metropolitan Area,,,ChIJaf_bnsLNUQ4RUNiQnsuXQg8,2020-04-17,-27,-25,-29,-48,-16,15
ML,Mali,,,Bamako Metropolitan Area,,,ChIJaf_bnsLNUQ4RUNiQnsuXQg8,2020-04-18,-27,-25,-39,-50,-7,12
ML,Mali,,,Bamako Metropolitan Area,,,ChIJaf_bnsLNUQ4RUNiQnsuXQg8,2020-04-19,-26,-21,-35,-53,-2,9
ML,Mali,,,Bamako Metropolitan Area,,,ChIJaf_bnsLNUQ4RUNiQnsuXQg8,2020-04-20,-19,-16,-21,-40,-14,13
ML,Mali,,,Bamako Metropolitan Area,,,ChIJaf_bnsLNUQ4RUNiQnsuXQg8,2020-04-21,-22,-21,-21,-41,-15,12
ML,Mali,,,Bamako Metropolitan Area,,,ChIJaf_bnsLNUQ4RUNiQnsuXQg8,2020-04-22,-21,-14,-24,-43,-15,12
ML,Mali,,,Bamako Metropolitan Area,,,ChIJaf_bnsLNUQ4RUNiQnsuXQg8,2020-04-23,-19,-11,-20,-39,-15,12
ML,Mali,,,Bamako Metropolitan Area,,,ChIJaf_bnsLNUQ4RUNiQnsuXQg8,2020-04-24,-31,-27,-35,-45,-18,18
ML,Mali,,,Bamako Metropolitan Area,,,ChIJaf_bnsLNUQ4RUNiQnsuXQg8,2020-04-25,-36,-32,-44,-51,-10,16
ML,Mali,,,Bamako Metropolitan Area,,,ChIJaf_bnsLNUQ4RUNiQnsuXQg8,2020-04-26,-40,-33,-47,-52,1,17
ML,Mali,,,Bamako Metropolitan Area,,,ChIJaf_bnsLNUQ4RUNiQnsuXQg8,2020-04-27,-30,-27,-30,-44,-16,16
ML,Mali,,,Bamako Metropolitan Area,,,ChIJaf_bnsLNUQ4RUNiQnsuXQg8,2020-04-28,-32,-31,-31,-46,-18,16
ML,Mali,,,Bamako Metropolitan Area,,,ChIJaf_bnsLNUQ4RUNiQnsuXQg8,2020-04-29,-32,-26,-30,-47,-17,16
ML,Mali,,,Bamako Metropolitan Area,,,ChIJaf_bnsLNUQ4RUNiQnsuXQg8,2020-04-30,-30,-24,-26,-48,-16,16
ML,Mali,,,Bamako Metropolitan Area,,,ChIJaf_bnsLNUQ4RUNiQnsuXQg8,2020-05-01,-39,-33,-37,-55,-39,23
ML,Mali,,,Bamako Metropolitan Area,,,ChIJaf_bnsLNUQ4RUNiQnsuXQg8,2020-05-02,-33,-31,-40,-54,-7,15
ML,Mali,,,Bamako Metropolitan Area,,,ChIJaf_bnsLNUQ4RUNiQnsuXQg8,2020-05-03,-36,-31,-50,-56,4,15
ML,Mali,,,Bamako Metropolitan Area,,,ChIJaf_bnsLNUQ4RUNiQnsuXQg8,2020-05-04,-26,-25,-24,-46,-14,15
ML,Mali,,,Bamako Metropolitan Area,,,ChIJaf_bnsLNUQ4RUNiQnsuXQg8,2020-05-05,-25,-27,-20,-44,-16,14
ML,Mali,,,Bamako Metropolitan Area,,,ChIJaf_bnsLNUQ4RUNiQnsuXQg8,2020-05-06,-27,-21,-23,-46,-14,15
ML,Mali,,,Bamako Metropolitan Area,,,ChIJaf_bnsLNUQ4RUNiQnsuXQg8,2020-05-07,-26,-20,-23,-48,-13,16
ML,Mali,,,Bamako Metropolitan Area,,,ChIJaf_bnsLNUQ4RUNiQnsuXQg8,2020-05-08,-27,-25,-27,-46,-13,16
ML,Mali,,,Bamako Metropolitan Area,,,ChIJaf_bnsLNUQ4RUNiQnsuXQg8,2020-05-09,-25,-24,-31,-46,0,13
ML,Mali,,,Bamako Metropolitan Area,,,ChIJaf_bnsLNUQ4RUNiQnsuXQg8,2020-05-10,-22,-17,-35,-48,17,11
ML,Mali,,,Bamako Metropolitan Area,,,ChIJaf_bnsLNUQ4RUNiQnsuXQg8,2020-05-11,-15,-13,-18,-42,-11,12
ML,Mali,,,Bamako Metropolitan Area,,,ChIJaf_bnsLNUQ4RUNiQnsuXQg8,2020-05-12,-18,-19,-22,-50,-11,12
ML,Mali,,,Bamako Metropolitan Area,,,ChIJaf_bnsLNUQ4RUNiQnsuXQg8,2020-05-13,-23,-19,-17,-46,-12,13
ML,Mali,,,Bamako Metropolitan Area,,,ChIJaf_bnsLNUQ4RUNiQnsuXQg8,2020-05-14,-19,-15,-23,-44,-12,13
ML,Mali,,,Bamako Metropolitan Area,,,ChIJaf_bnsLNUQ4RUNiQnsuXQg8,2020-05-15,-20,-22,-19,-37,-11,13
ML,Mali,,,Bamako Metropolitan Area,,,ChIJaf_bnsLNUQ4RUNiQnsuXQg8,2020-05-16,-22,-24,-37,-49,1,12
ML,Mali,,,Bamako Metropolitan Area,,,ChIJaf_bnsLNUQ4RUNiQnsuXQg8,2020-05-17,-21,-22,-39,-43,24,11
ML,Mali,,,Bamako Metropolitan Area,,,ChIJaf_bnsLNUQ4RUNiQnsuXQg8,2020-05-18,-15,-13,-12,-39,-9,12
ML,Mali,,,Bamako Metropolitan Area,,,ChIJaf_bnsLNUQ4RUNiQnsuXQg8,2020-05-19,-17,-15,-17,-34,-14,11
ML,Mali,,,Bamako Metropolitan Area,,,ChIJaf_bnsLNUQ4RUNiQnsuXQg8,2020-05-20,-24,-15,-29,-39,-36,17
ML,Mali,,,Bamako Metropolitan Area,,,ChIJaf_bnsLNUQ4RUNiQnsuXQg8,2020-05-21,-11,-7,-18,-21,-13,10
ML,Mali,,,Bamako Metropolitan Area,,,ChIJaf_bnsLNUQ4RUNiQnsuXQg8,2020-05-22,-5,0,-14,-18,-16,7
ML,Mali,,,Bamako Metropolitan Area,,,ChIJaf_bnsLNUQ4RUNiQnsuXQg8,2020-05-23,-24,-22,-18,-62,-50,11
ML,Mali,,,Bamako Metropolitan Area,,,ChIJaf_bnsLNUQ4RUNiQnsuXQg8,2020-05-24,-4,-10,-8,-44,-3,7
ML,Mali,,,Bamako Metropolitan Area,,,ChIJaf_bnsLNUQ4RUNiQnsuXQg8,2020-05-25,-20,-14,-20,-50,-54,18
ML,Mali,,,Bamako Metropolitan Area,,,ChIJaf_bnsLNUQ4RUNiQnsuXQg8,2020-05-26,-10,-14,-10,-34,-15,10
ML,Mali,,,Bamako Metropolitan Area,,,ChIJaf_bnsLNUQ4RUNiQnsuXQg8,2020-05-27,-15,-13,-13,-37,-15,11
ML,Mali,,,Bamako Metropolitan Area,,,ChIJaf_bnsLNUQ4RUNiQnsuXQg8,2020-05-28,-12,-9,-15,-31,-11,10
ML,Mali,,,Bamako Metropolitan Area,,,ChIJaf_bnsLNUQ4RUNiQnsuXQg8,2020-05-29,-11,-15,-21,-35,-9,10
ML,Mali,,,Bamako Metropolitan Area,,,ChIJaf_bnsLNUQ4RUNiQnsuXQg8,2020-05-30,-10,-14,-27,-40,0,7
ML,Mali,,,Bamako Metropolitan Area,,,ChIJaf_bnsLNUQ4RUNiQnsuXQg8,2020-05-31,-16,-18,-31,-46,5,8
ML,Mali,,,Bamako Metropolitan Area,,,ChIJaf_bnsLNUQ4RUNiQnsuXQg8,2020-06-01,-5,-7,-15,-34,-6,8
ML,Mali,,,Bamako Metropolitan Area,,,ChIJaf_bnsLNUQ4RUNiQnsuXQg8,2020-06-02,-11,-15,-18,-38,-7,9
ML,Mali,,,Bamako Metropolitan Area,,,ChIJaf_bnsLNUQ4RUNiQnsuXQg8,2020-06-03,-7,-6,-14,-34,-6,8
ML,Mali,,,Bamako Metropolitan Area,,,ChIJaf_bnsLNUQ4RUNiQnsuXQg8,2020-06-04,-8,-6,-13,-33,-5,7
ML,Mali,,,Bamako Metropolitan Area,,,ChIJaf_bnsLNUQ4RUNiQnsuXQg8,2020-06-05,-23,-21,-19,-48,-17,15
ML,Mali,,,Bamako Metropolitan Area,,,ChIJaf_bnsLNUQ4RUNiQnsuXQg8,2020-06-06,-9,-11,-22,-42,6,6
ML,Mali,,,Bamako Metropolitan Area,,,ChIJaf_bnsLNUQ4RUNiQnsuXQg8,2020-06-07,-12,-12,-25,-41,10,5
ML,Mali,,,Bamako Metropolitan Area,,,ChIJaf_bnsLNUQ4RUNiQnsuXQg8,2020-06-08,-5,-3,-13,-35,-4,6
ML,Mali,,,Bamako Metropolitan Area,,,ChIJaf_bnsLNUQ4RUNiQnsuXQg8,2020-06-09,-10,-12,-15,-37,-5,8
ML,Mali,,,Bamako Metropolitan Area,,,ChIJaf_bnsLNUQ4RUNiQnsuXQg8,2020-06-10,-8,-5,-6,-37,-5,8
ML,Mali,,,Bamako Metropolitan Area,,,ChIJaf_bnsLNUQ4RUNiQnsuXQg8,2020-06-11,-7,-6,-13,-36,-5,7
ML,Mali,,,Bamako Metropolitan Area,,,ChIJaf_bnsLNUQ4RUNiQnsuXQg8,2020-06-12,-8,-13,-13,-41,-4,8
ML,Mali,,,Bamako Metropolitan Area,,,ChIJaf_bnsLNUQ4RUNiQnsuXQg8,2020-06-13,-6,-13,-24,-42,5,6
ML,Mali,,,Bamako Metropolitan Area,,,ChIJaf_bnsLNUQ4RUNiQnsuXQg8,2020-06-14,-15,-17,-27,-48,8,7
ML,Mali,,,Bamako Metropolitan Area,,,ChIJaf_bnsLNUQ4RUNiQnsuXQg8,2020-06-15,-1,-5,-2,-33,-4,7
ML,Mali,,,Bamako Metropolitan Area,,,ChIJaf_bnsLNUQ4RUNiQnsuXQg8,2020-06-16,-5,-12,-10,-35,-5,7
ML,Mali,,,Bamako Metropolitan Area,,,ChIJaf_bnsLNUQ4RUNiQnsuXQg8,2020-06-17,-6,-8,-5,-38,-6,7
ML,Mali,,,Bamako Metropolitan Area,,,ChIJaf_bnsLNUQ4RUNiQnsuXQg8,2020-06-18,-11,-12,-12,-43,-9,9
ML,Mali,,,Bamako Metropolitan Area,,,ChIJaf_bnsLNUQ4RUNiQnsuXQg8,2020-06-19,-14,-18,-14,-41,-17,13
ML,Mali,,,Bamako Metropolitan Area,,,ChIJaf_bnsLNUQ4RUNiQnsuXQg8,2020-06-20,-3,-13,-19,-45,4,6
ML,Mali,,,Bamako Metropolitan Area,,,ChIJaf_bnsLNUQ4RUNiQnsuXQg8,2020-06-21,-7,-14,-22,-44,11,6
ML,Mali,,,Bamako Metropolitan Area,,,ChIJaf_bnsLNUQ4RUNiQnsuXQg8,2020-06-22,-2,-6,-7,-31,-6,7
ML,Mali,,,Bamako Metropolitan Area,,,ChIJaf_bnsLNUQ4RUNiQnsuXQg8,2020-06-23,-5,-13,-12,-35,-8,8
ML,Mali,,,Bamako Metropolitan Area,,,ChIJaf_bnsLNUQ4RUNiQnsuXQg8,2020-06-24,-10,-12,-15,-37,-8,9
ML,Mali,,,Bamako Metropolitan Area,,,ChIJaf_bnsLNUQ4RUNiQnsuXQg8,2020-06-25,-3,-4,-9,-37,-6,7
ML,Mali,,,Bamako Metropolitan Area,,,ChIJaf_bnsLNUQ4RUNiQnsuXQg8,2020-06-26,-11,-16,-15,-34,-8,9
ML,Mali,,,Bamako Metropolitan Area,,,ChIJaf_bnsLNUQ4RUNiQnsuXQg8,2020-06-27,-1,-10,-22,-41,1,5
ML,Mali,,,Bamako Metropolitan Area,,,ChIJaf_bnsLNUQ4RUNiQnsuXQg8,2020-06-28,0,-8,-12,-43,6,4
ML,Mali,,,Bamako Metropolitan Area,,,ChIJaf_bnsLNUQ4RUNiQnsuXQg8,2020-06-29,-4,-8,-8,-29,-7,8
ML,Mali,,,Bamako Metropolitan Area,,,ChIJaf_bnsLNUQ4RUNiQnsuXQg8,2020-06-30,0,-9,-7,-25,-6,6
ML,Mali,,,Bamako Metropolitan Area,,,ChIJaf_bnsLNUQ4RUNiQnsuXQg8,2020-07-01,-2,-5,-4,-32,-7,7
ML,Mali,,,Bamako Metropolitan Area,,,ChIJaf_bnsLNUQ4RUNiQnsuXQg8,2020-07-02,-4,-5,-5,-28,-7,7
ML,Mali,,,Bamako Metropolitan Area,,,ChIJaf_bnsLNUQ4RUNiQnsuXQg8,2020-07-03,0,-11,-8,-31,-6,7
ML,Mali,,,Bamako Metropolitan Area,,,ChIJaf_bnsLNUQ4RUNiQnsuXQg8,2020-07-04,0,-8,-18,-35,2,5
ML,Mali,,,Bamako Metropolitan Area,,,ChIJaf_bnsLNUQ4RUNiQnsuXQg8,2020-07-05,-3,-12,-14,-39,4,7
ML,Mali,,,Bamako Metropolitan Area,,,ChIJaf_bnsLNUQ4RUNiQnsuXQg8,2020-07-06,2,-3,-4,-25,-6,6
ML,Mali,,,Bamako Metropolitan Area,,,ChIJaf_bnsLNUQ4RUNiQnsuXQg8,2020-07-07,-6,-14,-5,-34,-9,7
ML,Mali,,,Bamako Metropolitan Area,,,ChIJaf_bnsLNUQ4RUNiQnsuXQg8,2020-07-08,-1,-5,-6,-35,-7,6
ML,Mali,,,Bamako Metropolitan Area,,,ChIJaf_bnsLNUQ4RUNiQnsuXQg8,2020-07-09,0,-2,-4,-33,-7,6
ML,Mali,,,Bamako Metropolitan Area,,,ChIJaf_bnsLNUQ4RUNiQnsuXQg8,2020-07-10,-21,-19,-15,-41,-22,15
ML,Mali,,,Bamako Metropolitan Area,,,ChIJaf_bnsLNUQ4RUNiQnsuXQg8,2020-07-11,-24,-23,-35,-56,-12,13
ML,Mali,,,Bamako Metropolitan Area,,,ChIJaf_bnsLNUQ4RUNiQnsuXQg8,2020-07-12,-12,-15,-24,-49,4,8
ML,Mali,,,Bamako Metropolitan Area,,,ChIJaf_bnsLNUQ4RUNiQnsuXQg8,2020-07-13,-20,-13,-19,-47,-25,16
ML,Mali,,,Bamako Metropolitan Area,,,ChIJaf_bnsLNUQ4RUNiQnsuXQg8,2020-07-14,-4,-9,-12,-38,-11,8
ML,Mali,,,Bamako Metropolitan Area,,,ChIJaf_bnsLNUQ4RUNiQnsuXQg8,2020-07-15,-2,-1,-10,-29,-6,7
ML,Mali,,,Bamako Metropolitan Area,,,ChIJaf_bnsLNUQ4RUNiQnsuXQg8,2020-07-16,-11,-8,-19,-35,-9,11
ML,Mali,,,Bamako Metropolitan Area,,,ChIJaf_bnsLNUQ4RUNiQnsuXQg8,2020-07-17,-8,-13,-17,-31,-9,11
ML,Mali,,,Bamako Metropolitan Area,,,ChIJaf_bnsLNUQ4RUNiQnsuXQg8,2020-07-18,-10,-15,-23,-43,1,9
ML,Mali,,,Bamako Metropolitan Area,,,ChIJaf_bnsLNUQ4RUNiQnsuXQg8,2020-07-19,-1,-7,-17,-37,15,4
ML,Mali,,,Bamako Metropolitan Area,,,ChIJaf_bnsLNUQ4RUNiQnsuXQg8,2020-07-20,-15,-14,-18,-38,-16,14
ML,Mali,,,Bamako Metropolitan Area,,,ChIJaf_bnsLNUQ4RUNiQnsuXQg8,2020-07-21,-3,-10,-12,-28,-9,7
ML,Mali,,,Bamako Metropolitan Area,,,ChIJaf_bnsLNUQ4RUNiQnsuXQg8,2020-07-22,-9,-7,-13,-34,-10,9
ML,Mali,,,Bamako Metropolitan Area,,,ChIJaf_bnsLNUQ4RUNiQnsuXQg8,2020-07-23,0,-1,-3,-29,-8,6
ML,Mali,,,Bamako Metropolitan Area,,,ChIJaf_bnsLNUQ4RUNiQnsuXQg8,2020-07-24,-4,-12,-16,-32,-8,8
ML,Mali,,,Bamako Metropolitan Area,,,ChIJaf_bnsLNUQ4RUNiQnsuXQg8,2020-07-25,0,-9,-12,-32,2,6
ML,Mali,,,Bamako Metropolitan Area,,,ChIJaf_bnsLNUQ4RUNiQnsuXQg8,2020-07-26,-4,-9,-24,-39,16,6
ML,Mali,,,Bamako Metropolitan Area,,,ChIJaf_bnsLNUQ4RUNiQnsuXQg8,2020-07-27,-5,-9,-17,-32,-13,9
ML,Mali,,,Bamako Metropolitan Area,,,ChIJaf_bnsLNUQ4RUNiQnsuXQg8,2020-07-28,6,-2,-5,-21,-12,4
ML,Mali,,,Bamako Metropolitan Area,,,ChIJaf_bnsLNUQ4RUNiQnsuXQg8,2020-07-29,0,5,-10,-16,-19,6
ML,Mali,,,Bamako Metropolitan Area,,,ChIJaf_bnsLNUQ4RUNiQnsuXQg8,2020-07-30,1,13,-16,-25,-29,6
ML,Mali,,,Bamako Metropolitan Area,,,ChIJaf_bnsLNUQ4RUNiQnsuXQg8,2020-07-31,-38,-37,-37,-68,-73,20
ML,Mali,,,Bamako Metropolitan Area,,,ChIJaf_bnsLNUQ4RUNiQnsuXQg8,2020-08-01,-23,-31,-23,-59,-55,15
ML,Mali,,,Bamako Metropolitan Area,,,ChIJaf_bnsLNUQ4RUNiQnsuXQg8,2020-08-02,-4,-19,-2,-46,-15,5
ML,Mali,,,Bamako Metropolitan Area,,,ChIJaf_bnsLNUQ4RUNiQnsuXQg8,2020-08-03,-23,-25,-25,-52,-32,16
ML,Mali,,,Bamako Metropolitan Area,,,ChIJaf_bnsLNUQ4RUNiQnsuXQg8,2020-08-04,-8,-13,-6,-36,-21,8
ML,Mali,,,Bamako Metropolitan Area,,,ChIJaf_bnsLNUQ4RUNiQnsuXQg8,2020-08-05,-11,-11,-11,-37,-18,8
ML,Mali,,,Bamako Metropolitan Area,,,ChIJaf_bnsLNUQ4RUNiQnsuXQg8,2020-08-06,-6,-5,-11,-30,-15,6
ML,Mali,,,Bamako Metropolitan Area,,,ChIJaf_bnsLNUQ4RUNiQnsuXQg8,2020-08-07,-12,-19,-19,-35,-14,9
ML,Mali,,,Bamako Metropolitan Area,,,ChIJaf_bnsLNUQ4RUNiQnsuXQg8,2020-08-08,-5,-13,-18,-39,-7,6
ML,Mali,,,Bamako Metropolitan Area,,,ChIJaf_bnsLNUQ4RUNiQnsuXQg8,2020-08-09,0,-9,-9,-42,2,3
ML,Mali,,,Bamako Metropolitan Area,,,ChIJaf_bnsLNUQ4RUNiQnsuXQg8,2020-08-10,1,-4,-2,-24,-11,4
ML,Mali,,,Bamako Metropolitan Area,,,ChIJaf_bnsLNUQ4RUNiQnsuXQg8,2020-08-11,-19,-22,-1,-49,-26,15
ML,Mali,,,Bamako Metropolitan Area,,,ChIJaf_bnsLNUQ4RUNiQnsuXQg8,2020-08-12,-10,-10,-7,-40,-15,7
ML,Mali,,,Bamako Metropolitan Area,,,ChIJaf_bnsLNUQ4RUNiQnsuXQg8,2020-08-13,-4,-4,-8,-33,-12,5
ML,Mali,,,Bamako Metropolitan Area,,,ChIJaf_bnsLNUQ4RUNiQnsuXQg8,2020-08-14,-4,-13,-15,-36,-11,5
ML,Mali,,,Bamako Metropolitan Area,,,ChIJaf_bnsLNUQ4RUNiQnsuXQg8,2020-08-15,-5,-12,-18,-33,-4,5
ML,Mali,,,Bamako Metropolitan Area,,,ChIJaf_bnsLNUQ4RUNiQnsuXQg8,2020-08-16,-3,-13,-12,-34,-1,5
ML,Mali,,,Bamako Metropolitan Area,,,ChIJaf_bnsLNUQ4RUNiQnsuXQg8,2020-08-17,-3,-4,,,-9,4
ML,Mali,,,Bamako Metropolitan Area,,,ChIJaf_bnsLNUQ4RUNiQnsuXQg8,2020-08-18,-25,-20,,,-24,16
ML,Mali,,,Bamako Metropolitan Area,,,ChIJaf_bnsLNUQ4RUNiQnsuXQg8,2020-08-19,-30,-19,,-55,-35,20
ML,Mali,,,Bamako Metropolitan Area,,,ChIJaf_bnsLNUQ4RUNiQnsuXQg8,2020-08-20,-15,-11,,-45,-15,10
ML,Mali,,,Bamako Metropolitan Area,,,ChIJaf_bnsLNUQ4RUNiQnsuXQg8,2020-08-21,-13,-17,,,-14,11
ML,Mali,,,Bamako Metropolitan Area,,,ChIJaf_bnsLNUQ4RUNiQnsuXQg8,2020-08-22,-17,-23,,-50,-5,10
ML,Mali,,,Bamako Metropolitan Area,,,ChIJaf_bnsLNUQ4RUNiQnsuXQg8,2020-08-23,-8,-15,,,8,6
ML,Mali,,,Bamako Metropolitan Area,,,ChIJaf_bnsLNUQ4RUNiQnsuXQg8,2020-08-24,-5,-8,,,-8,6
ML,Mali,,,Bamako Metropolitan Area,,,ChIJaf_bnsLNUQ4RUNiQnsuXQg8,2020-08-25,-15,-17,,,-12,9
ML,Mali,,,Bamako Metropolitan Area,,,ChIJaf_bnsLNUQ4RUNiQnsuXQg8,2020-08-26,-7,-8,,,-9,6
ML,Mali,,,Bamako Metropolitan Area,,,ChIJaf_bnsLNUQ4RUNiQnsuXQg8,2020-08-27,-14,-9,,,-10,9
ML,Mali,,,Bamako Metropolitan Area,,,ChIJaf_bnsLNUQ4RUNiQnsuXQg8,2020-08-28,-10,-16,,,-11,8
ML,Mali,,,Bamako Metropolitan Area,,,ChIJaf_bnsLNUQ4RUNiQnsuXQg8,2020-08-29,-17,-20,,-34,-6,9
ML,Mali,,,Bamako Metropolitan Area,,,ChIJaf_bnsLNUQ4RUNiQnsuXQg8,2020-08-30,-8,-15,,,3,6
ML,Mali,,,Bamako Metropolitan Area,,,ChIJaf_bnsLNUQ4RUNiQnsuXQg8,2020-08-31,-11,-9,,,-10,9
ML,Mali,,,Bamako Metropolitan Area,,,ChIJaf_bnsLNUQ4RUNiQnsuXQg8,2020-09-01,-6,-14,,,-10,6
ML,Mali,,,Bamako Metropolitan Area,,,ChIJaf_bnsLNUQ4RUNiQnsuXQg8,2020-09-02,-7,-10,,,-9,6
ML,Mali,,,Bamako Metropolitan Area,,,ChIJaf_bnsLNUQ4RUNiQnsuXQg8,2020-09-03,-9,-7,,,-11,8
ML,Mali,,,Bamako Metropolitan Area,,,ChIJaf_bnsLNUQ4RUNiQnsuXQg8,2020-09-04,-10,-14,,,-10,8
ML,Mali,,,Bamako Metropolitan Area,,,ChIJaf_bnsLNUQ4RUNiQnsuXQg8,2020-09-05,-2,-8,,-36,-3,6
ML,Mali,,,Bamako Metropolitan Area,,,ChIJaf_bnsLNUQ4RUNiQnsuXQg8,2020-09-06,-6,-15,,,2,6
ML,Mali,,,Bamako Metropolitan Area,,,ChIJaf_bnsLNUQ4RUNiQnsuXQg8,2020-09-07,-2,-1,,,-9,5
ML,Mali,,,Bamako Metropolitan Area,,,ChIJaf_bnsLNUQ4RUNiQnsuXQg8,2020-09-08,-5,-9,,,-11,6
ML,Mali,,,Bamako Metropolitan Area,,,ChIJaf_bnsLNUQ4RUNiQnsuXQg8,2020-09-09,-5,-8,,,-9,6
ML,Mali,,,Bamako Metropolitan Area,,,ChIJaf_bnsLNUQ4RUNiQnsuXQg8,2020-09-10,-7,-6,,,-12,9
ML,Mali,,,Bamako Metropolitan Area,,,ChIJaf_bnsLNUQ4RUNiQnsuXQg8,2020-09-11,-6,-10,23,-32,-10,8
ML,Mali,,,Bamako Metropolitan Area,,,ChIJaf_bnsLNUQ4RUNiQnsuXQg8,2020-09-12,-5,-14,11,-30,-4,8
ML,Mali,,,Bamako Metropolitan Area,,,ChIJaf_bnsLNUQ4RUNiQnsuXQg8,2020-09-13,-4,-12,17,-22,5,5
ML,Mali,,,Bamako Metropolitan Area,,,ChIJaf_bnsLNUQ4RUNiQnsuXQg8,2020-09-14,1,-4,37,-24,-5,5
ML,Mali,,,Bamako Metropolitan Area,,,ChIJaf_bnsLNUQ4RUNiQnsuXQg8,2020-09-15,-1,-7,42,-20,-7,5
ML,Mali,,,Bamako Metropolitan Area,,,ChIJaf_bnsLNUQ4RUNiQnsuXQg8,2020-09-16,-9,-14,30,-22,-11,8
ML,Mali,,,Bamako Metropolitan Area,,,ChIJaf_bnsLNUQ4RUNiQnsuXQg8,2020-09-17,-18,-16,21,-33,-12,10
ML,Mali,,,Bamako Metropolitan Area,,,ChIJaf_bnsLNUQ4RUNiQnsuXQg8,2020-09-18,-7,-10,16,-26,-9,6
ML,Mali,,,Bamako Metropolitan Area,,,ChIJaf_bnsLNUQ4RUNiQnsuXQg8,2020-09-19,1,-6,27,-27,-3,5
ML,Mali,,,Bamako Metropolitan Area,,,ChIJaf_bnsLNUQ4RUNiQnsuXQg8,2020-09-20,-5,-15,24,-24,4,6
ML,Mali,,,Bamako Metropolitan Area,,,ChIJaf_bnsLNUQ4RUNiQnsuXQg8,2020-09-21,1,0,40,-14,-8,3
ML,Mali,,,Bamako Metropolitan Area,,,ChIJaf_bnsLNUQ4RUNiQnsuXQg8,2020-09-22,-21,-12,38,-37,-45,14
ML,Mali,,,Bamako Metropolitan Area,,,ChIJaf_bnsLNUQ4RUNiQnsuXQg8,2020-09-23,-19,1,17,-23,-12,4
ML,Mali,,,Bamako Metropolitan Area,,,ChIJaf_bnsLNUQ4RUNiQnsuXQg8,2020-09-24,-17,4,30,-32,-11,4
ML,Mali,,,Bamako Metropolitan Area,,,ChIJaf_bnsLNUQ4RUNiQnsuXQg8,2020-09-25,-20,-6,17,-33,-12,7
ML,Mali,,,Bamako Metropolitan Area,,,ChIJaf_bnsLNUQ4RUNiQnsuXQg8,2020-09-26,-12,2,46,-31,-6,5
ML,Mali,,,Bamako Metropolitan Area,,,ChIJaf_bnsLNUQ4RUNiQnsuXQg8,2020-09-27,-12,1,35,-27,-3,3
ML,Mali,,,Bamako Metropolitan Area,,,ChIJaf_bnsLNUQ4RUNiQnsuXQg8,2020-09-28,-14,6,38,-25,-8,4
ML,Mali,,,Bamako Metropolitan Area,,,ChIJaf_bnsLNUQ4RUNiQnsuXQg8,2020-09-29,-15,1,34,-26,-10,3
ML,Mali,,,Bamako Metropolitan Area,,,ChIJaf_bnsLNUQ4RUNiQnsuXQg8,2020-09-30,-16,2,27,-25,-16,-2
ML,Mali,,,Bamako Metropolitan Area,,,ChIJaf_bnsLNUQ4RUNiQnsuXQg8,2020-10-01,-20,3,15,-27,-17,-7
ML,Mali,,,Bamako Metropolitan Area,,,ChIJaf_bnsLNUQ4RUNiQnsuXQg8,2020-10-02,-21,-6,38,-34,-19,-6
ML,Mali,,,Bamako Metropolitan Area,,,ChIJaf_bnsLNUQ4RUNiQnsuXQg8,2020-10-03,-13,-3,64,-33,-16,-7
ML,Mali,,,Bamako Metropolitan Area,,,ChIJaf_bnsLNUQ4RUNiQnsuXQg8,2020-10-04,-16,-7,27,-35,-13,-7
ML,Mali,,,Bamako Metropolitan Area,,,ChIJaf_bnsLNUQ4RUNiQnsuXQg8,2020-10-05,-12,4,19,-26,-17,-8
ML,Mali,,,Bamako Metropolitan Area,,,ChIJaf_bnsLNUQ4RUNiQnsuXQg8,2020-10-06,-12,2,25,-21,-17,-9
ML,Mali,,,Bamako Metropolitan Area,,,ChIJaf_bnsLNUQ4RUNiQnsuXQg8,2020-10-07,-15,1,27,-28,-13,-3
ML,Mali,,,Bamako Metropolitan Area,,,ChIJaf_bnsLNUQ4RUNiQnsuXQg8,2020-10-08,-12,8,26,-23,-9,0
ML,Mali,,,Bamako Metropolitan Area,,,ChIJaf_bnsLNUQ4RUNiQnsuXQg8,2020-10-09,-17,-5,16,-24,-8,2
ML,Mali,,,Bamako Metropolitan Area,,,ChIJaf_bnsLNUQ4RUNiQnsuXQg8,2020-10-10,-10,-1,22,-33,-4,3
ML,Mali,,,Bamako Metropolitan Area,,,ChIJaf_bnsLNUQ4RUNiQnsuXQg8,2020-10-11,-17,-10,13,-28,-2,4
ML,Mali,,,Bamako Metropolitan Area,,,ChIJaf_bnsLNUQ4RUNiQnsuXQg8,2020-10-12,-8,9,34,-18,-7,1
ML,Mali,,,Bamako Metropolitan Area,,,ChIJaf_bnsLNUQ4RUNiQnsuXQg8,2020-10-13,-10,2,23,-18,-8,1
ML,Mali,,,Bamako Metropolitan Area,,,ChIJaf_bnsLNUQ4RUNiQnsuXQg8,2020-10-14,-14,9,29,-10,-8,1
ML,Mali,,,Bamako Metropolitan Area,,,ChIJaf_bnsLNUQ4RUNiQnsuXQg8,2020-10-15,-17,10,18,-16,-8,3
ML,Mali,,,Bamako Metropolitan Area,,,ChIJaf_bnsLNUQ4RUNiQnsuXQg8,2020-10-16,-17,3,19,-14,-8,3
ML,Mali,,,Bamako Metropolitan Area,,,ChIJaf_bnsLNUQ4RUNiQnsuXQg8,2020-10-17,-14,5,15,-18,-4,3
ML,Mali,,,Bamako Metropolitan Area,,,ChIJaf_bnsLNUQ4RUNiQnsuXQg8,2020-10-18,-17,-3,9,-18,0,3
ML,Mali,,,Bamako Metropolitan Area,,,ChIJaf_bnsLNUQ4RUNiQnsuXQg8,2020-10-19,-14,9,21,-12,-8,2
ML,Mali,,,Bamako Metropolitan Area,,,ChIJaf_bnsLNUQ4RUNiQnsuXQg8,2020-10-20,-14,1,23,-18,-9,2
ML,Mali,,,Bamako Metropolitan Area,,,ChIJaf_bnsLNUQ4RUNiQnsuXQg8,2020-10-21,-15,6,30,-23,-8,3
ML,Mali,,,Bamako Metropolitan Area,,,ChIJaf_bnsLNUQ4RUNiQnsuXQg8,2020-10-22,-11,15,40,-24,-7,1
ML,Mali,,,Bamako Metropolitan Area,,,ChIJaf_bnsLNUQ4RUNiQnsuXQg8,2020-10-23,-10,10,20,-21,-6,3
ML,Mali,,,Bamako Metropolitan Area,,,ChIJaf_bnsLNUQ4RUNiQnsuXQg8,2020-10-24,-4,12,33,-29,-1,2
ML,Mali,,,Bamako Metropolitan Area,,,ChIJaf_bnsLNUQ4RUNiQnsuXQg8,2020-10-25,-8,7,31,-20,2,1
ML,Mali,,,Bamako Metropolitan Area,,,ChIJaf_bnsLNUQ4RUNiQnsuXQg8,2020-10-26,-6,16,30,-18,-4,1
ML,Mali,,,Bamako Metropolitan Area,,,ChIJaf_bnsLNUQ4RUNiQnsuXQg8,2020-10-27,-9,9,41,-19,-6,1
ML,Mali,,,Bamako Metropolitan Area,,,ChIJaf_bnsLNUQ4RUNiQnsuXQg8,2020-10-28,-8,10,37,-13,-8,0
ML,Mali,,,Bamako Metropolitan Area,,,ChIJaf_bnsLNUQ4RUNiQnsuXQg8,2020-10-29,-26,-4,17,-33,-45,12
ML,Mali,,,Bamako Metropolitan Area,,,ChIJaf_bnsLNUQ4RUNiQnsuXQg8,2020-10-30,-16,-4,21,-17,-9,2
ML,Mali,,,Bamako Metropolitan Area,,,ChIJaf_bnsLNUQ4RUNiQnsuXQg8,2020-10-31,-12,1,23,-25,-4,3
ML,Mali,,,Bamako Metropolitan Area,,,ChIJaf_bnsLNUQ4RUNiQnsuXQg8,2020-11-01,-13,-7,21,-18,-3,3
ML,Mali,,,Bamako Metropolitan Area,,,ChIJaf_bnsLNUQ4RUNiQnsuXQg8,2020-11-02,-8,7,43,-12,-6,1
ML,Mali,,,Bamako Metropolitan Area,,,ChIJaf_bnsLNUQ4RUNiQnsuXQg8,2020-11-03,-6,9,40,-15,-9,0
ML,Mali,,,Bamako Metropolitan Area,,,ChIJaf_bnsLNUQ4RUNiQnsuXQg8,2020-11-04,-21,-4,17,-28,-44,11
ML,Mali,,,Bamako Metropolitan Area,,,ChIJaf_bnsLNUQ4RUNiQnsuXQg8,2020-11-05,-14,7,31,-14,-7,0
ML,Mali,,,Bamako Metropolitan Area,,,ChIJaf_bnsLNUQ4RUNiQnsuXQg8,2020-11-06,-16,-1,81,-14,-6,1
ML,Mali,,,Bamako Metropolitan Area,,,ChIJaf_bnsLNUQ4RUNiQnsuXQg8,2020-11-07,-10,1,95,-21,-2,1
ML,Mali,,,Bamako Metropolitan Area,,,ChIJaf_bnsLNUQ4RUNiQnsuXQg8,2020-11-08,-15,-10,47,-19,0,2
ML,Mali,,,Bamako Metropolitan Area,,,ChIJaf_bnsLNUQ4RUNiQnsuXQg8,2020-11-09,-12,5,37,-10,-5,0
ML,Mali,,,Bamako Metropolitan Area,,,ChIJaf_bnsLNUQ4RUNiQnsuXQg8,2020-11-10,-12,4,28,-19,-7,1
ML,Mali,,,Bamako Metropolitan Area,,,ChIJaf_bnsLNUQ4RUNiQnsuXQg8,2020-11-11,-12,9,41,-9,-6,1
ML,Mali,,,Bamako Metropolitan Area,,,ChIJaf_bnsLNUQ4RUNiQnsuXQg8,2020-11-12,-13,11,35,-16,-7,2
ML,Mali,,,Bamako Metropolitan Area,,,ChIJaf_bnsLNUQ4RUNiQnsuXQg8,2020-11-13,-15,3,34,-16,-5,1
ML,Mali,,,Bamako Metropolitan Area,,,ChIJaf_bnsLNUQ4RUNiQnsuXQg8,2020-11-14,-8,5,26,-22,-1,1
ML,Mali,,,Bamako Metropolitan Area,,,ChIJaf_bnsLNUQ4RUNiQnsuXQg8,2020-11-15,-16,-5,26,-20,0,2
ML,Mali,,,Bamako Metropolitan Area,,,ChIJaf_bnsLNUQ4RUNiQnsuXQg8,2020-11-16,-12,10,46,-15,-3,1
ML,Mali,,,Bamako Metropolitan Area,,,ChIJaf_bnsLNUQ4RUNiQnsuXQg8,2020-11-17,-15,1,26,-21,-6,2
ML,Mali,,,Bamako Metropolitan Area,,,ChIJaf_bnsLNUQ4RUNiQnsuXQg8,2020-11-18,-17,2,29,-18,-11,4
ML,Mali,,,Bamako Metropolitan Area,,,ChIJaf_bnsLNUQ4RUNiQnsuXQg8,2020-11-19,-17,4,28,-26,-12,4
ML,Mali,,,Bamako Metropolitan Area,,,ChIJaf_bnsLNUQ4RUNiQnsuXQg8,2020-11-20,-19,-1,28,-17,-11,4
ML,Mali,,,Bamako Metropolitan Area,,,ChIJaf_bnsLNUQ4RUNiQnsuXQg8,2020-11-21,-9,3,27,-25,4,1
ML,Mali,,,Bamako Metropolitan Area,,,ChIJaf_bnsLNUQ4RUNiQnsuXQg8,2020-11-22,-16,-9,18,-23,1,2
ML,Mali,,,Bamako Metropolitan Area,,,ChIJaf_bnsLNUQ4RUNiQnsuXQg8,2020-11-23,-11,7,42,-11,-1,1
ML,Mali,,,Bamako Metropolitan Area,,,ChIJaf_bnsLNUQ4RUNiQnsuXQg8,2020-11-24,-11,5,34,-21,-3,1
ML,Mali,,,Bamako Metropolitan Area,,,ChIJaf_bnsLNUQ4RUNiQnsuXQg8,2020-11-25,-12,7,51,-9,-2,2
ML,Mali,,,Bamako Metropolitan Area,,,ChIJaf_bnsLNUQ4RUNiQnsuXQg8,2020-11-26,-11,11,38,-8,-3,2
ML,Mali,,,Bamako Metropolitan Area,,,ChIJaf_bnsLNUQ4RUNiQnsuXQg8,2020-11-27,-16,-1,31,-11,-3,2
ML,Mali,,,Bamako Metropolitan Area,,,ChIJaf_bnsLNUQ4RUNiQnsuXQg8,2020-11-28,-9,4,45,-17,4,2
ML,Mali,,,Bamako Metropolitan Area,,,ChIJaf_bnsLNUQ4RUNiQnsuXQg8,2020-11-29,-11,-5,46,-20,3,2
ML,Mali,,,Bamako Metropolitan Area,,,ChIJaf_bnsLNUQ4RUNiQnsuXQg8,2020-11-30,-7,8,48,-8,-1,2
ML,Mali,,,Bamako Metropolitan Area,,,ChIJaf_bnsLNUQ4RUNiQnsuXQg8,2020-12-01,-8,6,39,-10,-3,2
ML,Mali,,,Bamako Metropolitan Area,,,ChIJaf_bnsLNUQ4RUNiQnsuXQg8,2020-12-02,-8,12,64,-1,-3,3
ML,Mali,,,Bamako Metropolitan Area,,,ChIJaf_bnsLNUQ4RUNiQnsuXQg8,2020-12-03,-9,16,43,-8,-4,3
ML,Mali,,,Bamako Metropolitan Area,,,ChIJaf_bnsLNUQ4RUNiQnsuXQg8,2020-12-04,-11,5,77,-5,-4,2
ML,Mali,,,Bamako Metropolitan Area,,,ChIJaf_bnsLNUQ4RUNiQnsuXQg8,2020-12-05,-6,7,86,-10,3,1
ML,Mali,,,Bamako Metropolitan Area,,,ChIJaf_bnsLNUQ4RUNiQnsuXQg8,2020-12-06,-9,0,46,-13,3,1
ML,Mali,,,Bamako Metropolitan Area,,,ChIJaf_bnsLNUQ4RUNiQnsuXQg8,2020-12-07,-8,10,44,-8,-4,2
ML,Mali,,,Bamako Metropolitan Area,,,ChIJaf_bnsLNUQ4RUNiQnsuXQg8,2020-12-08,-9,6,37,-9,-4,3
ML,Mali,,,Bamako Metropolitan Area,,,ChIJaf_bnsLNUQ4RUNiQnsuXQg8,2020-12-09,-10,7,33,-3,-6,4
ML,Mali,,,Bamako Metropolitan Area,,,ChIJaf_bnsLNUQ4RUNiQnsuXQg8,2020-12-10,-10,15,37,-2,-7,5
ML,Mali,,,Bamako Metropolitan Area,,,ChIJaf_bnsLNUQ4RUNiQnsuXQg8,2020-12-11,-11,8,28,2,-9,4
ML,Mali,,,Bamako Metropolitan Area,,,ChIJaf_bnsLNUQ4RUNiQnsuXQg8,2020-12-12,-7,8,40,-8,-1,2
ML,Mali,,,Bamako Metropolitan Area,,,ChIJaf_bnsLNUQ4RUNiQnsuXQg8,2020-12-13,-13,1,38,-11,-1,1
ML,Mali,,,Bamako Metropolitan Area,,,ChIJaf_bnsLNUQ4RUNiQnsuXQg8,2020-12-14,-9,13,44,-2,-14,5
ML,Mali,,,Bamako Metropolitan Area,,,ChIJaf_bnsLNUQ4RUNiQnsuXQg8,2020-12-15,-10,8,40,-4,-16,5
ML,Mali,,,Bamako Metropolitan Area,,,ChIJaf_bnsLNUQ4RUNiQnsuXQg8,2020-12-16,-13,8,39,-1,-17,6
ML,Mali,,,Bamako Metropolitan Area,,,ChIJaf_bnsLNUQ4RUNiQnsuXQg8,2020-12-17,-15,10,32,-6,-18,7
ML,Mali,,,Bamako Metropolitan Area,,,ChIJaf_bnsLNUQ4RUNiQnsuXQg8,2020-12-18,-18,3,27,-1,-18,7
ML,Mali,,,Bamako Metropolitan Area,,,ChIJaf_bnsLNUQ4RUNiQnsuXQg8,2020-12-19,-10,10,33,-12,-2,3
ML,Mali,,,Bamako Metropolitan Area,,,ChIJaf_bnsLNUQ4RUNiQnsuXQg8,2020-12-20,-13,5,29,-4,-3,3
ML,Mali,,,Bamako Metropolitan Area,,,ChIJaf_bnsLNUQ4RUNiQnsuXQg8,2020-12-21,-10,13,39,8,-11,5
ML,Mali,,,Bamako Metropolitan Area,,,ChIJaf_bnsLNUQ4RUNiQnsuXQg8,2020-12-22,-11,9,44,-2,-11,5
ML,Mali,,,Bamako Metropolitan Area,,,ChIJaf_bnsLNUQ4RUNiQnsuXQg8,2020-12-23,-11,16,46,4,-12,6
ML,Mali,,,Bamako Metropolitan Area,,,ChIJaf_bnsLNUQ4RUNiQnsuXQg8,2020-12-24,-7,25,45,2,-13,5
ML,Mali,,,Bamako Metropolitan Area,,,ChIJaf_bnsLNUQ4RUNiQnsuXQg8,2020-12-25,-24,4,16,-15,-40,11
ML,Mali,,,Bamako Metropolitan Area,,,ChIJaf_bnsLNUQ4RUNiQnsuXQg8,2020-12-26,-12,10,31,-11,-4,4
ML,Mali,,,Bamako Metropolitan Area,,,ChIJaf_bnsLNUQ4RUNiQnsuXQg8,2020-12-27,-11,9,35,-7,-1,1
ML,Mali,,,Bamako Metropolitan Area,,,ChIJaf_bnsLNUQ4RUNiQnsuXQg8,2020-12-28,-8,16,44,-2,-12,5
ML,Mali,,,Bamako Metropolitan Area,,,ChIJaf_bnsLNUQ4RUNiQnsuXQg8,2020-12-29,-10,11,47,0,-13,4
ML,Mali,,,Bamako Metropolitan Area,,,ChIJaf_bnsLNUQ4RUNiQnsuXQg8,2020-12-30,-7,22,54,10,-11,5
ML,Mali,,,Bamako Metropolitan Area,,,ChIJaf_bnsLNUQ4RUNiQnsuXQg8,2020-12-31,-3,39,93,4,-14,4
ML,Mali,,,Bamako Metropolitan Area,,,ChIJaf_bnsLNUQ4RUNiQnsuXQg8,2021-01-01,-30,-8,35,-32,-53,16
ML,Mali,,,Bamako Metropolitan Area,,,ChIJaf_bnsLNUQ4RUNiQnsuXQg8,2021-01-02,-12,8,27,-17,-7,6
ML,Mali,,,Bamako Metropolitan Area,,,ChIJaf_bnsLNUQ4RUNiQnsuXQg8,2021-01-03,-16,4,23,-7,6,4
ML,Mali,,,Bamako Metropolitan Area,,,ChIJaf_bnsLNUQ4RUNiQnsuXQg8,2021-01-04,-2,21,47,12,-7,3
ML,Mali,,,Bamako Metropolitan Area,,,ChIJaf_bnsLNUQ4RUNiQnsuXQg8,2021-01-05,-6,12,42,-2,-8,4
ML,Mali,,,Bamako Metropolitan Area,,,ChIJaf_bnsLNUQ4RUNiQnsuXQg8,2021-01-06,-7,16,50,-10,-7,6
ML,Mali,,,Bamako Metropolitan Area,,,ChIJaf_bnsLNUQ4RUNiQnsuXQg8,2021-01-07,-8,21,43,-14,-7,6
ML,Mali,,,Bamako Metropolitan Area,,,ChIJaf_bnsLNUQ4RUNiQnsuXQg8,2021-01-08,-10,11,28,-16,-7,5
ML,Mali,,,Bamako Metropolitan Area,,,ChIJaf_bnsLNUQ4RUNiQnsuXQg8,2021-01-09,-4,16,23,-28,3,1
ML,Mali,,,Bamako Metropolitan Area,,,ChIJaf_bnsLNUQ4RUNiQnsuXQg8,2021-01-10,-7,5,18,-19,5,0
ML,Mali,,,Bamako Metropolitan Area,,,ChIJaf_bnsLNUQ4RUNiQnsuXQg8,2021-01-11,-2,18,40,-16,-5,3
ML,Mali,,,Bamako Metropolitan Area,,,ChIJaf_bnsLNUQ4RUNiQnsuXQg8,2021-01-12,-6,7,36,-22,-7,3
ML,Mali,,,Bamako Metropolitan Area,,,ChIJaf_bnsLNUQ4RUNiQnsuXQg8,2021-01-13,-10,11,38,-20,-10,3
ML,Mali,,,Bamako Metropolitan Area,,,ChIJaf_bnsLNUQ4RUNiQnsuXQg8,2021-01-14,-11,14,27,-26,-12,3
ML,Mali,,,Bamako Metropolitan Area,,,ChIJaf_bnsLNUQ4RUNiQnsuXQg8,2021-01-15,-16,0,16,-24,-15,3
ML,Mali,,,Bamako Metropolitan Area,,,ChIJaf_bnsLNUQ4RUNiQnsuXQg8,2021-01-16,-13,2,11,-34,-7,2
ML,Mali,,,Bamako Metropolitan Area,,,ChIJaf_bnsLNUQ4RUNiQnsuXQg8,2021-01-17,-16,-3,20,-27,-1,2
ML,Mali,,,Bamako Metropolitan Area,,,ChIJaf_bnsLNUQ4RUNiQnsuXQg8,2021-01-18,-10,10,45,-23,-12,3
ML,Mali,,,Bamako Metropolitan Area,,,ChIJaf_bnsLNUQ4RUNiQnsuXQg8,2021-01-19,-10,5,35,-26,-12,3
ML,Mali,,,Bamako Metropolitan Area,,,ChIJaf_bnsLNUQ4RUNiQnsuXQg8,2021-01-20,-20,2,33,-32,-39,12
ML,Mali,,,Bamako Metropolitan Area,,,ChIJaf_bnsLNUQ4RUNiQnsuXQg8,2021-01-21,-10,15,35,-23,-11,3
ML,Mali,,,Bamako Metropolitan Area,,,ChIJaf_bnsLNUQ4RUNiQnsuXQg8,2021-01-22,-14,4,58,-22,-11,4
ML,Mali,,,Bamako Metropolitan Area,,,ChIJaf_bnsLNUQ4RUNiQnsuXQg8,2021-01-23,-7,8,52,-32,-1,2
ML,Mali,,,Bamako Metropolitan Area,,,ChIJaf_bnsLNUQ4RUNiQnsuXQg8,2021-01-24,-10,3,64,-24,2,0
ML,Mali,,,Bamako Metropolitan Area,,,ChIJaf_bnsLNUQ4RUNiQnsuXQg8,2021-01-25,-6,18,82,-21,-6,-1
ML,Mali,,,Bamako Metropolitan Area,,,ChIJaf_bnsLNUQ4RUNiQnsuXQg8,2021-01-26,-7,6,80,-25,-6,0
ML,Mali,,,Bamako Metropolitan Area,,,ChIJaf_bnsLNUQ4RUNiQnsuXQg8,2021-01-27,-7,17,71,-17,-6,1
ML,Mali,,,Bamako Metropolitan Area,,,ChIJaf_bnsLNUQ4RUNiQnsuXQg8,2021-01-28,-7,21,69,-19,-6,-1
ML,Mali,,,Bamako Metropolitan Area,,,ChIJaf_bnsLNUQ4RUNiQnsuXQg8,2021-01-29,-7,10,50,-14,-8,-4
ML,Mali,,,Bamako Metropolitan Area,,,ChIJaf_bnsLNUQ4RUNiQnsuXQg8,2021-01-30,-2,16,33,-18,-3,-6
ML,Mali,,,Bamako Metropolitan Area,,,ChIJaf_bnsLNUQ4RUNiQnsuXQg8,2021-01-31,-8,8,44,-12,-2,-5
ML,Mali,,,Bamako Metropolitan Area,,,ChIJaf_bnsLNUQ4RUNiQnsuXQg8,2021-02-01,0,23,64,-5,-7,-7
ML,Mali,,,Bamako Metropolitan Area,,,ChIJaf_bnsLNUQ4RUNiQnsuXQg8,2021-02-02,-1,18,69,-16,-8,-8
ML,Mali,,,Bamako Metropolitan Area,,,ChIJaf_bnsLNUQ4RUNiQnsuXQg8,2021-02-03,-9,12,75,-17,-11,-6
ML,Mali,,,Bamako Metropolitan Area,,,ChIJaf_bnsLNUQ4RUNiQnsuXQg8,2021-02-04,-13,13,67,-21,-13,-7
ML,Mali,,,Bamako Metropolitan Area,,,ChIJaf_bnsLNUQ4RUNiQnsuXQg8,2021-02-05,-14,5,116,-21,-13,-8
ML,Mali,,,Bamako Metropolitan Area,,,ChIJaf_bnsLNUQ4RUNiQnsuXQg8,2021-02-06,-8,5,118,-32,-9,-8
ML,Mali,,,Bamako Metropolitan Area,,,ChIJaf_bnsLNUQ4RUNiQnsuXQg8,2021-02-07,-21,-7,64,-27,-12,-5
ML,Mali,,,Bamako Metropolitan Area,,,ChIJaf_bnsLNUQ4RUNiQnsuXQg8,2021-02-08,-7,13,91,-21,-11,-8
ML,Mali,,,Bamako Metropolitan Area,,,ChIJaf_bnsLNUQ4RUNiQnsuXQg8,2021-02-09,-6,11,82,-22,-12,-9
ML,Mali,,,Bamako Metropolitan Area,,,ChIJaf_bnsLNUQ4RUNiQnsuXQg8,2021-02-10,-7,18,76,-13,-9,-8
ML,Mali,,,Bamako Metropolitan Area,,,ChIJaf_bnsLNUQ4RUNiQnsuXQg8,2021-02-11,-9,18,67,-20,-11,-8
ML,Mali,,,Bamako Metropolitan Area,,,ChIJaf_bnsLNUQ4RUNiQnsuXQg8,2021-02-12,-12,7,53,-17,-13,-9
ML,Mali,,,Bamako Metropolitan Area,,,ChIJaf_bnsLNUQ4RUNiQnsuXQg8,2021-02-13,-6,8,43,-25,-11,-10
ML,Mali,,,Bamako Metropolitan Area,,,ChIJaf_bnsLNUQ4RUNiQnsuXQg8,2021-02-14,-8,3,58,-26,-12,-8
ML,Mali,,,Bamako Metropolitan Area,,,ChIJaf_bnsLNUQ4RUNiQnsuXQg8,2021-02-15,-5,15,67,-15,-12,-9
ML,Mali,,,Bamako Metropolitan Area,,,ChIJaf_bnsLNUQ4RUNiQnsuXQg8,2021-02-16,-6,12,59,-24,-13,-10
ML,Mali,,,Bamako Metropolitan Area,,,ChIJaf_bnsLNUQ4RUNiQnsuXQg8,2021-02-17,-10,11,61,-22,-14,-7
ML,Mali,,,Bamako Metropolitan Area,,,ChIJaf_bnsLNUQ4RUNiQnsuXQg8,2021-02-18,-7,19,64,-17,-12,-9
ML,Mali,,,Bamako Metropolitan Area,,,ChIJaf_bnsLNUQ4RUNiQnsuXQg8,2021-02-19,-10,6,49,-20,-12,-9
ML,Mali,,,Bamako Metropolitan Area,,,ChIJaf_bnsLNUQ4RUNiQnsuXQg8,2021-02-20,-3,9,50,-25,-8,-9
ML,Mali,,,Bamako Metropolitan Area,,,ChIJaf_bnsLNUQ4RUNiQnsuXQg8,2021-02-21,-11,0,49,-26,-10,-8
ML,Mali,,,Bamako Metropolitan Area,,,ChIJaf_bnsLNUQ4RUNiQnsuXQg8,2021-02-22,-5,13,76,-13,-8,-9
ML,Mali,,,Bamako Metropolitan Area,,,ChIJaf_bnsLNUQ4RUNiQnsuXQg8,2021-02-23,-5,10,73,-24,-10,-9
ML,Mali,,,Bamako Metropolitan Area,,,ChIJaf_bnsLNUQ4RUNiQnsuXQg8,2021-02-24,-5,15,72,-17,-9,-8
ML,Mali,,,Bamako Metropolitan Area,,,ChIJaf_bnsLNUQ4RUNiQnsuXQg8,2021-02-25,-7,17,86,-16,-10,-8
ML,Mali,,,Bamako Metropolitan Area,,,ChIJaf_bnsLNUQ4RUNiQnsuXQg8,2021-02-26,-10,8,129,-17,-10,-10
ML,Mali,,,Bamako Metropolitan Area,,,ChIJaf_bnsLNUQ4RUNiQnsuXQg8,2021-02-27,-2,13,201,-23,-8,-10
ML,Mali,,,Bamako Metropolitan Area,,,ChIJaf_bnsLNUQ4RUNiQnsuXQg8,2021-02-28,-7,5,134,-20,-11,-9
ML,Mali,,,Bamako Metropolitan Area,,,ChIJaf_bnsLNUQ4RUNiQnsuXQg8,2021-03-01,-3,18,73,-11,-8,-11
ML,Mali,,,Bamako Metropolitan Area,,,ChIJaf_bnsLNUQ4RUNiQnsuXQg8,2021-03-02,-4,13,72,-20,-10,-10
ML,Mali,,,Bamako Metropolitan Area,,,ChIJaf_bnsLNUQ4RUNiQnsuXQg8,2021-03-03,-3,17,94,-14,-9,-9
ML,Mali,,,Bamako Metropolitan Area,,,ChIJaf_bnsLNUQ4RUNiQnsuXQg8,2021-03-04,-6,18,87,-17,-8,-9
ML,Mali,,,Bamako Metropolitan Area,,,ChIJaf_bnsLNUQ4RUNiQnsuXQg8,2021-03-05,-6,9,115,-18,-10,-10
