country_region_code,country_region,sub_region_1,sub_region_2,metro_area,iso_3166_2_code,census_fips_code,place_id,date,retail_and_recreation_percent_change_from_baseline,grocery_and_pharmacy_percent_change_from_baseline,parks_percent_change_from_baseline,transit_stations_percent_change_from_baseline,workplaces_percent_change_from_baseline,residential_percent_change_from_baseline
RE,Réunion,,,,,,ChIJO-S4EIF3eCER-erb7ImOf0o,2020-02-15,-1,-4,-23,-4,-10,
RE,Réunion,,,,,,ChIJO-S4EIF3eCER-erb7ImOf0o,2020-02-16,0,8,30,1,,
RE,Réunion,,,,,,ChIJO-S4EIF3eCER-erb7ImOf0o,2020-02-17,1,-3,1,8,-1,
RE,Réunion,,,,,,ChIJO-S4EIF3eCER-erb7ImOf0o,2020-02-18,3,-6,20,19,7,
RE,Réunion,,,,,,ChIJO-S4EIF3eCER-erb7ImOf0o,2020-02-19,6,1,16,17,0,
RE,Réunion,,,,,,ChIJO-S4EIF3eCER-erb7ImOf0o,2020-02-20,4,-8,29,9,0,
RE,Réunion,,,,,,ChIJO-S4EIF3eCER-erb7ImOf0o,2020-02-21,-11,-10,9,-6,4,
RE,Réunion,,,,,,ChIJO-S4EIF3eCER-erb7ImOf0o,2020-02-22,-9,-7,-2,-4,-10,
RE,Réunion,,,,,,ChIJO-S4EIF3eCER-erb7ImOf0o,2020-02-23,-4,11,22,3,,
RE,Réunion,,,,,,ChIJO-S4EIF3eCER-erb7ImOf0o,2020-02-24,-6,-11,2,3,-1,
RE,Réunion,,,,,,ChIJO-S4EIF3eCER-erb7ImOf0o,2020-02-25,-3,-9,4,10,1,
RE,Réunion,,,,,,ChIJO-S4EIF3eCER-erb7ImOf0o,2020-02-26,5,4,4,10,1,
RE,Réunion,,,,,,ChIJO-S4EIF3eCER-erb7ImOf0o,2020-02-27,-5,-14,7,1,2,
RE,Réunion,,,,,,ChIJO-S4EIF3eCER-erb7ImOf0o,2020-02-28,-19,-20,-14,-16,2,
RE,Réunion,,,,,,ChIJO-S4EIF3eCER-erb7ImOf0o,2020-02-29,-12,-14,-19,-9,-14,
RE,Réunion,,,,,,ChIJO-S4EIF3eCER-erb7ImOf0o,2020-03-01,-12,-12,-7,-8,,
RE,Réunion,,,,,,ChIJO-S4EIF3eCER-erb7ImOf0o,2020-03-02,-19,-18,-26,-11,-3,
RE,Réunion,,,,,,ChIJO-S4EIF3eCER-erb7ImOf0o,2020-03-03,-17,-20,-15,-11,2,
RE,Réunion,,,,,,ChIJO-S4EIF3eCER-erb7ImOf0o,2020-03-04,-11,-8,-18,-14,-2,
RE,Réunion,,,,,,ChIJO-S4EIF3eCER-erb7ImOf0o,2020-03-05,-12,-15,-5,-10,0,
RE,Réunion,,,,,,ChIJO-S4EIF3eCER-erb7ImOf0o,2020-03-06,-25,-26,-27,-28,1,
RE,Réunion,,,,,,ChIJO-S4EIF3eCER-erb7ImOf0o,2020-03-07,-16,-19,-35,-25,-10,
RE,Réunion,,,,,,ChIJO-S4EIF3eCER-erb7ImOf0o,2020-03-08,-11,0,-1,-18,,
RE,Réunion,,,,,,ChIJO-S4EIF3eCER-erb7ImOf0o,2020-03-09,-13,-15,-27,-12,-14,
RE,Réunion,,,,,,ChIJO-S4EIF3eCER-erb7ImOf0o,2020-03-10,-9,-16,0,-5,-6,
RE,Réunion,,,,,,ChIJO-S4EIF3eCER-erb7ImOf0o,2020-03-11,4,-5,7,-10,-6,
RE,Réunion,,,,,,ChIJO-S4EIF3eCER-erb7ImOf0o,2020-03-12,-6,-9,-19,-1,-7,
RE,Réunion,,,,,,ChIJO-S4EIF3eCER-erb7ImOf0o,2020-03-13,-21,-17,-18,-25,-6,
RE,Réunion,,,,,,ChIJO-S4EIF3eCER-erb7ImOf0o,2020-03-14,-20,-17,-19,-25,-12,
RE,Réunion,,,,,,ChIJO-S4EIF3eCER-erb7ImOf0o,2020-03-15,-21,-1,-5,-14,,
RE,Réunion,,,,,,ChIJO-S4EIF3eCER-erb7ImOf0o,2020-03-16,-37,-1,-31,-18,-19,
RE,Réunion,,,,,,ChIJO-S4EIF3eCER-erb7ImOf0o,2020-03-17,-64,-26,-51,-17,-35,
RE,Réunion,,,,,,ChIJO-S4EIF3eCER-erb7ImOf0o,2020-03-18,-81,-49,-74,-49,-55,
RE,Réunion,,,,,,ChIJO-S4EIF3eCER-erb7ImOf0o,2020-03-19,-82,-61,-76,-49,-56,
RE,Réunion,,,,,,ChIJO-S4EIF3eCER-erb7ImOf0o,2020-03-20,-88,-68,-82,-69,-55,
RE,Réunion,,,,,,ChIJO-S4EIF3eCER-erb7ImOf0o,2020-03-21,-90,-77,-88,-71,-57,
RE,Réunion,,,,,,ChIJO-S4EIF3eCER-erb7ImOf0o,2020-03-22,-94,-75,-89,-74,-57,
RE,Réunion,,,,,,ChIJO-S4EIF3eCER-erb7ImOf0o,2020-03-23,-90,-71,-91,-78,-59,
RE,Réunion,,,,,,ChIJO-S4EIF3eCER-erb7ImOf0o,2020-03-24,-91,-76,,-75,-64,
RE,Réunion,,,,,,ChIJO-S4EIF3eCER-erb7ImOf0o,2020-03-25,-91,-77,-91,-83,-63,
RE,Réunion,,,,,,ChIJO-S4EIF3eCER-erb7ImOf0o,2020-03-26,-92,-78,-89,-74,-67,
RE,Réunion,,,,,,ChIJO-S4EIF3eCER-erb7ImOf0o,2020-03-27,-92,-83,-88,-87,-60,
RE,Réunion,,,,,,ChIJO-S4EIF3eCER-erb7ImOf0o,2020-03-28,-92,-84,-93,-84,-57,
RE,Réunion,,,,,,ChIJO-S4EIF3eCER-erb7ImOf0o,2020-03-29,-96,-88,-92,-82,-52,
RE,Réunion,,,,,,ChIJO-S4EIF3eCER-erb7ImOf0o,2020-03-30,-91,-83,,-82,-65,
RE,Réunion,,,,,,ChIJO-S4EIF3eCER-erb7ImOf0o,2020-03-31,-94,-81,,-88,-64,
RE,Réunion,,,,,,ChIJO-S4EIF3eCER-erb7ImOf0o,2020-04-01,-93,-79,-88,-87,-62,
RE,Réunion,,,,,,ChIJO-S4EIF3eCER-erb7ImOf0o,2020-04-02,-91,-75,-89,-83,-63,
RE,Réunion,,,,,,ChIJO-S4EIF3eCER-erb7ImOf0o,2020-04-03,-93,-83,,-91,-62,
RE,Réunion,,,,,,ChIJO-S4EIF3eCER-erb7ImOf0o,2020-04-04,-91,-83,-93,-92,-57,
RE,Réunion,,,,,,ChIJO-S4EIF3eCER-erb7ImOf0o,2020-04-05,-95,-89,,-91,-55,
RE,Réunion,,,,,,ChIJO-S4EIF3eCER-erb7ImOf0o,2020-04-06,-91,-84,-91,-87,-57,
RE,Réunion,,,,,,ChIJO-S4EIF3eCER-erb7ImOf0o,2020-04-07,-90,-72,,-85,-59,
RE,Réunion,,,,,,ChIJO-S4EIF3eCER-erb7ImOf0o,2020-04-08,-89,-79,,-86,-62,
RE,Réunion,,,,,,ChIJO-S4EIF3eCER-erb7ImOf0o,2020-04-09,-90,-81,-92,-82,-59,
RE,Réunion,,,,,,ChIJO-S4EIF3eCER-erb7ImOf0o,2020-04-10,-91,-76,-88,-88,-59,
RE,Réunion,,,,,,ChIJO-S4EIF3eCER-erb7ImOf0o,2020-04-11,-91,-81,-100,-91,-53,
RE,Réunion,,,,,,ChIJO-S4EIF3eCER-erb7ImOf0o,2020-04-12,,,,-91,-50,
RE,Réunion,,,,,,ChIJO-S4EIF3eCER-erb7ImOf0o,2020-04-13,-98,,,-90,-79,
RE,Réunion,,,,,,ChIJO-S4EIF3eCER-erb7ImOf0o,2020-04-14,-89,-79,-93,-83,-55,
RE,Réunion,,,,,,ChIJO-S4EIF3eCER-erb7ImOf0o,2020-04-15,-89,-78,,-86,-60,
RE,Réunion,,,,,,ChIJO-S4EIF3eCER-erb7ImOf0o,2020-04-16,-90,-73,,-89,-57,
RE,Réunion,,,,,,ChIJO-S4EIF3eCER-erb7ImOf0o,2020-04-17,-89,-84,,-87,-55,
RE,Réunion,,,,,,ChIJO-S4EIF3eCER-erb7ImOf0o,2020-04-18,-91,-83,-94,-90,-51,
RE,Réunion,,,,,,ChIJO-S4EIF3eCER-erb7ImOf0o,2020-04-19,,,-94,-90,-54,
RE,Réunion,,,,,,ChIJO-S4EIF3eCER-erb7ImOf0o,2020-04-20,-90,-79,,-87,-57,
RE,Réunion,,,,,,ChIJO-S4EIF3eCER-erb7ImOf0o,2020-04-21,-88,-80,-91,-83,-57,
RE,Réunion,,,,,,ChIJO-S4EIF3eCER-erb7ImOf0o,2020-04-22,-88,-71,-91,-83,-57,
RE,Réunion,,,,,,ChIJO-S4EIF3eCER-erb7ImOf0o,2020-04-23,-90,-78,-90,-85,-59,
RE,Réunion,,,,,,ChIJO-S4EIF3eCER-erb7ImOf0o,2020-04-24,-90,-79,,-85,-54,
RE,Réunion,,,,,,ChIJO-S4EIF3eCER-erb7ImOf0o,2020-04-25,-90,-82,-100,-90,-46,
RE,Réunion,,,,,,ChIJO-S4EIF3eCER-erb7ImOf0o,2020-04-26,,,-93,-90,-45,
RE,Réunion,,,,,,ChIJO-S4EIF3eCER-erb7ImOf0o,2020-04-27,-90,-80,,-87,-54,
RE,Réunion,,,,,,ChIJO-S4EIF3eCER-erb7ImOf0o,2020-04-28,-89,-74,,-82,-53,
RE,Réunion,,,,,,ChIJO-S4EIF3eCER-erb7ImOf0o,2020-04-29,-87,-72,,-85,-56,
RE,Réunion,,,,,,ChIJO-S4EIF3eCER-erb7ImOf0o,2020-04-30,-86,-70,-91,-79,-55,
RE,Réunion,,,,,,ChIJO-S4EIF3eCER-erb7ImOf0o,2020-05-01,-96,-96,-91,-90,-74,
RE,Réunion,,,,,,ChIJO-S4EIF3eCER-erb7ImOf0o,2020-05-02,-86,-76,-94,-87,-45,
RE,Réunion,,,,,,ChIJO-S4EIF3eCER-erb7ImOf0o,2020-05-03,,,-91,-86,-43,
RE,Réunion,,,,,,ChIJO-S4EIF3eCER-erb7ImOf0o,2020-05-04,-86,-78,-92,-86,-49,
RE,Réunion,,,,,,ChIJO-S4EIF3eCER-erb7ImOf0o,2020-05-05,-85,-70,-93,-76,-51,
RE,Réunion,,,,,,ChIJO-S4EIF3eCER-erb7ImOf0o,2020-05-06,-84,-70,-90,-75,-51,
RE,Réunion,,,,,,ChIJO-S4EIF3eCER-erb7ImOf0o,2020-05-07,-85,-66,-90,-78,-49,
RE,Réunion,,,,,,ChIJO-S4EIF3eCER-erb7ImOf0o,2020-05-08,-92,-88,,-88,-64,
RE,Réunion,,,,,,ChIJO-S4EIF3eCER-erb7ImOf0o,2020-05-09,-85,-72,-91,-83,-42,
RE,Réunion,,,,,,ChIJO-S4EIF3eCER-erb7ImOf0o,2020-05-10,,,-89,-83,-41,
RE,Réunion,,,,,,ChIJO-S4EIF3eCER-erb7ImOf0o,2020-05-11,,-62,-73,-72,-39,
RE,Réunion,,,,,,ChIJO-S4EIF3eCER-erb7ImOf0o,2020-05-12,-69,-57,-73,-64,-36,
RE,Réunion,,,,,,ChIJO-S4EIF3eCER-erb7ImOf0o,2020-05-13,,-57,-73,-72,-35,
RE,Réunion,,,,,,ChIJO-S4EIF3eCER-erb7ImOf0o,2020-05-14,-68,-58,-70,-73,-36,
RE,Réunion,,,,,,ChIJO-S4EIF3eCER-erb7ImOf0o,2020-05-15,-72,-63,-75,-75,-30,
RE,Réunion,,,,,,ChIJO-S4EIF3eCER-erb7ImOf0o,2020-05-16,-67,-63,-68,-77,-29,
RE,Réunion,,,,,,ChIJO-S4EIF3eCER-erb7ImOf0o,2020-05-17,-74,,-60,-77,-24,
RE,Réunion,,,,,,ChIJO-S4EIF3eCER-erb7ImOf0o,2020-05-18,-72,-64,-80,-75,-32,
RE,Réunion,,,,,,ChIJO-S4EIF3eCER-erb7ImOf0o,2020-05-19,-69,-60,-75,-69,-30,
RE,Réunion,,,,,,ChIJO-S4EIF3eCER-erb7ImOf0o,2020-05-20,-64,-51,-74,-71,-29,
RE,Réunion,,,,,,ChIJO-S4EIF3eCER-erb7ImOf0o,2020-05-21,-74,-72,-64,-74,-63,
RE,Réunion,,,,,,ChIJO-S4EIF3eCER-erb7ImOf0o,2020-05-22,-71,-62,-72,-73,-31,
RE,Réunion,,,,,,ChIJO-S4EIF3eCER-erb7ImOf0o,2020-05-23,-64,-62,-68,-74,-22,
RE,Réunion,,,,,,ChIJO-S4EIF3eCER-erb7ImOf0o,2020-05-24,-73,,-61,-76,,
RE,Réunion,,,,,,ChIJO-S4EIF3eCER-erb7ImOf0o,2020-05-25,-71,-62,-81,-78,-30,
RE,Réunion,,,,,,ChIJO-S4EIF3eCER-erb7ImOf0o,2020-05-26,-71,-62,-79,-68,-23,
RE,Réunion,,,,,,ChIJO-S4EIF3eCER-erb7ImOf0o,2020-05-27,-61,-61,-70,-70,-26,
RE,Réunion,,,,,,ChIJO-S4EIF3eCER-erb7ImOf0o,2020-05-28,-70,-59,-71,-69,-28,
RE,Réunion,,,,,,ChIJO-S4EIF3eCER-erb7ImOf0o,2020-05-29,-71,-64,-74,-76,-21,
RE,Réunion,,,,,,ChIJO-S4EIF3eCER-erb7ImOf0o,2020-05-30,-63,-60,-68,-76,-13,
RE,Réunion,,,,,,ChIJO-S4EIF3eCER-erb7ImOf0o,2020-05-31,-71,,-55,-73,,
RE,Réunion,,,,,,ChIJO-S4EIF3eCER-erb7ImOf0o,2020-06-01,-74,-78,-64,-75,-55,
RE,Réunion,,,,,,ChIJO-S4EIF3eCER-erb7ImOf0o,2020-06-02,-67,-61,-79,-74,-20,
RE,Réunion,,,,,,ChIJO-S4EIF3eCER-erb7ImOf0o,2020-06-03,-60,-62,-72,-68,-23,
RE,Réunion,,,,,,ChIJO-S4EIF3eCER-erb7ImOf0o,2020-06-04,-61,-58,-74,-75,-25,
RE,Réunion,,,,,,ChIJO-S4EIF3eCER-erb7ImOf0o,2020-06-05,-62,-65,-71,-70,-14,
RE,Réunion,,,,,,ChIJO-S4EIF3eCER-erb7ImOf0o,2020-06-06,-54,-58,-72,-73,-16,
RE,Réunion,,,,,,ChIJO-S4EIF3eCER-erb7ImOf0o,2020-06-07,-68,,-73,-75,,
RE,Réunion,,,,,,ChIJO-S4EIF3eCER-erb7ImOf0o,2020-06-08,-67,-65,-79,-73,-24,
RE,Réunion,,,,,,ChIJO-S4EIF3eCER-erb7ImOf0o,2020-06-09,-65,-65,-77,-71,-19,
RE,Réunion,,,,,,ChIJO-S4EIF3eCER-erb7ImOf0o,2020-06-10,-61,-58,-75,-74,-22,
RE,Réunion,,,,,,ChIJO-S4EIF3eCER-erb7ImOf0o,2020-06-11,-64,-62,-76,-74,-22,
RE,Réunion,,,,,,ChIJO-S4EIF3eCER-erb7ImOf0o,2020-06-12,-67,-67,-76,-74,-21,
RE,Réunion,,,,,,ChIJO-S4EIF3eCER-erb7ImOf0o,2020-06-13,-59,-61,-71,-69,-16,
RE,Réunion,,,,,,ChIJO-S4EIF3eCER-erb7ImOf0o,2020-06-14,-66,,-63,-76,,
RE,Réunion,,,,,,ChIJO-S4EIF3eCER-erb7ImOf0o,2020-06-15,-67,-67,-79,-70,-21,
RE,Réunion,,,,,,ChIJO-S4EIF3eCER-erb7ImOf0o,2020-06-16,-62,-64,-75,-67,-19,
RE,Réunion,,,,,,ChIJO-S4EIF3eCER-erb7ImOf0o,2020-06-17,-58,-61,-77,-68,-22,
RE,Réunion,,,,,,ChIJO-S4EIF3eCER-erb7ImOf0o,2020-06-18,-62,-63,-76,-72,-26,
RE,Réunion,,,,,,ChIJO-S4EIF3eCER-erb7ImOf0o,2020-06-19,-67,-65,-76,-73,-20,
RE,Réunion,,,,,,ChIJO-S4EIF3eCER-erb7ImOf0o,2020-06-20,-58,-62,-74,-73,-15,
RE,Réunion,,,,,,ChIJO-S4EIF3eCER-erb7ImOf0o,2020-06-21,-64,,-68,-74,,
RE,Réunion,,,,,,ChIJO-S4EIF3eCER-erb7ImOf0o,2020-06-22,-70,-68,-78,-71,-23,
RE,Réunion,,,,,,ChIJO-S4EIF3eCER-erb7ImOf0o,2020-06-23,-62,-63,-74,-64,-20,
RE,Réunion,,,,,,ChIJO-S4EIF3eCER-erb7ImOf0o,2020-06-24,-59,-58,-75,-71,-20,
RE,Réunion,,,,,,ChIJO-S4EIF3eCER-erb7ImOf0o,2020-06-25,-59,-61,-77,-67,-25,
RE,Réunion,,,,,,ChIJO-S4EIF3eCER-erb7ImOf0o,2020-06-26,-63,-66,-78,-73,-19,
RE,Réunion,,,,,,ChIJO-S4EIF3eCER-erb7ImOf0o,2020-06-27,-57,-62,-65,-70,-15,
RE,Réunion,,,,,,ChIJO-S4EIF3eCER-erb7ImOf0o,2020-06-28,-61,,-58,-65,,
RE,Réunion,,,,,,ChIJO-S4EIF3eCER-erb7ImOf0o,2020-06-29,-65,-63,-78,-68,-23,
RE,Réunion,,,,,,ChIJO-S4EIF3eCER-erb7ImOf0o,2020-06-30,-59,-56,-68,-55,-19,
RE,Réunion,,,,,,ChIJO-S4EIF3eCER-erb7ImOf0o,2020-07-01,-53,-57,-68,-63,-21,
RE,Réunion,,,,,,ChIJO-S4EIF3eCER-erb7ImOf0o,2020-07-02,-54,-53,-70,-56,-23,
RE,Réunion,,,,,,ChIJO-S4EIF3eCER-erb7ImOf0o,2020-07-03,-57,-60,-68,-65,-20,
RE,Réunion,,,,,,ChIJO-S4EIF3eCER-erb7ImOf0o,2020-07-04,-48,-54,-62,-61,-20,
RE,Réunion,,,,,,ChIJO-S4EIF3eCER-erb7ImOf0o,2020-07-05,-54,,-46,-56,,
RE,Réunion,,,,,,ChIJO-S4EIF3eCER-erb7ImOf0o,2020-07-06,-57,-52,-67,-62,-27,
RE,Réunion,,,,,,ChIJO-S4EIF3eCER-erb7ImOf0o,2020-07-07,-45,-47,-63,-44,-24,
RE,Réunion,,,,,,ChIJO-S4EIF3eCER-erb7ImOf0o,2020-07-08,-39,-45,-54,-50,-24,
RE,Réunion,,,,,,ChIJO-S4EIF3eCER-erb7ImOf0o,2020-07-09,-40,-44,-51,-50,-22,
RE,Réunion,,,,,,ChIJO-S4EIF3eCER-erb7ImOf0o,2020-07-10,-47,-50,-50,-54,-22,
RE,Réunion,,,,,,ChIJO-S4EIF3eCER-erb7ImOf0o,2020-07-11,-37,-43,-48,-51,-20,
RE,Réunion,,,,,,ChIJO-S4EIF3eCER-erb7ImOf0o,2020-07-12,-35,,-28,-41,,
RE,Réunion,,,,,,ChIJO-S4EIF3eCER-erb7ImOf0o,2020-07-13,-27,-25,-37,-41,-34,
RE,Réunion,,,,,,ChIJO-S4EIF3eCER-erb7ImOf0o,2020-07-14,-45,-58,-13,-32,-60,
RE,Réunion,,,,,,ChIJO-S4EIF3eCER-erb7ImOf0o,2020-07-15,-24,-23,-32,-25,-24,
RE,Réunion,,,,,,ChIJO-S4EIF3eCER-erb7ImOf0o,2020-07-16,-28,-29,-18,-33,-24,
RE,Réunion,,,,,,ChIJO-S4EIF3eCER-erb7ImOf0o,2020-07-17,-35,-34,-46,-42,-26,
RE,Réunion,,,,,,ChIJO-S4EIF3eCER-erb7ImOf0o,2020-07-18,-22,-29,-28,-37,-25,
RE,Réunion,,,,,,ChIJO-S4EIF3eCER-erb7ImOf0o,2020-07-19,-28,,-8,-32,-20,
RE,Réunion,,,,,,ChIJO-S4EIF3eCER-erb7ImOf0o,2020-07-20,-18,-27,-21,-33,-28,
RE,Réunion,,,,,,ChIJO-S4EIF3eCER-erb7ImOf0o,2020-07-21,-19,-29,-10,-17,-25,
RE,Réunion,,,,,,ChIJO-S4EIF3eCER-erb7ImOf0o,2020-07-22,-10,-20,-14,-21,-26,
RE,Réunion,,,,,,ChIJO-S4EIF3eCER-erb7ImOf0o,2020-07-23,-17,-22,-7,-29,-26,
RE,Réunion,,,,,,ChIJO-S4EIF3eCER-erb7ImOf0o,2020-07-24,-25,-29,-10,-36,-24,
RE,Réunion,,,,,,ChIJO-S4EIF3eCER-erb7ImOf0o,2020-07-25,-17,-27,-20,-36,-29,
RE,Réunion,,,,,,ChIJO-S4EIF3eCER-erb7ImOf0o,2020-07-26,-21,,-3,-26,-25,
RE,Réunion,,,,,,ChIJO-S4EIF3eCER-erb7ImOf0o,2020-07-27,-15,-22,-18,-28,-30,
RE,Réunion,,,,,,ChIJO-S4EIF3eCER-erb7ImOf0o,2020-07-28,-12,-24,-5,-8,-27,
RE,Réunion,,,,,,ChIJO-S4EIF3eCER-erb7ImOf0o,2020-07-29,-1,-15,-3,-14,-32,
RE,Réunion,,,,,,ChIJO-S4EIF3eCER-erb7ImOf0o,2020-07-30,-11,-12,5,-17,-28,
RE,Réunion,,,,,,ChIJO-S4EIF3eCER-erb7ImOf0o,2020-07-31,-21,-21,2,-28,-28,
RE,Réunion,,,,,,ChIJO-S4EIF3eCER-erb7ImOf0o,2020-08-01,-12,-16,-13,-25,-26,
RE,Réunion,,,,,,ChIJO-S4EIF3eCER-erb7ImOf0o,2020-08-02,-8,,18,-12,,
RE,Réunion,,,,,,ChIJO-S4EIF3eCER-erb7ImOf0o,2020-08-03,-2,-13,2,-15,-31,
RE,Réunion,,,,,,ChIJO-S4EIF3eCER-erb7ImOf0o,2020-08-04,1,-8,23,4,-29,
RE,Réunion,,,,,,ChIJO-S4EIF3eCER-erb7ImOf0o,2020-08-05,13,3,19,-5,-38,
RE,Réunion,,,,,,ChIJO-S4EIF3eCER-erb7ImOf0o,2020-08-06,3,1,25,-5,-34,
RE,Réunion,,,,,,ChIJO-S4EIF3eCER-erb7ImOf0o,2020-08-07,-9,-10,20,-20,-31,
RE,Réunion,,,,,,ChIJO-S4EIF3eCER-erb7ImOf0o,2020-08-08,0,-9,9,-24,-33,
RE,Réunion,,,,,,ChIJO-S4EIF3eCER-erb7ImOf0o,2020-08-09,1,,27,-15,-30,
RE,Réunion,,,,,,ChIJO-S4EIF3eCER-erb7ImOf0o,2020-08-10,7,-2,12,-5,-34,
RE,Réunion,,,,,,ChIJO-S4EIF3eCER-erb7ImOf0o,2020-08-11,9,-7,30,7,-32,
RE,Réunion,,,,,,ChIJO-S4EIF3eCER-erb7ImOf0o,2020-08-12,16,5,30,6,-36,
RE,Réunion,,,,,,ChIJO-S4EIF3eCER-erb7ImOf0o,2020-08-13,5,-2,33,-8,-35,
RE,Réunion,,,,,,ChIJO-S4EIF3eCER-erb7ImOf0o,2020-08-14,-11,-14,7,-24,-35,
RE,Réunion,,,,,,ChIJO-S4EIF3eCER-erb7ImOf0o,2020-08-15,-12,-21,-3,-27,-38,
RE,Réunion,,,,,,ChIJO-S4EIF3eCER-erb7ImOf0o,2020-08-16,-16,,12,-16,-27,
RE,Réunion,,,,,,ChIJO-S4EIF3eCER-erb7ImOf0o,2020-09-11,-30,-40,-16,-47,-16,
RE,Réunion,,,,,,ChIJO-S4EIF3eCER-erb7ImOf0o,2020-09-12,-23,-35,-22,-44,-14,
RE,Réunion,,,,,,ChIJO-S4EIF3eCER-erb7ImOf0o,2020-09-13,-26,,-11,-40,,
RE,Réunion,,,,,,ChIJO-S4EIF3eCER-erb7ImOf0o,2020-09-14,-26,-44,-26,-42,-13,
RE,Réunion,,,,,,ChIJO-S4EIF3eCER-erb7ImOf0o,2020-09-15,-24,-36,-16,-31,-9,
RE,Réunion,,,,,,ChIJO-S4EIF3eCER-erb7ImOf0o,2020-09-16,-14,-32,-16,-35,-17,
RE,Réunion,,,,,,ChIJO-S4EIF3eCER-erb7ImOf0o,2020-09-17,-24,-32,-6,-40,-11,
RE,Réunion,,,,,,ChIJO-S4EIF3eCER-erb7ImOf0o,2020-09-18,-31,-39,-19,-45,-11,
RE,Réunion,,,,,,ChIJO-S4EIF3eCER-erb7ImOf0o,2020-09-19,-23,-38,-15,-49,-20,
RE,Réunion,,,,,,ChIJO-S4EIF3eCER-erb7ImOf0o,2020-09-20,-29,,-2,-39,-22,
RE,Réunion,,,,,,ChIJO-S4EIF3eCER-erb7ImOf0o,2020-09-21,-24,-36,-18,-34,-12,
RE,Réunion,,,,,,ChIJO-S4EIF3eCER-erb7ImOf0o,2020-09-22,-23,-38,-9,-34,-13,
RE,Réunion,,,,,,ChIJO-S4EIF3eCER-erb7ImOf0o,2020-09-23,-17,-32,-9,-28,-16,
RE,Réunion,,,,,,ChIJO-S4EIF3eCER-erb7ImOf0o,2020-09-24,-24,-31,-14,-43,-10,
RE,Réunion,,,,,,ChIJO-S4EIF3eCER-erb7ImOf0o,2020-09-25,-33,-38,-21,-43,-7,
RE,Réunion,,,,,,ChIJO-S4EIF3eCER-erb7ImOf0o,2020-09-26,-23,-36,-20,-42,-22,
RE,Réunion,,,,,,ChIJO-S4EIF3eCER-erb7ImOf0o,2020-09-27,-29,,-3,-33,-27,
RE,Réunion,,,,,,ChIJO-S4EIF3eCER-erb7ImOf0o,2020-09-28,-24,-38,-24,-41,-11,
RE,Réunion,,,,,,ChIJO-S4EIF3eCER-erb7ImOf0o,2020-09-29,-25,-37,-7,-26,-7,
RE,Réunion,,,,,,ChIJO-S4EIF3eCER-erb7ImOf0o,2020-09-30,-17,-31,-16,-34,-13,
RE,Réunion,,,,,,ChIJO-S4EIF3eCER-erb7ImOf0o,2020-10-01,-25,-34,-11,-39,-8,
RE,Réunion,,,,,,ChIJO-S4EIF3eCER-erb7ImOf0o,2020-10-02,-28,-36,-12,-43,-10,
RE,Réunion,,,,,,ChIJO-S4EIF3eCER-erb7ImOf0o,2020-10-03,-18,-32,-9,-38,-23,
RE,Réunion,,,,,,ChIJO-S4EIF3eCER-erb7ImOf0o,2020-10-04,-22,,3,-34,-27,
RE,Réunion,,,,,,ChIJO-S4EIF3eCER-erb7ImOf0o,2020-10-05,-15,-26,-24,-39,-14,
RE,Réunion,,,,,,ChIJO-S4EIF3eCER-erb7ImOf0o,2020-10-06,-12,-27,7,-22,-9,
RE,Réunion,,,,,,ChIJO-S4EIF3eCER-erb7ImOf0o,2020-10-07,-7,-25,8,-24,-16,
RE,Réunion,,,,,,ChIJO-S4EIF3eCER-erb7ImOf0o,2020-10-08,-12,-27,17,-25,-10,
RE,Réunion,,,,,,ChIJO-S4EIF3eCER-erb7ImOf0o,2020-10-09,-19,-36,9,-32,-7,
RE,Réunion,,,,,,ChIJO-S4EIF3eCER-erb7ImOf0o,2020-10-10,-8,-27,6,-28,-23,
RE,Réunion,,,,,,ChIJO-S4EIF3eCER-erb7ImOf0o,2020-10-11,-9,,26,-17,-23,
RE,Réunion,,,,,,ChIJO-S4EIF3eCER-erb7ImOf0o,2020-10-12,2,-25,15,-23,-28,
RE,Réunion,,,,,,ChIJO-S4EIF3eCER-erb7ImOf0o,2020-10-13,-1,-28,31,-10,-26,
RE,Réunion,,,,,,ChIJO-S4EIF3eCER-erb7ImOf0o,2020-10-14,14,-16,35,-15,-25,
RE,Réunion,,,,,,ChIJO-S4EIF3eCER-erb7ImOf0o,2020-10-15,6,-16,39,-9,-26,
RE,Réunion,,,,,,ChIJO-S4EIF3eCER-erb7ImOf0o,2020-10-16,-8,-20,34,-21,-26,
RE,Réunion,,,,,,ChIJO-S4EIF3eCER-erb7ImOf0o,2020-10-17,4,-13,24,-17,-29,
RE,Réunion,,,,,,ChIJO-S4EIF3eCER-erb7ImOf0o,2020-10-18,0,,55,-8,-28,
RE,Réunion,,,,,,ChIJO-S4EIF3eCER-erb7ImOf0o,2020-10-19,15,-13,45,-11,-31,
RE,Réunion,,,,,,ChIJO-S4EIF3eCER-erb7ImOf0o,2020-10-20,10,-14,66,0,-30,
RE,Réunion,,,,,,ChIJO-S4EIF3eCER-erb7ImOf0o,2020-10-21,20,1,54,0,-32,
RE,Réunion,,,,,,ChIJO-S4EIF3eCER-erb7ImOf0o,2020-10-22,12,-1,63,-5,-33,
RE,Réunion,,,,,,ChIJO-S4EIF3eCER-erb7ImOf0o,2020-10-23,2,-8,46,-8,-26,
RE,Réunion,,,,,,ChIJO-S4EIF3eCER-erb7ImOf0o,2020-10-24,3,-7,29,-12,-33,
RE,Réunion,,,,,,ChIJO-S4EIF3eCER-erb7ImOf0o,2020-10-25,4,,49,-1,-32,
RE,Réunion,,,,,,ChIJO-S4EIF3eCER-erb7ImOf0o,2020-10-26,17,-4,31,-5,-20,
RE,Réunion,,,,,,ChIJO-S4EIF3eCER-erb7ImOf0o,2020-10-27,15,-7,54,20,-18,
RE,Réunion,,,,,,ChIJO-S4EIF3eCER-erb7ImOf0o,2020-10-28,21,-2,49,7,-19,
RE,Réunion,,,,,,ChIJO-S4EIF3eCER-erb7ImOf0o,2020-10-29,18,-1,32,-10,-13,
RE,Réunion,,,,,,ChIJO-S4EIF3eCER-erb7ImOf0o,2020-10-30,-9,-16,22,-21,-22,
RE,Réunion,,,,,,ChIJO-S4EIF3eCER-erb7ImOf0o,2020-10-31,-4,-12,11,-17,-34,
RE,Réunion,,,,,,ChIJO-S4EIF3eCER-erb7ImOf0o,2020-11-01,-13,,26,-16,-36,
RE,Réunion,,,,,,ChIJO-S4EIF3eCER-erb7ImOf0o,2020-11-02,-4,-22,3,-18,-24,
RE,Réunion,,,,,,ChIJO-S4EIF3eCER-erb7ImOf0o,2020-11-03,-5,-19,10,-8,-18,
RE,Réunion,,,,,,ChIJO-S4EIF3eCER-erb7ImOf0o,2020-11-04,1,-17,0,-21,-24,
RE,Réunion,,,,,,ChIJO-S4EIF3eCER-erb7ImOf0o,2020-11-05,-10,-20,10,-31,-16,
RE,Réunion,,,,,,ChIJO-S4EIF3eCER-erb7ImOf0o,2020-11-06,-21,-26,-7,-39,-16,
RE,Réunion,,,,,,ChIJO-S4EIF3eCER-erb7ImOf0o,2020-11-07,-14,-24,-8,-39,-32,
RE,Réunion,,,,,,ChIJO-S4EIF3eCER-erb7ImOf0o,2020-11-08,-22,,4,-33,-39,
RE,Réunion,,,,,,ChIJO-S4EIF3eCER-erb7ImOf0o,2020-11-09,-18,-27,-25,-42,-25,
RE,Réunion,,,,,,ChIJO-S4EIF3eCER-erb7ImOf0o,2020-11-10,-10,-23,-15,-23,-19,
RE,Réunion,,,,,,ChIJO-S4EIF3eCER-erb7ImOf0o,2020-11-11,-24,-47,7,-49,-67,
RE,Réunion,,,,,,ChIJO-S4EIF3eCER-erb7ImOf0o,2020-11-12,-17,-22,-20,-35,-18,
RE,Réunion,,,,,,ChIJO-S4EIF3eCER-erb7ImOf0o,2020-11-13,-26,-34,-20,-50,-18,
RE,Réunion,,,,,,ChIJO-S4EIF3eCER-erb7ImOf0o,2020-11-14,-20,-33,-39,-51,-33,
RE,Réunion,,,,,,ChIJO-S4EIF3eCER-erb7ImOf0o,2020-11-15,-29,,-15,-48,-37,
RE,Réunion,,,,,,ChIJO-S4EIF3eCER-erb7ImOf0o,2020-11-16,-22,-35,-37,-51,-13,
RE,Réunion,,,,,,ChIJO-S4EIF3eCER-erb7ImOf0o,2020-11-17,-22,-35,-32,-42,-18,
RE,Réunion,,,,,,ChIJO-S4EIF3eCER-erb7ImOf0o,2020-11-18,-17,-32,-37,-44,-21,
RE,Réunion,,,,,,ChIJO-S4EIF3eCER-erb7ImOf0o,2020-11-19,-25,-30,-33,-45,-25,
RE,Réunion,,,,,,ChIJO-S4EIF3eCER-erb7ImOf0o,2020-11-20,-32,-42,-33,-56,-14,
RE,Réunion,,,,,,ChIJO-S4EIF3eCER-erb7ImOf0o,2020-11-21,-24,-38,-31,-55,-26,
RE,Réunion,,,,,,ChIJO-S4EIF3eCER-erb7ImOf0o,2020-11-22,-35,,-27,-52,-37,
RE,Réunion,,,,,,ChIJO-S4EIF3eCER-erb7ImOf0o,2020-11-23,-27,-38,-49,-54,-16,
RE,Réunion,,,,,,ChIJO-S4EIF3eCER-erb7ImOf0o,2020-11-24,-27,-37,-35,-46,-18,
RE,Réunion,,,,,,ChIJO-S4EIF3eCER-erb7ImOf0o,2020-11-25,-21,-30,-36,-44,-21,
RE,Réunion,,,,,,ChIJO-S4EIF3eCER-erb7ImOf0o,2020-11-26,-28,-32,-42,-53,-17,
RE,Réunion,,,,,,ChIJO-S4EIF3eCER-erb7ImOf0o,2020-11-27,-29,-39,-38,-53,-18,
RE,Réunion,,,,,,ChIJO-S4EIF3eCER-erb7ImOf0o,2020-11-28,-20,-36,-34,-53,-17,
RE,Réunion,,,,,,ChIJO-S4EIF3eCER-erb7ImOf0o,2020-11-29,-30,,-19,-48,-31,
RE,Réunion,,,,,,ChIJO-S4EIF3eCER-erb7ImOf0o,2020-11-30,-27,-39,-44,-53,-11,
RE,Réunion,,,,,,ChIJO-S4EIF3eCER-erb7ImOf0o,2020-12-01,-26,-38,-37,-48,-12,
RE,Réunion,,,,,,ChIJO-S4EIF3eCER-erb7ImOf0o,2020-12-02,-19,-36,-36,-47,-17,
RE,Réunion,,,,,,ChIJO-S4EIF3eCER-erb7ImOf0o,2020-12-03,-25,-38,-40,-53,-12,
RE,Réunion,,,,,,ChIJO-S4EIF3eCER-erb7ImOf0o,2020-12-04,-30,-42,-39,-54,-11,
RE,Réunion,,,,,,ChIJO-S4EIF3eCER-erb7ImOf0o,2020-12-05,-20,-33,-35,-52,-20,
RE,Réunion,,,,,,ChIJO-S4EIF3eCER-erb7ImOf0o,2020-12-06,-27,,-21,-46,-24,
RE,Réunion,,,,,,ChIJO-S4EIF3eCER-erb7ImOf0o,2020-12-07,-28,-38,-52,-49,-15,
RE,Réunion,,,,,,ChIJO-S4EIF3eCER-erb7ImOf0o,2020-12-08,-24,-32,-42,-39,-10,
RE,Réunion,,,,,,ChIJO-S4EIF3eCER-erb7ImOf0o,2020-12-09,-13,-26,-47,-44,-17,
RE,Réunion,,,,,,ChIJO-S4EIF3eCER-erb7ImOf0o,2020-12-10,-22,-28,-37,-38,-10,
RE,Réunion,,,,,,ChIJO-S4EIF3eCER-erb7ImOf0o,2020-12-11,-30,-41,-36,-50,-11,
RE,Réunion,,,,,,ChIJO-S4EIF3eCER-erb7ImOf0o,2020-12-12,-18,-29,-33,-39,-21,
RE,Réunion,,,,,,ChIJO-S4EIF3eCER-erb7ImOf0o,2020-12-13,-15,,-16,-34,-23,
RE,Réunion,,,,,,ChIJO-S4EIF3eCER-erb7ImOf0o,2020-12-14,-16,-22,-40,-35,-15,
RE,Réunion,,,,,,ChIJO-S4EIF3eCER-erb7ImOf0o,2020-12-15,-12,-23,-35,-11,-11,
RE,Réunion,,,,,,ChIJO-S4EIF3eCER-erb7ImOf0o,2020-12-16,10,0,-12,-5,-15,
RE,Réunion,,,,,,ChIJO-S4EIF3eCER-erb7ImOf0o,2020-12-17,0,1,-7,-13,-10,
RE,Réunion,,,,,,ChIJO-S4EIF3eCER-erb7ImOf0o,2020-12-18,-5,-10,-1,-19,-11,
RE,Réunion,,,,,,ChIJO-S4EIF3eCER-erb7ImOf0o,2020-12-19,8,2,3,-16,-14,
RE,Réunion,,,,,,ChIJO-S4EIF3eCER-erb7ImOf0o,2020-12-20,23,,33,-2,-21,
RE,Réunion,,,,,,ChIJO-S4EIF3eCER-erb7ImOf0o,2020-12-21,42,22,32,10,-32,
RE,Réunion,,,,,,ChIJO-S4EIF3eCER-erb7ImOf0o,2020-12-22,45,32,61,18,-31,
RE,Réunion,,,,,,ChIJO-S4EIF3eCER-erb7ImOf0o,2020-12-23,67,72,66,25,-33,
RE,Réunion,,,,,,ChIJO-S4EIF3eCER-erb7ImOf0o,2020-12-24,22,68,29,5,-36,
RE,Réunion,,,,,,ChIJO-S4EIF3eCER-erb7ImOf0o,2020-12-25,-58,-76,23,-32,-65,
RE,Réunion,,,,,,ChIJO-S4EIF3eCER-erb7ImOf0o,2020-12-26,37,21,46,-2,-27,
RE,Réunion,,,,,,ChIJO-S4EIF3eCER-erb7ImOf0o,2020-12-27,48,,87,28,-25,
RE,Réunion,,,,,,ChIJO-S4EIF3eCER-erb7ImOf0o,2020-12-28,67,49,71,26,-38,
RE,Réunion,,,,,,ChIJO-S4EIF3eCER-erb7ImOf0o,2020-12-29,67,42,120,52,-34,
RE,Réunion,,,,,,ChIJO-S4EIF3eCER-erb7ImOf0o,2020-12-30,91,88,100,63,-33,
RE,Réunion,,,,,,ChIJO-S4EIF3eCER-erb7ImOf0o,2020-12-31,41,91,59,28,-38,
RE,Réunion,,,,,,ChIJO-S4EIF3eCER-erb7ImOf0o,2021-01-01,-40,-76,57,-3,-65,
RE,Réunion,,,,,,ChIJO-S4EIF3eCER-erb7ImOf0o,2021-01-02,47,38,81,18,-24,
RE,Réunion,,,,,,ChIJO-S4EIF3eCER-erb7ImOf0o,2021-01-03,51,,108,34,-23,
RE,Réunion,,,,,,ChIJO-S4EIF3eCER-erb7ImOf0o,2021-01-04,73,50,86,37,-28,
RE,Réunion,,,,,,ChIJO-S4EIF3eCER-erb7ImOf0o,2021-01-05,67,43,101,52,-29,
RE,Réunion,,,,,,ChIJO-S4EIF3eCER-erb7ImOf0o,2021-01-06,73,59,107,40,-27,
RE,Réunion,,,,,,ChIJO-S4EIF3eCER-erb7ImOf0o,2021-01-07,56,46,91,28,-24,
RE,Réunion,,,,,,ChIJO-S4EIF3eCER-erb7ImOf0o,2021-01-08,31,29,80,14,-21,
RE,Réunion,,,,,,ChIJO-S4EIF3eCER-erb7ImOf0o,2021-01-09,37,33,48,14,-16,
RE,Réunion,,,,,,ChIJO-S4EIF3eCER-erb7ImOf0o,2021-01-10,33,,70,21,-20,
RE,Réunion,,,,,,ChIJO-S4EIF3eCER-erb7ImOf0o,2021-01-11,45,31,30,13,-18,
RE,Réunion,,,,,,ChIJO-S4EIF3eCER-erb7ImOf0o,2021-01-12,26,14,22,24,-21,
RE,Réunion,,,,,,ChIJO-S4EIF3eCER-erb7ImOf0o,2021-01-13,51,30,37,16,-22,
RE,Réunion,,,,,,ChIJO-S4EIF3eCER-erb7ImOf0o,2021-01-14,36,17,52,5,-21,
RE,Réunion,,,,,,ChIJO-S4EIF3eCER-erb7ImOf0o,2021-01-15,11,2,40,-3,-19,
RE,Réunion,,,,,,ChIJO-S4EIF3eCER-erb7ImOf0o,2021-01-16,14,3,14,-5,-19,
RE,Réunion,,,,,,ChIJO-S4EIF3eCER-erb7ImOf0o,2021-01-17,15,,40,-1,,
RE,Réunion,,,,,,ChIJO-S4EIF3eCER-erb7ImOf0o,2021-01-18,22,4,20,-7,-18,
RE,Réunion,,,,,,ChIJO-S4EIF3eCER-erb7ImOf0o,2021-01-19,16,-1,30,1,-20,
RE,Réunion,,,,,,ChIJO-S4EIF3eCER-erb7ImOf0o,2021-01-20,26,12,27,-2,-20,
RE,Réunion,,,,,,ChIJO-S4EIF3eCER-erb7ImOf0o,2021-01-21,17,7,22,-14,-17,
RE,Réunion,,,,,,ChIJO-S4EIF3eCER-erb7ImOf0o,2021-01-22,2,-7,21,-18,-17,
RE,Réunion,,,,,,ChIJO-S4EIF3eCER-erb7ImOf0o,2021-01-23,7,0,6,-24,-19,
RE,Réunion,,,,,,ChIJO-S4EIF3eCER-erb7ImOf0o,2021-01-24,0,,18,-14,,
RE,Réunion,,,,,,ChIJO-S4EIF3eCER-erb7ImOf0o,2021-01-25,6,-2,-2,-18,-15,
RE,Réunion,,,,,,ChIJO-S4EIF3eCER-erb7ImOf0o,2021-01-26,8,-3,23,-10,-13,
RE,Réunion,,,,,,ChIJO-S4EIF3eCER-erb7ImOf0o,2021-01-27,17,1,19,-15,-17,
RE,Réunion,,,,,,ChIJO-S4EIF3eCER-erb7ImOf0o,2021-01-28,10,2,14,-12,-10,
RE,Réunion,,,,,,ChIJO-S4EIF3eCER-erb7ImOf0o,2021-01-29,0,-6,13,-29,-11,
RE,Réunion,,,,,,ChIJO-S4EIF3eCER-erb7ImOf0o,2021-01-30,7,-3,7,-24,-22,
RE,Réunion,,,,,,ChIJO-S4EIF3eCER-erb7ImOf0o,2021-01-31,-2,,19,-25,-22,
RE,Réunion,,,,,,ChIJO-S4EIF3eCER-erb7ImOf0o,2021-02-01,2,-9,-5,-28,-13,
RE,Réunion,,,,,,ChIJO-S4EIF3eCER-erb7ImOf0o,2021-02-02,5,-6,8,-11,-12,
RE,Réunion,,,,,,ChIJO-S4EIF3eCER-erb7ImOf0o,2021-02-03,9,-1,4,-29,-13,
RE,Réunion,,,,,,ChIJO-S4EIF3eCER-erb7ImOf0o,2021-02-04,0,-3,4,-25,-9,
RE,Réunion,,,,,,ChIJO-S4EIF3eCER-erb7ImOf0o,2021-02-05,-7,-17,-2,-40,-4,
RE,Réunion,,,,,,ChIJO-S4EIF3eCER-erb7ImOf0o,2021-02-06,2,-10,-9,-35,-15,
RE,Réunion,,,,,,ChIJO-S4EIF3eCER-erb7ImOf0o,2021-02-07,-14,,9,-30,,
RE,Réunion,,,,,,ChIJO-S4EIF3eCER-erb7ImOf0o,2021-02-08,-5,-12,-20,-41,-11,
RE,Réunion,,,,,,ChIJO-S4EIF3eCER-erb7ImOf0o,2021-02-09,-2,-15,-1,-25,-6,
RE,Réunion,,,,,,ChIJO-S4EIF3eCER-erb7ImOf0o,2021-02-10,9,-8,-13,-36,-9,
RE,Réunion,,,,,,ChIJO-S4EIF3eCER-erb7ImOf0o,2021-02-11,-7,-11,-15,-35,-7,
RE,Réunion,,,,,,ChIJO-S4EIF3eCER-erb7ImOf0o,2021-02-12,-14,-25,-18,-51,-7,
RE,Réunion,,,,,,ChIJO-S4EIF3eCER-erb7ImOf0o,2021-02-13,-9,-17,-20,-41,-17,
RE,Réunion,,,,,,ChIJO-S4EIF3eCER-erb7ImOf0o,2021-02-14,-17,,-12,-50,,
RE,Réunion,,,,,,ChIJO-S4EIF3eCER-erb7ImOf0o,2021-02-15,-16,-25,-41,-52,-3,
RE,Réunion,,,,,,ChIJO-S4EIF3eCER-erb7ImOf0o,2021-02-16,-16,-24,-30,-33,-2,
RE,Réunion,,,,,,ChIJO-S4EIF3eCER-erb7ImOf0o,2021-02-17,-9,-15,-38,-44,-9,
RE,Réunion,,,,,,ChIJO-S4EIF3eCER-erb7ImOf0o,2021-02-18,-16,-24,-26,-44,-3,
RE,Réunion,,,,,,ChIJO-S4EIF3eCER-erb7ImOf0o,2021-02-19,-26,-33,-38,-54,1,
RE,Réunion,,,,,,ChIJO-S4EIF3eCER-erb7ImOf0o,2021-02-20,-16,-28,-30,-50,-12,
RE,Réunion,,,,,,ChIJO-S4EIF3eCER-erb7ImOf0o,2021-02-21,-26,,-18,-54,,
RE,Réunion,,,,,,ChIJO-S4EIF3eCER-erb7ImOf0o,2021-02-22,-26,-31,-41,-56,0,
RE,Réunion,,,,,,ChIJO-S4EIF3eCER-erb7ImOf0o,2021-02-23,-22,-32,-34,-41,2,
RE,Réunion,,,,,,ChIJO-S4EIF3eCER-erb7ImOf0o,2021-02-24,-18,-25,-33,-48,-1,
RE,Réunion,,,,,,ChIJO-S4EIF3eCER-erb7ImOf0o,2021-02-25,-25,-28,-34,-51,3,
RE,Réunion,,,,,,ChIJO-S4EIF3eCER-erb7ImOf0o,2021-02-26,-33,-37,-39,-62,4,
RE,Réunion,,,,,,ChIJO-S4EIF3eCER-erb7ImOf0o,2021-02-27,-27,-35,-37,-56,-2,
RE,Réunion,,,,,,ChIJO-S4EIF3eCER-erb7ImOf0o,2021-02-28,-34,,-27,-55,,
RE,Réunion,,,,,,ChIJO-S4EIF3eCER-erb7ImOf0o,2021-03-01,-32,-34,-48,-55,3,
RE,Réunion,,,,,,ChIJO-S4EIF3eCER-erb7ImOf0o,2021-03-02,-31,-36,-41,-48,5,
RE,Réunion,,,,,,ChIJO-S4EIF3eCER-erb7ImOf0o,2021-03-03,-18,-29,-43,-59,-1,
RE,Réunion,,,,,,ChIJO-S4EIF3eCER-erb7ImOf0o,2021-03-04,-22,-31,-39,-58,1,
RE,Réunion,,,,,,ChIJO-S4EIF3eCER-erb7ImOf0o,2021-03-05,-46,-47,-54,-66,0,
RE,Réunion,Saint-Denis,,,,,ChIJXZEW4NiBgiERl18lsd4tQQg,2020-02-15,,,,-13,,
RE,Réunion,Saint-Denis,,,,,ChIJXZEW4NiBgiERl18lsd4tQQg,2020-02-21,,,,-21,,
RE,Réunion,Saint-Denis,,,,,ChIJXZEW4NiBgiERl18lsd4tQQg,2020-02-22,,,,-16,,
RE,Réunion,Saint-Denis,,,,,ChIJXZEW4NiBgiERl18lsd4tQQg,2020-02-28,,,,-21,,
RE,Réunion,Saint-Denis,,,,,ChIJXZEW4NiBgiERl18lsd4tQQg,2020-02-29,,,,-11,,
RE,Réunion,Saint-Denis,,,,,ChIJXZEW4NiBgiERl18lsd4tQQg,2020-03-06,,,,-33,,
RE,Réunion,Saint-Denis,,,,,ChIJXZEW4NiBgiERl18lsd4tQQg,2020-03-07,,,,-34,,
RE,Réunion,Saint-Denis,,,,,ChIJXZEW4NiBgiERl18lsd4tQQg,2020-03-13,,,,-31,,
RE,Réunion,Saint-Denis,,,,,ChIJXZEW4NiBgiERl18lsd4tQQg,2020-03-14,,,,-36,,
RE,Réunion,Saint-Denis,,,,,ChIJXZEW4NiBgiERl18lsd4tQQg,2020-03-19,,,,-28,,
RE,Réunion,Saint-Denis,,,,,ChIJXZEW4NiBgiERl18lsd4tQQg,2020-03-20,,,,-55,,
RE,Réunion,Saint-Denis,,,,,ChIJXZEW4NiBgiERl18lsd4tQQg,2020-03-21,,,,-58,,
RE,Réunion,Saint-Denis,,,,,ChIJXZEW4NiBgiERl18lsd4tQQg,2020-03-23,,,,-72,,
RE,Réunion,Saint-Denis,,,,,ChIJXZEW4NiBgiERl18lsd4tQQg,2020-03-26,,,,-68,,
RE,Réunion,Saint-Denis,,,,,ChIJXZEW4NiBgiERl18lsd4tQQg,2020-03-28,,,,-81,,
RE,Réunion,Saint-Denis,,,,,ChIJXZEW4NiBgiERl18lsd4tQQg,2020-03-29,,,,-76,,
RE,Réunion,Saint-Denis,,,,,ChIJXZEW4NiBgiERl18lsd4tQQg,2020-05-12,,,,-75,,
RE,Réunion,Saint-Denis,,,,,ChIJXZEW4NiBgiERl18lsd4tQQg,2020-05-19,,,,-74,,
RE,Réunion,Saint-Denis,,,,,ChIJXZEW4NiBgiERl18lsd4tQQg,2020-05-23,,,,-89,,
RE,Réunion,Saint-Denis,,,,,ChIJXZEW4NiBgiERl18lsd4tQQg,2020-05-26,,,,-79,,
RE,Réunion,Saint-Denis,,,,,ChIJXZEW4NiBgiERl18lsd4tQQg,2020-05-28,,,,-83,,
RE,Réunion,Saint-Denis,,,,,ChIJXZEW4NiBgiERl18lsd4tQQg,2020-05-29,,,,-83,,
RE,Réunion,Saint-Denis,,,,,ChIJXZEW4NiBgiERl18lsd4tQQg,2020-06-05,,,,-77,,
RE,Réunion,Saint-Denis,,,,,ChIJXZEW4NiBgiERl18lsd4tQQg,2020-06-06,,,,-84,,
RE,Réunion,Saint-Denis,,,,,ChIJXZEW4NiBgiERl18lsd4tQQg,2020-06-08,,,,-79,,
RE,Réunion,Saint-Denis,,,,,ChIJXZEW4NiBgiERl18lsd4tQQg,2020-06-09,,,,-83,,
RE,Réunion,Saint-Denis,,,,,ChIJXZEW4NiBgiERl18lsd4tQQg,2020-06-12,,,,-84,,
RE,Réunion,Saint-Denis,,,,,ChIJXZEW4NiBgiERl18lsd4tQQg,2020-06-13,,,,-78,,
RE,Réunion,Saint-Denis,,,,,ChIJXZEW4NiBgiERl18lsd4tQQg,2020-06-15,,,,-74,,
RE,Réunion,Saint-Denis,,,,,ChIJXZEW4NiBgiERl18lsd4tQQg,2020-06-16,,,,-77,,
RE,Réunion,Saint-Denis,,,,,ChIJXZEW4NiBgiERl18lsd4tQQg,2020-06-18,,,,-77,,
RE,Réunion,Saint-Denis,,,,,ChIJXZEW4NiBgiERl18lsd4tQQg,2020-06-25,,,,-69,,
RE,Réunion,Saint-Denis,,,,,ChIJXZEW4NiBgiERl18lsd4tQQg,2020-06-26,,,,-83,,
RE,Réunion,Saint-Denis,,,,,ChIJXZEW4NiBgiERl18lsd4tQQg,2020-06-27,,,,-77,,
RE,Réunion,Saint-Denis,,,,,ChIJXZEW4NiBgiERl18lsd4tQQg,2020-06-28,,,,-61,,
RE,Réunion,Saint-Denis,,,,,ChIJXZEW4NiBgiERl18lsd4tQQg,2020-06-29,,,,-70,,
RE,Réunion,Saint-Denis,,,,,ChIJXZEW4NiBgiERl18lsd4tQQg,2020-07-02,,,,-54,,
RE,Réunion,Saint-Denis,,,,,ChIJXZEW4NiBgiERl18lsd4tQQg,2020-07-03,,,,-72,,
RE,Réunion,Saint-Denis,,,,,ChIJXZEW4NiBgiERl18lsd4tQQg,2020-07-04,,,,-65,,
RE,Réunion,Saint-Denis,,,,,ChIJXZEW4NiBgiERl18lsd4tQQg,2020-07-06,,,,-68,,
RE,Réunion,Saint-Denis,,,,,ChIJXZEW4NiBgiERl18lsd4tQQg,2020-07-09,,,,-58,,
RE,Réunion,Saint-Denis,,,,,ChIJXZEW4NiBgiERl18lsd4tQQg,2020-07-10,,,,-68,,
RE,Réunion,Saint-Denis,,,,,ChIJXZEW4NiBgiERl18lsd4tQQg,2020-07-11,,,,-58,,
RE,Réunion,Saint-Denis,,,,,ChIJXZEW4NiBgiERl18lsd4tQQg,2020-07-13,,,,-62,,
RE,Réunion,Saint-Denis,,,,,ChIJXZEW4NiBgiERl18lsd4tQQg,2020-07-16,,,,-50,,
RE,Réunion,Saint-Denis,,,,,ChIJXZEW4NiBgiERl18lsd4tQQg,2020-07-17,,,,-55,,
RE,Réunion,Saint-Denis,,,,,ChIJXZEW4NiBgiERl18lsd4tQQg,2020-07-18,,,,-59,,
RE,Réunion,Saint-Denis,,,,,ChIJXZEW4NiBgiERl18lsd4tQQg,2020-07-23,,,,-53,,
RE,Réunion,Saint-Denis,,,,,ChIJXZEW4NiBgiERl18lsd4tQQg,2020-07-24,,,,-49,,
RE,Réunion,Saint-Denis,,,,,ChIJXZEW4NiBgiERl18lsd4tQQg,2020-07-25,,,,-53,,
RE,Réunion,Saint-Denis,,,,,ChIJXZEW4NiBgiERl18lsd4tQQg,2020-07-30,,,,-36,,
RE,Réunion,Saint-Denis,,,,,ChIJXZEW4NiBgiERl18lsd4tQQg,2020-07-31,,,,-44,,
RE,Réunion,Saint-Denis,,,,,ChIJXZEW4NiBgiERl18lsd4tQQg,2020-08-01,,,,-41,,
RE,Réunion,Saint-Denis,,,,,ChIJXZEW4NiBgiERl18lsd4tQQg,2020-08-06,,,,-34,,
RE,Réunion,Saint-Denis,,,,,ChIJXZEW4NiBgiERl18lsd4tQQg,2020-08-07,,,,-43,,
RE,Réunion,Saint-Denis,,,,,ChIJXZEW4NiBgiERl18lsd4tQQg,2020-08-08,,,,-53,,
RE,Réunion,Saint-Denis,,,,,ChIJXZEW4NiBgiERl18lsd4tQQg,2020-08-13,,,,-39,,
RE,Réunion,Saint-Denis,,,,,ChIJXZEW4NiBgiERl18lsd4tQQg,2020-08-14,,,,-44,,
RE,Réunion,Saint-Denis,,,,,ChIJXZEW4NiBgiERl18lsd4tQQg,2020-08-15,,,,-43,,
RE,Réunion,Saint-Denis,,,,,ChIJXZEW4NiBgiERl18lsd4tQQg,2020-09-11,,,,-51,,
RE,Réunion,Saint-Denis,,,,,ChIJXZEW4NiBgiERl18lsd4tQQg,2020-09-12,,,,-49,,
RE,Réunion,Saint-Denis,,,,,ChIJXZEW4NiBgiERl18lsd4tQQg,2020-09-17,,,,-57,,
RE,Réunion,Saint-Denis,,,,,ChIJXZEW4NiBgiERl18lsd4tQQg,2020-09-18,,,,-53,,
RE,Réunion,Saint-Denis,,,,,ChIJXZEW4NiBgiERl18lsd4tQQg,2020-09-19,,,,-51,,
RE,Réunion,Saint-Denis,,,,,ChIJXZEW4NiBgiERl18lsd4tQQg,2020-09-24,,,,-59,,
RE,Réunion,Saint-Denis,,,,,ChIJXZEW4NiBgiERl18lsd4tQQg,2020-09-25,,,,-49,,
RE,Réunion,Saint-Denis,,,,,ChIJXZEW4NiBgiERl18lsd4tQQg,2020-09-26,,,,-54,,
RE,Réunion,Saint-Denis,,,,,ChIJXZEW4NiBgiERl18lsd4tQQg,2020-10-01,,,,-41,,
RE,Réunion,Saint-Denis,,,,,ChIJXZEW4NiBgiERl18lsd4tQQg,2020-10-02,,,,-41,,
RE,Réunion,Saint-Denis,,,,,ChIJXZEW4NiBgiERl18lsd4tQQg,2020-10-03,,,,-37,,
RE,Réunion,Saint-Denis,,,,,ChIJXZEW4NiBgiERl18lsd4tQQg,2020-10-08,,,,-31,,
RE,Réunion,Saint-Denis,,,,,ChIJXZEW4NiBgiERl18lsd4tQQg,2020-10-09,,,,-32,,
RE,Réunion,Saint-Denis,,,,,ChIJXZEW4NiBgiERl18lsd4tQQg,2020-10-10,,,,-36,,
RE,Réunion,Saint-Denis,,,,,ChIJXZEW4NiBgiERl18lsd4tQQg,2020-10-16,,,,-30,,
RE,Réunion,Saint-Denis,,,,,ChIJXZEW4NiBgiERl18lsd4tQQg,2020-10-17,,,,-24,,
RE,Réunion,Saint-Denis,,,,,ChIJXZEW4NiBgiERl18lsd4tQQg,2020-10-23,,,,-16,,
RE,Réunion,Saint-Denis,,,,,ChIJXZEW4NiBgiERl18lsd4tQQg,2020-10-24,,,,-25,,
RE,Réunion,Saint-Denis,,,,,ChIJXZEW4NiBgiERl18lsd4tQQg,2020-10-30,,,,-21,,
RE,Réunion,Saint-Denis,,,,,ChIJXZEW4NiBgiERl18lsd4tQQg,2020-10-31,,,,-12,,
RE,Réunion,Saint-Denis,,,,,ChIJXZEW4NiBgiERl18lsd4tQQg,2020-11-05,,,,-43,,
RE,Réunion,Saint-Denis,,,,,ChIJXZEW4NiBgiERl18lsd4tQQg,2020-11-06,,,,-46,,
RE,Réunion,Saint-Denis,,,,,ChIJXZEW4NiBgiERl18lsd4tQQg,2020-11-07,,,,-54,,
RE,Réunion,Saint-Denis,,,,,ChIJXZEW4NiBgiERl18lsd4tQQg,2020-11-09,,,,-65,,
RE,Réunion,Saint-Denis,,,,,ChIJXZEW4NiBgiERl18lsd4tQQg,2020-11-12,,,,-47,,
RE,Réunion,Saint-Denis,,,,,ChIJXZEW4NiBgiERl18lsd4tQQg,2020-11-13,,,,-65,,
RE,Réunion,Saint-Denis,,,,,ChIJXZEW4NiBgiERl18lsd4tQQg,2020-11-14,,,,-65,,
RE,Réunion,Saint-Denis,,,,,ChIJXZEW4NiBgiERl18lsd4tQQg,2020-11-16,,,,-68,,
RE,Réunion,Saint-Denis,,,,,ChIJXZEW4NiBgiERl18lsd4tQQg,2020-11-19,,,,-57,,
RE,Réunion,Saint-Denis,,,,,ChIJXZEW4NiBgiERl18lsd4tQQg,2020-11-20,,,,-77,,
RE,Réunion,Saint-Denis,,,,,ChIJXZEW4NiBgiERl18lsd4tQQg,2020-11-21,,,,-68,,
RE,Réunion,Saint-Denis,,,,,ChIJXZEW4NiBgiERl18lsd4tQQg,2020-11-23,,,,-71,,
RE,Réunion,Saint-Denis,,,,,ChIJXZEW4NiBgiERl18lsd4tQQg,2020-11-26,,,,-67,,
RE,Réunion,Saint-Denis,,,,,ChIJXZEW4NiBgiERl18lsd4tQQg,2020-11-27,,,,-61,,
RE,Réunion,Saint-Denis,,,,,ChIJXZEW4NiBgiERl18lsd4tQQg,2020-11-28,,,,-67,,
RE,Réunion,Saint-Denis,,,,,ChIJXZEW4NiBgiERl18lsd4tQQg,2020-11-30,,,,-69,,
RE,Réunion,Saint-Denis,,,,,ChIJXZEW4NiBgiERl18lsd4tQQg,2020-12-03,,,,-65,,
RE,Réunion,Saint-Denis,,,,,ChIJXZEW4NiBgiERl18lsd4tQQg,2020-12-04,,,,-58,,
RE,Réunion,Saint-Denis,,,,,ChIJXZEW4NiBgiERl18lsd4tQQg,2020-12-05,,,,-63,,
RE,Réunion,Saint-Denis,,,,,ChIJXZEW4NiBgiERl18lsd4tQQg,2020-12-07,,,,-60,,
RE,Réunion,Saint-Denis,,,,,ChIJXZEW4NiBgiERl18lsd4tQQg,2020-12-10,,,,-43,,
RE,Réunion,Saint-Denis,,,,,ChIJXZEW4NiBgiERl18lsd4tQQg,2020-12-11,,,,-54,,
RE,Réunion,Saint-Denis,,,,,ChIJXZEW4NiBgiERl18lsd4tQQg,2020-12-12,,,,-41,,
RE,Réunion,Saint-Denis,,,,,ChIJXZEW4NiBgiERl18lsd4tQQg,2020-12-19,,,,-23,,
RE,Réunion,Saint-Denis,,,,,ChIJXZEW4NiBgiERl18lsd4tQQg,2020-12-24,,,,-31,,
RE,Réunion,Saint-Denis,,,,,ChIJXZEW4NiBgiERl18lsd4tQQg,2020-12-25,,,,-56,,
RE,Réunion,Saint-Denis,,,,,ChIJXZEW4NiBgiERl18lsd4tQQg,2020-12-26,,,,-27,,
RE,Réunion,Saint-Denis,,,,,ChIJXZEW4NiBgiERl18lsd4tQQg,2021-01-02,,,,6,,
RE,Réunion,Saint-Denis,,,,,ChIJXZEW4NiBgiERl18lsd4tQQg,2021-01-09,,,,16,,
RE,Réunion,Saint-Denis,,,,,ChIJXZEW4NiBgiERl18lsd4tQQg,2021-01-16,,,,-3,,
RE,Réunion,Saint-Denis,,,,,ChIJXZEW4NiBgiERl18lsd4tQQg,2021-01-21,,,,-30,,
RE,Réunion,Saint-Denis,,,,,ChIJXZEW4NiBgiERl18lsd4tQQg,2021-01-22,,,,-17,,
RE,Réunion,Saint-Denis,,,,,ChIJXZEW4NiBgiERl18lsd4tQQg,2021-01-23,,,,-28,,
RE,Réunion,Saint-Denis,,,,,ChIJXZEW4NiBgiERl18lsd4tQQg,2021-01-29,,,,-41,,
RE,Réunion,Saint-Denis,,,,,ChIJXZEW4NiBgiERl18lsd4tQQg,2021-01-30,,,,-34,,
RE,Réunion,Saint-Denis,,,,,ChIJXZEW4NiBgiERl18lsd4tQQg,2021-02-04,,,,-38,,
RE,Réunion,Saint-Denis,,,,,ChIJXZEW4NiBgiERl18lsd4tQQg,2021-02-05,,,,-62,,
RE,Réunion,Saint-Denis,,,,,ChIJXZEW4NiBgiERl18lsd4tQQg,2021-02-06,,,,-49,,
RE,Réunion,Saint-Denis,,,,,ChIJXZEW4NiBgiERl18lsd4tQQg,2021-02-08,,,,-62,,
RE,Réunion,Saint-Denis,,,,,ChIJXZEW4NiBgiERl18lsd4tQQg,2021-02-11,,,,-46,,
RE,Réunion,Saint-Denis,,,,,ChIJXZEW4NiBgiERl18lsd4tQQg,2021-02-12,,,,-67,,
RE,Réunion,Saint-Denis,,,,,ChIJXZEW4NiBgiERl18lsd4tQQg,2021-02-13,,,,-49,,
RE,Réunion,Saint-Denis,,,,,ChIJXZEW4NiBgiERl18lsd4tQQg,2021-02-15,,,,-79,,
RE,Réunion,Saint-Denis,,,,,ChIJXZEW4NiBgiERl18lsd4tQQg,2021-02-18,,,,-54,,
RE,Réunion,Saint-Denis,,,,,ChIJXZEW4NiBgiERl18lsd4tQQg,2021-02-19,,,,-69,,
RE,Réunion,Saint-Denis,,,,,ChIJXZEW4NiBgiERl18lsd4tQQg,2021-02-20,,,,-60,,
RE,Réunion,Saint-Denis,,,,,ChIJXZEW4NiBgiERl18lsd4tQQg,2021-02-21,,,,-71,,
RE,Réunion,Saint-Denis,,,,,ChIJXZEW4NiBgiERl18lsd4tQQg,2021-02-22,,,,-74,,
RE,Réunion,Saint-Denis,,,,,ChIJXZEW4NiBgiERl18lsd4tQQg,2021-02-25,,,,-63,,
RE,Réunion,Saint-Denis,,,,,ChIJXZEW4NiBgiERl18lsd4tQQg,2021-02-26,,,,-77,,
RE,Réunion,Saint-Denis,,,,,ChIJXZEW4NiBgiERl18lsd4tQQg,2021-02-27,,,,-63,,
RE,Réunion,Saint-Denis,,,,,ChIJXZEW4NiBgiERl18lsd4tQQg,2021-03-01,,,,-64,,
RE,Réunion,Saint-Denis,,,,,ChIJXZEW4NiBgiERl18lsd4tQQg,2021-03-04,,,,-74,,
RE,Réunion,Saint-Denis,,,,,ChIJXZEW4NiBgiERl18lsd4tQQg,2021-03-05,,,,-79,,
RE,Réunion,Saint-Paul,,,,,ChIJ7ahVIVuPgiERFKhXDMj6dL4,2020-02-15,,,-20,,,
RE,Réunion,Saint-Paul,,,,,ChIJ7ahVIVuPgiERFKhXDMj6dL4,2020-02-29,,,-14,,,
RE,Réunion,Saint-Paul,,,,,ChIJ7ahVIVuPgiERFKhXDMj6dL4,2020-03-06,-26,,-28,,,
RE,Réunion,Saint-Paul,,,,,ChIJ7ahVIVuPgiERFKhXDMj6dL4,2020-03-07,,,-39,,,
RE,Réunion,Saint-Paul,,,,,ChIJ7ahVIVuPgiERFKhXDMj6dL4,2020-03-14,,,-13,,,
RE,Réunion,Saint-Paul,,,,,ChIJ7ahVIVuPgiERFKhXDMj6dL4,2020-03-18,,,-66,,,
RE,Réunion,Saint-Paul,,,,,ChIJ7ahVIVuPgiERFKhXDMj6dL4,2020-03-19,,,-79,,,
RE,Réunion,Saint-Paul,,,,,ChIJ7ahVIVuPgiERFKhXDMj6dL4,2020-04-02,,,,,-70,
RE,Réunion,Saint-Paul,,,,,ChIJ7ahVIVuPgiERFKhXDMj6dL4,2020-05-11,,,-75,,,
RE,Réunion,Saint-Paul,,,,,ChIJ7ahVIVuPgiERFKhXDMj6dL4,2020-05-12,,,-84,,,
RE,Réunion,Saint-Paul,,,,,ChIJ7ahVIVuPgiERFKhXDMj6dL4,2020-05-13,,,-78,,,
RE,Réunion,Saint-Paul,,,,,ChIJ7ahVIVuPgiERFKhXDMj6dL4,2020-05-14,,,-76,,,
RE,Réunion,Saint-Paul,,,,,ChIJ7ahVIVuPgiERFKhXDMj6dL4,2020-05-15,,,-81,,,
RE,Réunion,Saint-Paul,,,,,ChIJ7ahVIVuPgiERFKhXDMj6dL4,2020-05-16,,,-74,,,
RE,Réunion,Saint-Paul,,,,,ChIJ7ahVIVuPgiERFKhXDMj6dL4,2020-05-17,,,-71,,,
RE,Réunion,Saint-Paul,,,,,ChIJ7ahVIVuPgiERFKhXDMj6dL4,2020-05-18,,,-80,,,
RE,Réunion,Saint-Paul,,,,,ChIJ7ahVIVuPgiERFKhXDMj6dL4,2020-05-19,,,-76,,,
RE,Réunion,Saint-Paul,,,,,ChIJ7ahVIVuPgiERFKhXDMj6dL4,2020-05-20,,,-73,,,
RE,Réunion,Saint-Paul,,,,,ChIJ7ahVIVuPgiERFKhXDMj6dL4,2020-05-22,,,-76,,,
RE,Réunion,Saint-Paul,,,,,ChIJ7ahVIVuPgiERFKhXDMj6dL4,2020-05-23,,,-74,,,
RE,Réunion,Saint-Paul,,,,,ChIJ7ahVIVuPgiERFKhXDMj6dL4,2020-05-24,,,-65,,,
RE,Réunion,Saint-Paul,,,,,ChIJ7ahVIVuPgiERFKhXDMj6dL4,2020-05-25,,,-77,,,
RE,Réunion,Saint-Paul,,,,,ChIJ7ahVIVuPgiERFKhXDMj6dL4,2020-05-26,,,-79,,,
RE,Réunion,Saint-Paul,,,,,ChIJ7ahVIVuPgiERFKhXDMj6dL4,2020-05-27,,,-69,,,
RE,Réunion,Saint-Paul,,,,,ChIJ7ahVIVuPgiERFKhXDMj6dL4,2020-05-28,,,-73,,,
RE,Réunion,Saint-Paul,,,,,ChIJ7ahVIVuPgiERFKhXDMj6dL4,2020-05-29,,,-78,,,
RE,Réunion,Saint-Paul,,,,,ChIJ7ahVIVuPgiERFKhXDMj6dL4,2020-05-30,,,-74,,,
RE,Réunion,Saint-Paul,,,,,ChIJ7ahVIVuPgiERFKhXDMj6dL4,2020-05-31,,,-67,,,
RE,Réunion,Saint-Paul,,,,,ChIJ7ahVIVuPgiERFKhXDMj6dL4,2020-06-02,,,-75,,,
RE,Réunion,Saint-Paul,,,,,ChIJ7ahVIVuPgiERFKhXDMj6dL4,2020-06-03,,,-78,,,
RE,Réunion,Saint-Paul,,,,,ChIJ7ahVIVuPgiERFKhXDMj6dL4,2020-06-04,,,-71,,,
RE,Réunion,Saint-Paul,,,,,ChIJ7ahVIVuPgiERFKhXDMj6dL4,2020-06-05,,,-74,,,
RE,Réunion,Saint-Paul,,,,,ChIJ7ahVIVuPgiERFKhXDMj6dL4,2020-06-06,,,-68,,,
RE,Réunion,Saint-Paul,,,,,ChIJ7ahVIVuPgiERFKhXDMj6dL4,2020-06-07,,,-73,,,
RE,Réunion,Saint-Paul,,,,,ChIJ7ahVIVuPgiERFKhXDMj6dL4,2020-06-09,,,-76,,,
RE,Réunion,Saint-Paul,,,,,ChIJ7ahVIVuPgiERFKhXDMj6dL4,2020-06-10,,,-74,,,
RE,Réunion,Saint-Paul,,,,,ChIJ7ahVIVuPgiERFKhXDMj6dL4,2020-06-11,,,-81,,,
RE,Réunion,Saint-Paul,,,,,ChIJ7ahVIVuPgiERFKhXDMj6dL4,2020-06-12,,,-79,,,
RE,Réunion,Saint-Paul,,,,,ChIJ7ahVIVuPgiERFKhXDMj6dL4,2020-06-13,,,-70,,,
RE,Réunion,Saint-Paul,,,,,ChIJ7ahVIVuPgiERFKhXDMj6dL4,2020-06-14,,,-65,,,
RE,Réunion,Saint-Paul,,,,,ChIJ7ahVIVuPgiERFKhXDMj6dL4,2020-06-15,,,-78,,,
RE,Réunion,Saint-Paul,,,,,ChIJ7ahVIVuPgiERFKhXDMj6dL4,2020-06-18,,,-81,,,
RE,Réunion,Saint-Paul,,,,,ChIJ7ahVIVuPgiERFKhXDMj6dL4,2020-06-19,,,-78,,,
RE,Réunion,Saint-Paul,,,,,ChIJ7ahVIVuPgiERFKhXDMj6dL4,2020-06-20,,,-75,,,
RE,Réunion,Saint-Paul,,,,,ChIJ7ahVIVuPgiERFKhXDMj6dL4,2020-06-21,,,-70,,,
RE,Réunion,Saint-Paul,,,,,ChIJ7ahVIVuPgiERFKhXDMj6dL4,2020-06-22,,,-79,,,
RE,Réunion,Saint-Paul,,,,,ChIJ7ahVIVuPgiERFKhXDMj6dL4,2020-06-23,,,-77,,,
RE,Réunion,Saint-Paul,,,,,ChIJ7ahVIVuPgiERFKhXDMj6dL4,2020-06-24,,,-71,,,
RE,Réunion,Saint-Paul,,,,,ChIJ7ahVIVuPgiERFKhXDMj6dL4,2020-06-25,,,-73,,,
RE,Réunion,Saint-Paul,,,,,ChIJ7ahVIVuPgiERFKhXDMj6dL4,2020-06-26,,,-77,,,
RE,Réunion,Saint-Paul,,,,,ChIJ7ahVIVuPgiERFKhXDMj6dL4,2020-06-27,,,-65,,,
RE,Réunion,Saint-Paul,,,,,ChIJ7ahVIVuPgiERFKhXDMj6dL4,2020-06-28,,,-67,,,
RE,Réunion,Saint-Paul,,,,,ChIJ7ahVIVuPgiERFKhXDMj6dL4,2020-06-29,,,-78,,,
RE,Réunion,Saint-Paul,,,,,ChIJ7ahVIVuPgiERFKhXDMj6dL4,2020-06-30,,,-72,,,
RE,Réunion,Saint-Paul,,,,,ChIJ7ahVIVuPgiERFKhXDMj6dL4,2020-07-01,,,-70,,,
RE,Réunion,Saint-Paul,,,,,ChIJ7ahVIVuPgiERFKhXDMj6dL4,2020-07-02,,,-71,,,
RE,Réunion,Saint-Paul,,,,,ChIJ7ahVIVuPgiERFKhXDMj6dL4,2020-07-03,,,-76,,,
RE,Réunion,Saint-Paul,,,,,ChIJ7ahVIVuPgiERFKhXDMj6dL4,2020-07-04,,,-63,,,
RE,Réunion,Saint-Paul,,,,,ChIJ7ahVIVuPgiERFKhXDMj6dL4,2020-07-05,,,-47,,,
RE,Réunion,Saint-Paul,,,,,ChIJ7ahVIVuPgiERFKhXDMj6dL4,2020-07-06,,,-63,,,
RE,Réunion,Saint-Paul,,,,,ChIJ7ahVIVuPgiERFKhXDMj6dL4,2020-07-09,,,-61,,,
RE,Réunion,Saint-Paul,,,,,ChIJ7ahVIVuPgiERFKhXDMj6dL4,2020-07-10,,,-61,,,
RE,Réunion,Saint-Paul,,,,,ChIJ7ahVIVuPgiERFKhXDMj6dL4,2020-07-11,,,-52,,,
RE,Réunion,Saint-Paul,,,,,ChIJ7ahVIVuPgiERFKhXDMj6dL4,2020-07-12,,,-41,,,
RE,Réunion,Saint-Paul,,,,,ChIJ7ahVIVuPgiERFKhXDMj6dL4,2020-07-17,-40,-37,-48,,,
RE,Réunion,Saint-Paul,,,,,ChIJ7ahVIVuPgiERFKhXDMj6dL4,2020-07-18,,,-30,,,
RE,Réunion,Saint-Paul,,,,,ChIJ7ahVIVuPgiERFKhXDMj6dL4,2020-07-19,,,-22,,,
RE,Réunion,Saint-Paul,,,,,ChIJ7ahVIVuPgiERFKhXDMj6dL4,2020-07-24,-33,,,,,
RE,Réunion,Saint-Paul,,,,,ChIJ7ahVIVuPgiERFKhXDMj6dL4,2020-07-25,,,-20,,,
RE,Réunion,Saint-Paul,,,,,ChIJ7ahVIVuPgiERFKhXDMj6dL4,2020-08-15,,,-12,,,
RE,Réunion,Saint-Paul,,,,,ChIJ7ahVIVuPgiERFKhXDMj6dL4,2020-09-11,-33,,,,,
RE,Réunion,Saint-Paul,,,,,ChIJ7ahVIVuPgiERFKhXDMj6dL4,2020-09-12,,,-23,,,
RE,Réunion,Saint-Paul,,,,,ChIJ7ahVIVuPgiERFKhXDMj6dL4,2020-09-13,,,-28,,,
RE,Réunion,Saint-Paul,,,,,ChIJ7ahVIVuPgiERFKhXDMj6dL4,2020-09-18,-37,,-33,,,
RE,Réunion,Saint-Paul,,,,,ChIJ7ahVIVuPgiERFKhXDMj6dL4,2020-09-19,,,-25,,,
RE,Réunion,Saint-Paul,,,,,ChIJ7ahVIVuPgiERFKhXDMj6dL4,2020-09-20,,,-20,,,
RE,Réunion,Saint-Paul,,,,,ChIJ7ahVIVuPgiERFKhXDMj6dL4,2020-09-25,-40,,-40,,,
RE,Réunion,Saint-Paul,,,,,ChIJ7ahVIVuPgiERFKhXDMj6dL4,2020-09-26,,,-27,,,
RE,Réunion,Saint-Paul,,,,,ChIJ7ahVIVuPgiERFKhXDMj6dL4,2020-10-02,-35,,,,,
RE,Réunion,Saint-Paul,,,,,ChIJ7ahVIVuPgiERFKhXDMj6dL4,2020-10-03,,,-12,,,
RE,Réunion,Saint-Paul,,,,,ChIJ7ahVIVuPgiERFKhXDMj6dL4,2020-11-06,-26,,,,,
RE,Réunion,Saint-Paul,,,,,ChIJ7ahVIVuPgiERFKhXDMj6dL4,2020-11-13,-32,-36,-30,,,
RE,Réunion,Saint-Paul,,,,,ChIJ7ahVIVuPgiERFKhXDMj6dL4,2020-11-14,,,-36,,,
RE,Réunion,Saint-Paul,,,,,ChIJ7ahVIVuPgiERFKhXDMj6dL4,2020-11-15,,,-22,,,
RE,Réunion,Saint-Paul,,,,,ChIJ7ahVIVuPgiERFKhXDMj6dL4,2020-11-20,,,-46,,,
RE,Réunion,Saint-Paul,,,,,ChIJ7ahVIVuPgiERFKhXDMj6dL4,2020-11-21,,,-34,,,
RE,Réunion,Saint-Paul,,,,,ChIJ7ahVIVuPgiERFKhXDMj6dL4,2020-11-22,,,-44,,,
RE,Réunion,Saint-Paul,,,,,ChIJ7ahVIVuPgiERFKhXDMj6dL4,2020-11-27,-35,,-52,,,
RE,Réunion,Saint-Paul,,,,,ChIJ7ahVIVuPgiERFKhXDMj6dL4,2020-11-28,,,-37,,,
RE,Réunion,Saint-Paul,,,,,ChIJ7ahVIVuPgiERFKhXDMj6dL4,2020-11-29,,,-36,,,
RE,Réunion,Saint-Paul,,,,,ChIJ7ahVIVuPgiERFKhXDMj6dL4,2020-12-04,,,-42,,,
RE,Réunion,Saint-Paul,,,,,ChIJ7ahVIVuPgiERFKhXDMj6dL4,2020-12-05,,,-32,,,
RE,Réunion,Saint-Paul,,,,,ChIJ7ahVIVuPgiERFKhXDMj6dL4,2020-12-06,,,-43,,,
RE,Réunion,Saint-Paul,,,,,ChIJ7ahVIVuPgiERFKhXDMj6dL4,2020-12-11,,,-50,,,
RE,Réunion,Saint-Paul,,,,,ChIJ7ahVIVuPgiERFKhXDMj6dL4,2020-12-12,,,-33,,,
RE,Réunion,Saint-Paul,,,,,ChIJ7ahVIVuPgiERFKhXDMj6dL4,2020-12-13,,,-31,,,
RE,Réunion,Saint-Paul,,,,,ChIJ7ahVIVuPgiERFKhXDMj6dL4,2020-12-25,-53,,,,,
RE,Réunion,Saint-Paul,,,,,ChIJ7ahVIVuPgiERFKhXDMj6dL4,2021-01-24,,,-20,,,
RE,Réunion,Saint-Paul,,,,,ChIJ7ahVIVuPgiERFKhXDMj6dL4,2021-02-12,,,-33,,,
RE,Réunion,Saint-Paul,,,,,ChIJ7ahVIVuPgiERFKhXDMj6dL4,2021-02-13,,,-28,,,
RE,Réunion,Saint-Paul,,,,,ChIJ7ahVIVuPgiERFKhXDMj6dL4,2021-02-14,,,-27,,,
RE,Réunion,Saint-Paul,,,,,ChIJ7ahVIVuPgiERFKhXDMj6dL4,2021-02-19,-35,,-41,,,
RE,Réunion,Saint-Paul,,,,,ChIJ7ahVIVuPgiERFKhXDMj6dL4,2021-02-20,,,-30,,,
RE,Réunion,Saint-Paul,,,,,ChIJ7ahVIVuPgiERFKhXDMj6dL4,2021-02-21,,,-34,,,
RE,Réunion,Saint-Paul,,,,,ChIJ7ahVIVuPgiERFKhXDMj6dL4,2021-02-26,,,-45,,,
RE,Réunion,Saint-Paul,,,,,ChIJ7ahVIVuPgiERFKhXDMj6dL4,2021-02-27,,,-35,,,
RE,Réunion,Saint-Paul,,,,,ChIJ7ahVIVuPgiERFKhXDMj6dL4,2021-02-28,,,-50,,,
RE,Réunion,Saint-Paul,,,,,ChIJ7ahVIVuPgiERFKhXDMj6dL4,2021-03-05,,,-63,,,
RE,Réunion,Saint-Pierre,,,,,ChIJ5aaMcJBzeCERkJMw1B6lWBw,2020-02-15,,,,-4,,
RE,Réunion,Saint-Pierre,,,,,ChIJ5aaMcJBzeCERkJMw1B6lWBw,2020-02-16,,,,-13,,
RE,Réunion,Saint-Pierre,,,,,ChIJ5aaMcJBzeCERkJMw1B6lWBw,2020-02-17,,,,6,,
RE,Réunion,Saint-Pierre,,,,,ChIJ5aaMcJBzeCERkJMw1B6lWBw,2020-02-21,,,,-12,,
RE,Réunion,Saint-Pierre,,,,,ChIJ5aaMcJBzeCERkJMw1B6lWBw,2020-02-22,,,,-2,,
RE,Réunion,Saint-Pierre,,,,,ChIJ5aaMcJBzeCERkJMw1B6lWBw,2020-02-23,,,,-2,,
RE,Réunion,Saint-Pierre,,,,,ChIJ5aaMcJBzeCERkJMw1B6lWBw,2020-02-24,,,,4,,
RE,Réunion,Saint-Pierre,,,,,ChIJ5aaMcJBzeCERkJMw1B6lWBw,2020-02-28,,,,-24,,
RE,Réunion,Saint-Pierre,,,,,ChIJ5aaMcJBzeCERkJMw1B6lWBw,2020-02-29,,,,-13,,
RE,Réunion,Saint-Pierre,,,,,ChIJ5aaMcJBzeCERkJMw1B6lWBw,2020-03-01,,,,-22,,
RE,Réunion,Saint-Pierre,,,,,ChIJ5aaMcJBzeCERkJMw1B6lWBw,2020-03-02,,,,-17,,
RE,Réunion,Saint-Pierre,,,,,ChIJ5aaMcJBzeCERkJMw1B6lWBw,2020-03-03,,,,-13,,
RE,Réunion,Saint-Pierre,,,,,ChIJ5aaMcJBzeCERkJMw1B6lWBw,2020-03-04,,,,-16,,
RE,Réunion,Saint-Pierre,,,,,ChIJ5aaMcJBzeCERkJMw1B6lWBw,2020-03-06,,,,-34,,
RE,Réunion,Saint-Pierre,,,,,ChIJ5aaMcJBzeCERkJMw1B6lWBw,2020-03-07,,,,-21,,
RE,Réunion,Saint-Pierre,,,,,ChIJ5aaMcJBzeCERkJMw1B6lWBw,2020-03-08,,,,-22,,
RE,Réunion,Saint-Pierre,,,,,ChIJ5aaMcJBzeCERkJMw1B6lWBw,2020-03-09,,,,-14,,
RE,Réunion,Saint-Pierre,,,,,ChIJ5aaMcJBzeCERkJMw1B6lWBw,2020-03-10,,,,-9,,
RE,Réunion,Saint-Pierre,,,,,ChIJ5aaMcJBzeCERkJMw1B6lWBw,2020-03-13,,,,-27,,
RE,Réunion,Saint-Pierre,,,,,ChIJ5aaMcJBzeCERkJMw1B6lWBw,2020-03-14,,,,-21,,
RE,Réunion,Saint-Pierre,,,,,ChIJ5aaMcJBzeCERkJMw1B6lWBw,2020-03-15,,,,-26,,
RE,Réunion,Saint-Pierre,,,,,ChIJ5aaMcJBzeCERkJMw1B6lWBw,2020-03-16,,,,-28,,
RE,Réunion,Saint-Pierre,,,,,ChIJ5aaMcJBzeCERkJMw1B6lWBw,2020-03-17,,,,-34,,
RE,Réunion,Saint-Pierre,,,,,ChIJ5aaMcJBzeCERkJMw1B6lWBw,2020-03-18,,,,-64,,
RE,Réunion,Saint-Pierre,,,,,ChIJ5aaMcJBzeCERkJMw1B6lWBw,2020-03-19,,,,-61,,
RE,Réunion,Saint-Pierre,,,,,ChIJ5aaMcJBzeCERkJMw1B6lWBw,2020-03-20,,,,-77,,
RE,Réunion,Saint-Pierre,,,,,ChIJ5aaMcJBzeCERkJMw1B6lWBw,2020-03-21,,,,-78,,
RE,Réunion,Saint-Pierre,,,,,ChIJ5aaMcJBzeCERkJMw1B6lWBw,2020-03-22,,,,-81,,
RE,Réunion,Saint-Pierre,,,,,ChIJ5aaMcJBzeCERkJMw1B6lWBw,2020-03-23,,,,-79,,
RE,Réunion,Saint-Pierre,,,,,ChIJ5aaMcJBzeCERkJMw1B6lWBw,2020-03-24,,,,-80,,
RE,Réunion,Saint-Pierre,,,,,ChIJ5aaMcJBzeCERkJMw1B6lWBw,2020-03-25,,,,-75,,
RE,Réunion,Saint-Pierre,,,,,ChIJ5aaMcJBzeCERkJMw1B6lWBw,2020-03-26,,,,-78,,
RE,Réunion,Saint-Pierre,,,,,ChIJ5aaMcJBzeCERkJMw1B6lWBw,2020-03-27,,,,-84,,
RE,Réunion,Saint-Pierre,,,,,ChIJ5aaMcJBzeCERkJMw1B6lWBw,2020-03-28,,,,-86,,
RE,Réunion,Saint-Pierre,,,,,ChIJ5aaMcJBzeCERkJMw1B6lWBw,2020-03-30,,,,-81,,
RE,Réunion,Saint-Pierre,,,,,ChIJ5aaMcJBzeCERkJMw1B6lWBw,2020-03-31,,,,-84,,
RE,Réunion,Saint-Pierre,,,,,ChIJ5aaMcJBzeCERkJMw1B6lWBw,2020-04-01,,,,-79,,
RE,Réunion,Saint-Pierre,,,,,ChIJ5aaMcJBzeCERkJMw1B6lWBw,2020-04-02,,,,-87,,
RE,Réunion,Saint-Pierre,,,,,ChIJ5aaMcJBzeCERkJMw1B6lWBw,2020-04-03,,,,-85,,
RE,Réunion,Saint-Pierre,,,,,ChIJ5aaMcJBzeCERkJMw1B6lWBw,2020-04-04,,,,-87,,
RE,Réunion,Saint-Pierre,,,,,ChIJ5aaMcJBzeCERkJMw1B6lWBw,2020-04-05,,,,-87,,
RE,Réunion,Saint-Pierre,,,,,ChIJ5aaMcJBzeCERkJMw1B6lWBw,2020-04-06,,,,-82,,
RE,Réunion,Saint-Pierre,,,,,ChIJ5aaMcJBzeCERkJMw1B6lWBw,2020-04-07,,,,-76,,
RE,Réunion,Saint-Pierre,,,,,ChIJ5aaMcJBzeCERkJMw1B6lWBw,2020-04-08,,,,-80,,
RE,Réunion,Saint-Pierre,,,,,ChIJ5aaMcJBzeCERkJMw1B6lWBw,2020-04-09,,,,-75,,
RE,Réunion,Saint-Pierre,,,,,ChIJ5aaMcJBzeCERkJMw1B6lWBw,2020-04-10,,,,-85,,
RE,Réunion,Saint-Pierre,,,,,ChIJ5aaMcJBzeCERkJMw1B6lWBw,2020-04-11,,,,-86,,
RE,Réunion,Saint-Pierre,,,,,ChIJ5aaMcJBzeCERkJMw1B6lWBw,2020-04-13,,,,-85,,
RE,Réunion,Saint-Pierre,,,,,ChIJ5aaMcJBzeCERkJMw1B6lWBw,2020-04-14,,,,-77,,
RE,Réunion,Saint-Pierre,,,,,ChIJ5aaMcJBzeCERkJMw1B6lWBw,2020-04-15,,,,-78,,
RE,Réunion,Saint-Pierre,,,,,ChIJ5aaMcJBzeCERkJMw1B6lWBw,2020-04-16,,,,-79,,
RE,Réunion,Saint-Pierre,,,,,ChIJ5aaMcJBzeCERkJMw1B6lWBw,2020-04-17,,,,-83,,
RE,Réunion,Saint-Pierre,,,,,ChIJ5aaMcJBzeCERkJMw1B6lWBw,2020-04-18,,,,-90,,
RE,Réunion,Saint-Pierre,,,,,ChIJ5aaMcJBzeCERkJMw1B6lWBw,2020-04-20,,,,-78,,
RE,Réunion,Saint-Pierre,,,,,ChIJ5aaMcJBzeCERkJMw1B6lWBw,2020-04-21,,,,-80,,
RE,Réunion,Saint-Pierre,,,,,ChIJ5aaMcJBzeCERkJMw1B6lWBw,2020-04-22,,,,-81,,
RE,Réunion,Saint-Pierre,,,,,ChIJ5aaMcJBzeCERkJMw1B6lWBw,2020-04-23,,,,-77,,
RE,Réunion,Saint-Pierre,,,,,ChIJ5aaMcJBzeCERkJMw1B6lWBw,2020-04-24,,,,-82,,
RE,Réunion,Saint-Pierre,,,,,ChIJ5aaMcJBzeCERkJMw1B6lWBw,2020-04-25,,,,-86,,
RE,Réunion,Saint-Pierre,,,,,ChIJ5aaMcJBzeCERkJMw1B6lWBw,2020-04-27,,,,-81,,
RE,Réunion,Saint-Pierre,,,,,ChIJ5aaMcJBzeCERkJMw1B6lWBw,2020-04-28,,,,-79,,
RE,Réunion,Saint-Pierre,,,,,ChIJ5aaMcJBzeCERkJMw1B6lWBw,2020-04-29,,,,-75,,
RE,Réunion,Saint-Pierre,,,,,ChIJ5aaMcJBzeCERkJMw1B6lWBw,2020-04-30,,,,-73,,
RE,Réunion,Saint-Pierre,,,,,ChIJ5aaMcJBzeCERkJMw1B6lWBw,2020-05-01,,,,-88,-78,
RE,Réunion,Saint-Pierre,,,,,ChIJ5aaMcJBzeCERkJMw1B6lWBw,2020-05-02,,,,-84,,
RE,Réunion,Saint-Pierre,,,,,ChIJ5aaMcJBzeCERkJMw1B6lWBw,2020-05-03,,,,-78,,
RE,Réunion,Saint-Pierre,,,,,ChIJ5aaMcJBzeCERkJMw1B6lWBw,2020-05-04,,,,-82,,
RE,Réunion,Saint-Pierre,,,,,ChIJ5aaMcJBzeCERkJMw1B6lWBw,2020-05-05,,,,-77,,
RE,Réunion,Saint-Pierre,,,,,ChIJ5aaMcJBzeCERkJMw1B6lWBw,2020-05-06,,,,-73,,
RE,Réunion,Saint-Pierre,,,,,ChIJ5aaMcJBzeCERkJMw1B6lWBw,2020-05-07,,,,-70,,
RE,Réunion,Saint-Pierre,,,,,ChIJ5aaMcJBzeCERkJMw1B6lWBw,2020-05-08,,,,-83,,
RE,Réunion,Saint-Pierre,,,,,ChIJ5aaMcJBzeCERkJMw1B6lWBw,2020-05-09,,,,-81,,
RE,Réunion,Saint-Pierre,,,,,ChIJ5aaMcJBzeCERkJMw1B6lWBw,2020-05-10,,,,-78,,
RE,Réunion,Saint-Pierre,,,,,ChIJ5aaMcJBzeCERkJMw1B6lWBw,2020-05-11,,,-74,-61,,
RE,Réunion,Saint-Pierre,,,,,ChIJ5aaMcJBzeCERkJMw1B6lWBw,2020-05-12,,,-74,-61,,
RE,Réunion,Saint-Pierre,,,,,ChIJ5aaMcJBzeCERkJMw1B6lWBw,2020-05-13,,,,-60,,
RE,Réunion,Saint-Pierre,,,,,ChIJ5aaMcJBzeCERkJMw1B6lWBw,2020-05-14,,,,-60,,
RE,Réunion,Saint-Pierre,,,,,ChIJ5aaMcJBzeCERkJMw1B6lWBw,2020-05-15,,,,-66,,
RE,Réunion,Saint-Pierre,,,,,ChIJ5aaMcJBzeCERkJMw1B6lWBw,2020-05-16,,,-64,-64,,
RE,Réunion,Saint-Pierre,,,,,ChIJ5aaMcJBzeCERkJMw1B6lWBw,2020-05-17,,,-56,-71,,
RE,Réunion,Saint-Pierre,,,,,ChIJ5aaMcJBzeCERkJMw1B6lWBw,2020-05-18,,,,-61,,
RE,Réunion,Saint-Pierre,,,,,ChIJ5aaMcJBzeCERkJMw1B6lWBw,2020-05-19,,,-79,-68,,
RE,Réunion,Saint-Pierre,,,,,ChIJ5aaMcJBzeCERkJMw1B6lWBw,2020-05-20,,,,-63,,
RE,Réunion,Saint-Pierre,,,,,ChIJ5aaMcJBzeCERkJMw1B6lWBw,2020-05-21,,,,-60,,
RE,Réunion,Saint-Pierre,,,,,ChIJ5aaMcJBzeCERkJMw1B6lWBw,2020-05-22,,,,-69,,
RE,Réunion,Saint-Pierre,,,,,ChIJ5aaMcJBzeCERkJMw1B6lWBw,2020-05-23,,,-69,-67,,
RE,Réunion,Saint-Pierre,,,,,ChIJ5aaMcJBzeCERkJMw1B6lWBw,2020-05-24,,,-68,-69,,
RE,Réunion,Saint-Pierre,,,,,ChIJ5aaMcJBzeCERkJMw1B6lWBw,2020-05-25,,,,-70,,
RE,Réunion,Saint-Pierre,,,,,ChIJ5aaMcJBzeCERkJMw1B6lWBw,2020-05-26,,,,-62,,
RE,Réunion,Saint-Pierre,,,,,ChIJ5aaMcJBzeCERkJMw1B6lWBw,2020-05-27,,,,-60,,
RE,Réunion,Saint-Pierre,,,,,ChIJ5aaMcJBzeCERkJMw1B6lWBw,2020-05-28,,,,-63,,
RE,Réunion,Saint-Pierre,,,,,ChIJ5aaMcJBzeCERkJMw1B6lWBw,2020-05-29,,,,-72,,
RE,Réunion,Saint-Pierre,,,,,ChIJ5aaMcJBzeCERkJMw1B6lWBw,2020-05-30,,,-64,-65,,
RE,Réunion,Saint-Pierre,,,,,ChIJ5aaMcJBzeCERkJMw1B6lWBw,2020-05-31,,,-58,-70,,
RE,Réunion,Saint-Pierre,,,,,ChIJ5aaMcJBzeCERkJMw1B6lWBw,2020-06-01,,,-69,-67,,
RE,Réunion,Saint-Pierre,,,,,ChIJ5aaMcJBzeCERkJMw1B6lWBw,2020-06-02,,,,-71,,
RE,Réunion,Saint-Pierre,,,,,ChIJ5aaMcJBzeCERkJMw1B6lWBw,2020-06-03,,,,-60,,
RE,Réunion,Saint-Pierre,,,,,ChIJ5aaMcJBzeCERkJMw1B6lWBw,2020-06-04,,,,-61,,
RE,Réunion,Saint-Pierre,,,,,ChIJ5aaMcJBzeCERkJMw1B6lWBw,2020-06-05,,,,-67,,
RE,Réunion,Saint-Pierre,,,,,ChIJ5aaMcJBzeCERkJMw1B6lWBw,2020-06-06,,,,-70,,
RE,Réunion,Saint-Pierre,,,,,ChIJ5aaMcJBzeCERkJMw1B6lWBw,2020-06-07,,,,-73,,
RE,Réunion,Saint-Pierre,,,,,ChIJ5aaMcJBzeCERkJMw1B6lWBw,2020-06-08,,,,-69,,
RE,Réunion,Saint-Pierre,,,,,ChIJ5aaMcJBzeCERkJMw1B6lWBw,2020-06-09,,,-83,-67,,
RE,Réunion,Saint-Pierre,,,,,ChIJ5aaMcJBzeCERkJMw1B6lWBw,2020-06-10,,,,-65,,
RE,Réunion,Saint-Pierre,,,,,ChIJ5aaMcJBzeCERkJMw1B6lWBw,2020-06-11,,,,-62,,
RE,Réunion,Saint-Pierre,,,,,ChIJ5aaMcJBzeCERkJMw1B6lWBw,2020-06-12,,,,-72,,
RE,Réunion,Saint-Pierre,,,,,ChIJ5aaMcJBzeCERkJMw1B6lWBw,2020-06-13,,,-69,-64,,
RE,Réunion,Saint-Pierre,,,,,ChIJ5aaMcJBzeCERkJMw1B6lWBw,2020-06-14,,,-70,-71,,
RE,Réunion,Saint-Pierre,,,,,ChIJ5aaMcJBzeCERkJMw1B6lWBw,2020-06-15,,,,-64,,
RE,Réunion,Saint-Pierre,,,,,ChIJ5aaMcJBzeCERkJMw1B6lWBw,2020-06-16,,,-82,-63,,
RE,Réunion,Saint-Pierre,,,,,ChIJ5aaMcJBzeCERkJMw1B6lWBw,2020-06-17,,,,-68,,
RE,Réunion,Saint-Pierre,,,,,ChIJ5aaMcJBzeCERkJMw1B6lWBw,2020-06-18,,,,-63,,
RE,Réunion,Saint-Pierre,,,,,ChIJ5aaMcJBzeCERkJMw1B6lWBw,2020-06-19,,,,-65,,
RE,Réunion,Saint-Pierre,,,,,ChIJ5aaMcJBzeCERkJMw1B6lWBw,2020-06-20,,,-74,-64,,
RE,Réunion,Saint-Pierre,,,,,ChIJ5aaMcJBzeCERkJMw1B6lWBw,2020-06-21,,,-76,-68,,
RE,Réunion,Saint-Pierre,,,,,ChIJ5aaMcJBzeCERkJMw1B6lWBw,2020-06-22,,,-79,-69,,
RE,Réunion,Saint-Pierre,,,,,ChIJ5aaMcJBzeCERkJMw1B6lWBw,2020-06-23,,,-78,-66,,
RE,Réunion,Saint-Pierre,,,,,ChIJ5aaMcJBzeCERkJMw1B6lWBw,2020-06-24,,,,-62,,
RE,Réunion,Saint-Pierre,,,,,ChIJ5aaMcJBzeCERkJMw1B6lWBw,2020-06-25,,,,-61,,
RE,Réunion,Saint-Pierre,,,,,ChIJ5aaMcJBzeCERkJMw1B6lWBw,2020-06-26,,,,-70,,
RE,Réunion,Saint-Pierre,,,,,ChIJ5aaMcJBzeCERkJMw1B6lWBw,2020-06-27,,,-64,-61,,
RE,Réunion,Saint-Pierre,,,,,ChIJ5aaMcJBzeCERkJMw1B6lWBw,2020-06-28,,,-59,-67,,
RE,Réunion,Saint-Pierre,,,,,ChIJ5aaMcJBzeCERkJMw1B6lWBw,2020-06-29,,,,-62,,
RE,Réunion,Saint-Pierre,,,,,ChIJ5aaMcJBzeCERkJMw1B6lWBw,2020-06-30,,,,-56,,
RE,Réunion,Saint-Pierre,,,,,ChIJ5aaMcJBzeCERkJMw1B6lWBw,2020-07-01,,,,-50,,
RE,Réunion,Saint-Pierre,,,,,ChIJ5aaMcJBzeCERkJMw1B6lWBw,2020-07-02,,,,-47,,
RE,Réunion,Saint-Pierre,,,,,ChIJ5aaMcJBzeCERkJMw1B6lWBw,2020-07-03,,,,-62,,
RE,Réunion,Saint-Pierre,,,,,ChIJ5aaMcJBzeCERkJMw1B6lWBw,2020-07-04,,,-63,-60,,
RE,Réunion,Saint-Pierre,,,,,ChIJ5aaMcJBzeCERkJMw1B6lWBw,2020-07-05,,,-54,-58,,
RE,Réunion,Saint-Pierre,,,,,ChIJ5aaMcJBzeCERkJMw1B6lWBw,2020-07-06,,,-80,-56,,
RE,Réunion,Saint-Pierre,,,,,ChIJ5aaMcJBzeCERkJMw1B6lWBw,2020-07-07,,,,-44,,
RE,Réunion,Saint-Pierre,,,,,ChIJ5aaMcJBzeCERkJMw1B6lWBw,2020-07-08,,,,-38,,
RE,Réunion,Saint-Pierre,,,,,ChIJ5aaMcJBzeCERkJMw1B6lWBw,2020-07-09,,,,-40,,
RE,Réunion,Saint-Pierre,,,,,ChIJ5aaMcJBzeCERkJMw1B6lWBw,2020-07-10,,,,-44,,
RE,Réunion,Saint-Pierre,,,,,ChIJ5aaMcJBzeCERkJMw1B6lWBw,2020-07-11,,,,-39,,
RE,Réunion,Saint-Pierre,,,,,ChIJ5aaMcJBzeCERkJMw1B6lWBw,2020-07-12,,,,-41,,
RE,Réunion,Saint-Pierre,,,,,ChIJ5aaMcJBzeCERkJMw1B6lWBw,2020-07-13,,,,-27,,
RE,Réunion,Saint-Pierre,,,,,ChIJ5aaMcJBzeCERkJMw1B6lWBw,2020-07-14,,,,-27,,
RE,Réunion,Saint-Pierre,,,,,ChIJ5aaMcJBzeCERkJMw1B6lWBw,2020-07-15,,,,-14,,
RE,Réunion,Saint-Pierre,,,,,ChIJ5aaMcJBzeCERkJMw1B6lWBw,2020-07-16,,,,-16,,
RE,Réunion,Saint-Pierre,,,,,ChIJ5aaMcJBzeCERkJMw1B6lWBw,2020-07-17,,,,-37,,
RE,Réunion,Saint-Pierre,,,,,ChIJ5aaMcJBzeCERkJMw1B6lWBw,2020-07-18,,,,-24,,
RE,Réunion,Saint-Pierre,,,,,ChIJ5aaMcJBzeCERkJMw1B6lWBw,2020-07-19,,,,-28,,
RE,Réunion,Saint-Pierre,,,,,ChIJ5aaMcJBzeCERkJMw1B6lWBw,2020-07-20,,,,-19,,
RE,Réunion,Saint-Pierre,,,,,ChIJ5aaMcJBzeCERkJMw1B6lWBw,2020-07-21,,,,-8,,
RE,Réunion,Saint-Pierre,,,,,ChIJ5aaMcJBzeCERkJMw1B6lWBw,2020-07-24,,,,-31,,
RE,Réunion,Saint-Pierre,,,,,ChIJ5aaMcJBzeCERkJMw1B6lWBw,2020-07-25,,,,-28,,
RE,Réunion,Saint-Pierre,,,,,ChIJ5aaMcJBzeCERkJMw1B6lWBw,2020-07-26,,,,-25,,
RE,Réunion,Saint-Pierre,,,,,ChIJ5aaMcJBzeCERkJMw1B6lWBw,2020-07-27,,,,-19,,
RE,Réunion,Saint-Pierre,,,,,ChIJ5aaMcJBzeCERkJMw1B6lWBw,2020-07-31,,,,-22,,
RE,Réunion,Saint-Pierre,,,,,ChIJ5aaMcJBzeCERkJMw1B6lWBw,2020-08-01,,,,-14,,
RE,Réunion,Saint-Pierre,,,,,ChIJ5aaMcJBzeCERkJMw1B6lWBw,2020-08-02,,,,-12,,
RE,Réunion,Saint-Pierre,,,,,ChIJ5aaMcJBzeCERkJMw1B6lWBw,2020-08-03,,,,-4,,
RE,Réunion,Saint-Pierre,,,,,ChIJ5aaMcJBzeCERkJMw1B6lWBw,2020-08-07,,,,-16,,
RE,Réunion,Saint-Pierre,,,,,ChIJ5aaMcJBzeCERkJMw1B6lWBw,2020-08-08,,,,-8,,
RE,Réunion,Saint-Pierre,,,,,ChIJ5aaMcJBzeCERkJMw1B6lWBw,2020-08-09,,,,-11,,
RE,Réunion,Saint-Pierre,,,,,ChIJ5aaMcJBzeCERkJMw1B6lWBw,2020-08-10,,,,4,,
RE,Réunion,Saint-Pierre,,,,,ChIJ5aaMcJBzeCERkJMw1B6lWBw,2020-08-14,,,,-21,,
RE,Réunion,Saint-Pierre,,,,,ChIJ5aaMcJBzeCERkJMw1B6lWBw,2020-08-15,,,,-13,,
RE,Réunion,Saint-Pierre,,,,,ChIJ5aaMcJBzeCERkJMw1B6lWBw,2020-08-16,,,,-13,,
RE,Réunion,Saint-Pierre,,,,,ChIJ5aaMcJBzeCERkJMw1B6lWBw,2020-09-11,,,,-48,,
RE,Réunion,Saint-Pierre,,,,,ChIJ5aaMcJBzeCERkJMw1B6lWBw,2020-09-12,,,,-41,,
RE,Réunion,Saint-Pierre,,,,,ChIJ5aaMcJBzeCERkJMw1B6lWBw,2020-09-13,,,,-45,,
RE,Réunion,Saint-Pierre,,,,,ChIJ5aaMcJBzeCERkJMw1B6lWBw,2020-09-14,,,,-43,,
RE,Réunion,Saint-Pierre,,,,,ChIJ5aaMcJBzeCERkJMw1B6lWBw,2020-09-15,,,,-33,,
RE,Réunion,Saint-Pierre,,,,,ChIJ5aaMcJBzeCERkJMw1B6lWBw,2020-09-16,,,,-31,,
RE,Réunion,Saint-Pierre,,,,,ChIJ5aaMcJBzeCERkJMw1B6lWBw,2020-09-17,,,,-28,,
RE,Réunion,Saint-Pierre,,,,,ChIJ5aaMcJBzeCERkJMw1B6lWBw,2020-09-18,,,,-45,,
RE,Réunion,Saint-Pierre,,,,,ChIJ5aaMcJBzeCERkJMw1B6lWBw,2020-09-19,,,,-45,,
RE,Réunion,Saint-Pierre,,,,,ChIJ5aaMcJBzeCERkJMw1B6lWBw,2020-09-20,,,,-44,,
RE,Réunion,Saint-Pierre,,,,,ChIJ5aaMcJBzeCERkJMw1B6lWBw,2020-09-21,,,,-37,,
RE,Réunion,Saint-Pierre,,,,,ChIJ5aaMcJBzeCERkJMw1B6lWBw,2020-09-22,,,,-31,,
RE,Réunion,Saint-Pierre,,,,,ChIJ5aaMcJBzeCERkJMw1B6lWBw,2020-09-23,,,,-23,,
RE,Réunion,Saint-Pierre,,,,,ChIJ5aaMcJBzeCERkJMw1B6lWBw,2020-09-24,,,,-25,,
RE,Réunion,Saint-Pierre,,,,,ChIJ5aaMcJBzeCERkJMw1B6lWBw,2020-09-25,,,,-45,,
RE,Réunion,Saint-Pierre,,,,,ChIJ5aaMcJBzeCERkJMw1B6lWBw,2020-09-26,,,,-43,,
RE,Réunion,Saint-Pierre,,,,,ChIJ5aaMcJBzeCERkJMw1B6lWBw,2020-09-27,,,,-45,,
RE,Réunion,Saint-Pierre,,,,,ChIJ5aaMcJBzeCERkJMw1B6lWBw,2020-09-28,,,,-45,,
RE,Réunion,Saint-Pierre,,,,,ChIJ5aaMcJBzeCERkJMw1B6lWBw,2020-09-29,,,,-35,,
RE,Réunion,Saint-Pierre,,,,,ChIJ5aaMcJBzeCERkJMw1B6lWBw,2020-09-30,,,,-34,,
RE,Réunion,Saint-Pierre,,,,,ChIJ5aaMcJBzeCERkJMw1B6lWBw,2020-10-01,,,,-37,,
RE,Réunion,Saint-Pierre,,,,,ChIJ5aaMcJBzeCERkJMw1B6lWBw,2020-10-02,,,,-46,,
RE,Réunion,Saint-Pierre,,,,,ChIJ5aaMcJBzeCERkJMw1B6lWBw,2020-10-03,,,,-42,,
RE,Réunion,Saint-Pierre,,,,,ChIJ5aaMcJBzeCERkJMw1B6lWBw,2020-10-04,,,,-40,,
RE,Réunion,Saint-Pierre,,,,,ChIJ5aaMcJBzeCERkJMw1B6lWBw,2020-10-05,,,,-40,,
RE,Réunion,Saint-Pierre,,,,,ChIJ5aaMcJBzeCERkJMw1B6lWBw,2020-10-06,,,,-27,,
RE,Réunion,Saint-Pierre,,,,,ChIJ5aaMcJBzeCERkJMw1B6lWBw,2020-10-07,,,,-21,,
RE,Réunion,Saint-Pierre,,,,,ChIJ5aaMcJBzeCERkJMw1B6lWBw,2020-10-08,,,,-20,,
RE,Réunion,Saint-Pierre,,,,,ChIJ5aaMcJBzeCERkJMw1B6lWBw,2020-10-09,,,,-41,,
RE,Réunion,Saint-Pierre,,,,,ChIJ5aaMcJBzeCERkJMw1B6lWBw,2020-10-10,,,,-29,,
RE,Réunion,Saint-Pierre,,,,,ChIJ5aaMcJBzeCERkJMw1B6lWBw,2020-10-11,,,,-37,,
RE,Réunion,Saint-Pierre,,,,,ChIJ5aaMcJBzeCERkJMw1B6lWBw,2020-10-12,,,,-24,,
RE,Réunion,Saint-Pierre,,,,,ChIJ5aaMcJBzeCERkJMw1B6lWBw,2020-10-13,,,,-12,,
RE,Réunion,Saint-Pierre,,,,,ChIJ5aaMcJBzeCERkJMw1B6lWBw,2020-10-16,,,,-27,,
RE,Réunion,Saint-Pierre,,,,,ChIJ5aaMcJBzeCERkJMw1B6lWBw,2020-10-17,,,,-16,,
RE,Réunion,Saint-Pierre,,,,,ChIJ5aaMcJBzeCERkJMw1B6lWBw,2020-10-18,,,,-16,,
RE,Réunion,Saint-Pierre,,,,,ChIJ5aaMcJBzeCERkJMw1B6lWBw,2020-10-19,,,,-1,,
RE,Réunion,Saint-Pierre,,,,,ChIJ5aaMcJBzeCERkJMw1B6lWBw,2020-10-23,,,,-17,,
RE,Réunion,Saint-Pierre,,,,,ChIJ5aaMcJBzeCERkJMw1B6lWBw,2020-10-24,,,,-14,,
RE,Réunion,Saint-Pierre,,,,,ChIJ5aaMcJBzeCERkJMw1B6lWBw,2020-10-25,,,,-13,,
RE,Réunion,Saint-Pierre,,,,,ChIJ5aaMcJBzeCERkJMw1B6lWBw,2020-10-26,,,,-7,,
RE,Réunion,Saint-Pierre,,,,,ChIJ5aaMcJBzeCERkJMw1B6lWBw,2020-10-30,,,,-31,,
RE,Réunion,Saint-Pierre,,,,,ChIJ5aaMcJBzeCERkJMw1B6lWBw,2020-10-31,,,,-25,,
RE,Réunion,Saint-Pierre,,,,,ChIJ5aaMcJBzeCERkJMw1B6lWBw,2020-11-01,,,,-23,,
RE,Réunion,Saint-Pierre,,,,,ChIJ5aaMcJBzeCERkJMw1B6lWBw,2020-11-02,,,,-19,,
RE,Réunion,Saint-Pierre,,,,,ChIJ5aaMcJBzeCERkJMw1B6lWBw,2020-11-03,,,,-8,,
RE,Réunion,Saint-Pierre,,,,,ChIJ5aaMcJBzeCERkJMw1B6lWBw,2020-11-04,,,,-21,,
RE,Réunion,Saint-Pierre,,,,,ChIJ5aaMcJBzeCERkJMw1B6lWBw,2020-11-05,,,,-15,,
RE,Réunion,Saint-Pierre,,,,,ChIJ5aaMcJBzeCERkJMw1B6lWBw,2020-11-06,,,,-42,,
RE,Réunion,Saint-Pierre,,,,,ChIJ5aaMcJBzeCERkJMw1B6lWBw,2020-11-07,,,,-36,,
RE,Réunion,Saint-Pierre,,,,,ChIJ5aaMcJBzeCERkJMw1B6lWBw,2020-11-08,,,,-39,,
RE,Réunion,Saint-Pierre,,,,,ChIJ5aaMcJBzeCERkJMw1B6lWBw,2020-11-09,,,,-35,,
RE,Réunion,Saint-Pierre,,,,,ChIJ5aaMcJBzeCERkJMw1B6lWBw,2020-11-10,,,,-25,,
RE,Réunion,Saint-Pierre,,,,,ChIJ5aaMcJBzeCERkJMw1B6lWBw,2020-11-11,,,,-36,,
RE,Réunion,Saint-Pierre,,,,,ChIJ5aaMcJBzeCERkJMw1B6lWBw,2020-11-12,,,,-22,,
RE,Réunion,Saint-Pierre,,,,,ChIJ5aaMcJBzeCERkJMw1B6lWBw,2020-11-13,,,,-46,,
RE,Réunion,Saint-Pierre,,,,,ChIJ5aaMcJBzeCERkJMw1B6lWBw,2020-11-14,,,,-43,,
RE,Réunion,Saint-Pierre,,,,,ChIJ5aaMcJBzeCERkJMw1B6lWBw,2020-11-15,,,,-47,,
RE,Réunion,Saint-Pierre,,,,,ChIJ5aaMcJBzeCERkJMw1B6lWBw,2020-11-16,,,,-46,,
RE,Réunion,Saint-Pierre,,,,,ChIJ5aaMcJBzeCERkJMw1B6lWBw,2020-11-17,,,,-38,,
RE,Réunion,Saint-Pierre,,,,,ChIJ5aaMcJBzeCERkJMw1B6lWBw,2020-11-18,,,,-31,,
RE,Réunion,Saint-Pierre,,,,,ChIJ5aaMcJBzeCERkJMw1B6lWBw,2020-11-19,,,,-32,,
RE,Réunion,Saint-Pierre,,,,,ChIJ5aaMcJBzeCERkJMw1B6lWBw,2020-11-20,,,,-48,,
RE,Réunion,Saint-Pierre,,,,,ChIJ5aaMcJBzeCERkJMw1B6lWBw,2020-11-21,,,,-46,,
RE,Réunion,Saint-Pierre,,,,,ChIJ5aaMcJBzeCERkJMw1B6lWBw,2020-11-22,,,,-52,,
RE,Réunion,Saint-Pierre,,,,,ChIJ5aaMcJBzeCERkJMw1B6lWBw,2020-11-23,,,,-48,,
RE,Réunion,Saint-Pierre,,,,,ChIJ5aaMcJBzeCERkJMw1B6lWBw,2020-11-24,,,,-39,,
RE,Réunion,Saint-Pierre,,,,,ChIJ5aaMcJBzeCERkJMw1B6lWBw,2020-11-25,,,,-36,,
RE,Réunion,Saint-Pierre,,,,,ChIJ5aaMcJBzeCERkJMw1B6lWBw,2020-11-26,,,,-39,,
RE,Réunion,Saint-Pierre,,,,,ChIJ5aaMcJBzeCERkJMw1B6lWBw,2020-11-27,,,,-53,,
RE,Réunion,Saint-Pierre,,,,,ChIJ5aaMcJBzeCERkJMw1B6lWBw,2020-11-28,,,,-45,,
RE,Réunion,Saint-Pierre,,,,,ChIJ5aaMcJBzeCERkJMw1B6lWBw,2020-11-29,,,,-49,,
RE,Réunion,Saint-Pierre,,,,,ChIJ5aaMcJBzeCERkJMw1B6lWBw,2020-11-30,,,,-44,,
RE,Réunion,Saint-Pierre,,,,,ChIJ5aaMcJBzeCERkJMw1B6lWBw,2020-12-01,,,,-50,,
RE,Réunion,Saint-Pierre,,,,,ChIJ5aaMcJBzeCERkJMw1B6lWBw,2020-12-02,,,,-35,,
RE,Réunion,Saint-Pierre,,,,,ChIJ5aaMcJBzeCERkJMw1B6lWBw,2020-12-03,,,,-45,,
RE,Réunion,Saint-Pierre,,,,,ChIJ5aaMcJBzeCERkJMw1B6lWBw,2020-12-04,,,,-52,,
RE,Réunion,Saint-Pierre,,,,,ChIJ5aaMcJBzeCERkJMw1B6lWBw,2020-12-05,,,,-43,,
RE,Réunion,Saint-Pierre,,,,,ChIJ5aaMcJBzeCERkJMw1B6lWBw,2020-12-06,,,,-47,,
RE,Réunion,Saint-Pierre,,,,,ChIJ5aaMcJBzeCERkJMw1B6lWBw,2020-12-07,,,-60,-46,,
RE,Réunion,Saint-Pierre,,,,,ChIJ5aaMcJBzeCERkJMw1B6lWBw,2020-12-08,,,,-43,,
RE,Réunion,Saint-Pierre,,,,,ChIJ5aaMcJBzeCERkJMw1B6lWBw,2020-12-09,,,,-38,,
RE,Réunion,Saint-Pierre,,,,,ChIJ5aaMcJBzeCERkJMw1B6lWBw,2020-12-10,,,,-27,,
RE,Réunion,Saint-Pierre,,,,,ChIJ5aaMcJBzeCERkJMw1B6lWBw,2020-12-11,,,,-48,,
RE,Réunion,Saint-Pierre,,,,,ChIJ5aaMcJBzeCERkJMw1B6lWBw,2020-12-12,,,,-35,,
RE,Réunion,Saint-Pierre,,,,,ChIJ5aaMcJBzeCERkJMw1B6lWBw,2020-12-13,,,,-36,,
RE,Réunion,Saint-Pierre,,,,,ChIJ5aaMcJBzeCERkJMw1B6lWBw,2020-12-14,,,-62,-28,,
RE,Réunion,Saint-Pierre,,,,,ChIJ5aaMcJBzeCERkJMw1B6lWBw,2020-12-15,,,,-24,,
RE,Réunion,Saint-Pierre,,,,,ChIJ5aaMcJBzeCERkJMw1B6lWBw,2020-12-16,,,,-12,,
RE,Réunion,Saint-Pierre,,,,,ChIJ5aaMcJBzeCERkJMw1B6lWBw,2020-12-18,,,,-29,,
RE,Réunion,Saint-Pierre,,,,,ChIJ5aaMcJBzeCERkJMw1B6lWBw,2020-12-19,,,,-6,,
RE,Réunion,Saint-Pierre,,,,,ChIJ5aaMcJBzeCERkJMw1B6lWBw,2020-12-20,,,,-7,,
RE,Réunion,Saint-Pierre,,,,,ChIJ5aaMcJBzeCERkJMw1B6lWBw,2020-12-21,,,,2,,
RE,Réunion,Saint-Pierre,,,,,ChIJ5aaMcJBzeCERkJMw1B6lWBw,2020-12-25,,,,-15,,
RE,Réunion,Saint-Pierre,,,,,ChIJ5aaMcJBzeCERkJMw1B6lWBw,2020-12-26,,,,9,,
RE,Réunion,Saint-Pierre,,,,,ChIJ5aaMcJBzeCERkJMw1B6lWBw,2021-01-01,,,,-3,,
RE,Réunion,Saint-Pierre,,,,,ChIJ5aaMcJBzeCERkJMw1B6lWBw,2021-01-02,,,,14,,
RE,Réunion,Saint-Pierre,,,,,ChIJ5aaMcJBzeCERkJMw1B6lWBw,2021-01-08,,,,1,,
RE,Réunion,Saint-Pierre,,,,,ChIJ5aaMcJBzeCERkJMw1B6lWBw,2021-01-09,,,,6,,
RE,Réunion,Saint-Pierre,,,,,ChIJ5aaMcJBzeCERkJMw1B6lWBw,2021-01-10,,,,2,,
RE,Réunion,Saint-Pierre,,,,,ChIJ5aaMcJBzeCERkJMw1B6lWBw,2021-01-11,,,,4,,
RE,Réunion,Saint-Pierre,,,,,ChIJ5aaMcJBzeCERkJMw1B6lWBw,2021-01-15,,,,-21,,
RE,Réunion,Saint-Pierre,,,,,ChIJ5aaMcJBzeCERkJMw1B6lWBw,2021-01-16,,,,-13,,
RE,Réunion,Saint-Pierre,,,,,ChIJ5aaMcJBzeCERkJMw1B6lWBw,2021-01-17,,,,-17,,
RE,Réunion,Saint-Pierre,,,,,ChIJ5aaMcJBzeCERkJMw1B6lWBw,2021-01-18,,,,-10,,
RE,Réunion,Saint-Pierre,,,,,ChIJ5aaMcJBzeCERkJMw1B6lWBw,2021-01-22,,,,-32,,
RE,Réunion,Saint-Pierre,,,,,ChIJ5aaMcJBzeCERkJMw1B6lWBw,2021-01-23,,,,-26,,
RE,Réunion,Saint-Pierre,,,,,ChIJ5aaMcJBzeCERkJMw1B6lWBw,2021-01-24,,,,-26,,
RE,Réunion,Saint-Pierre,,,,,ChIJ5aaMcJBzeCERkJMw1B6lWBw,2021-01-25,,,,-16,,
RE,Réunion,Saint-Pierre,,,,,ChIJ5aaMcJBzeCERkJMw1B6lWBw,2021-01-26,,,,-12,,
RE,Réunion,Saint-Pierre,,,,,ChIJ5aaMcJBzeCERkJMw1B6lWBw,2021-01-29,,,,-29,,
RE,Réunion,Saint-Pierre,,,,,ChIJ5aaMcJBzeCERkJMw1B6lWBw,2021-01-30,,,,-22,,
RE,Réunion,Saint-Pierre,,,,,ChIJ5aaMcJBzeCERkJMw1B6lWBw,2021-01-31,,,,-28,,
RE,Réunion,Saint-Pierre,,,,,ChIJ5aaMcJBzeCERkJMw1B6lWBw,2021-02-01,,,,-20,,
RE,Réunion,Saint-Pierre,,,,,ChIJ5aaMcJBzeCERkJMw1B6lWBw,2021-02-02,,,,-14,,
RE,Réunion,Saint-Pierre,,,,,ChIJ5aaMcJBzeCERkJMw1B6lWBw,2021-02-04,,,,-17,,
RE,Réunion,Saint-Pierre,,,,,ChIJ5aaMcJBzeCERkJMw1B6lWBw,2021-02-05,,,,-32,,
RE,Réunion,Saint-Pierre,,,,,ChIJ5aaMcJBzeCERkJMw1B6lWBw,2021-02-06,,,,-30,,
RE,Réunion,Saint-Pierre,,,,,ChIJ5aaMcJBzeCERkJMw1B6lWBw,2021-02-07,,,,-29,,
RE,Réunion,Saint-Pierre,,,,,ChIJ5aaMcJBzeCERkJMw1B6lWBw,2021-02-08,,,,-29,,
RE,Réunion,Saint-Pierre,,,,,ChIJ5aaMcJBzeCERkJMw1B6lWBw,2021-02-09,,,,-18,,
RE,Réunion,Saint-Pierre,,,,,ChIJ5aaMcJBzeCERkJMw1B6lWBw,2021-02-10,,,,-16,,
RE,Réunion,Saint-Pierre,,,,,ChIJ5aaMcJBzeCERkJMw1B6lWBw,2021-02-11,,,,-22,,
RE,Réunion,Saint-Pierre,,,,,ChIJ5aaMcJBzeCERkJMw1B6lWBw,2021-02-12,,,,-44,,
RE,Réunion,Saint-Pierre,,,,,ChIJ5aaMcJBzeCERkJMw1B6lWBw,2021-02-13,,,,-37,,
RE,Réunion,Saint-Pierre,,,,,ChIJ5aaMcJBzeCERkJMw1B6lWBw,2021-02-14,,,,-51,,
RE,Réunion,Saint-Pierre,,,,,ChIJ5aaMcJBzeCERkJMw1B6lWBw,2021-02-15,,,,-41,,
RE,Réunion,Saint-Pierre,,,,,ChIJ5aaMcJBzeCERkJMw1B6lWBw,2021-02-16,,,,-34,,
RE,Réunion,Saint-Pierre,,,,,ChIJ5aaMcJBzeCERkJMw1B6lWBw,2021-02-17,,,,-25,,
RE,Réunion,Saint-Pierre,,,,,ChIJ5aaMcJBzeCERkJMw1B6lWBw,2021-02-18,,,,-31,,
RE,Réunion,Saint-Pierre,,,,,ChIJ5aaMcJBzeCERkJMw1B6lWBw,2021-02-19,,,,-48,,
RE,Réunion,Saint-Pierre,,,,,ChIJ5aaMcJBzeCERkJMw1B6lWBw,2021-02-20,,,,-49,,
RE,Réunion,Saint-Pierre,,,,,ChIJ5aaMcJBzeCERkJMw1B6lWBw,2021-02-21,,,,-52,,
RE,Réunion,Saint-Pierre,,,,,ChIJ5aaMcJBzeCERkJMw1B6lWBw,2021-02-22,,,,-47,,
RE,Réunion,Saint-Pierre,,,,,ChIJ5aaMcJBzeCERkJMw1B6lWBw,2021-02-23,,,,-50,,
RE,Réunion,Saint-Pierre,,,,,ChIJ5aaMcJBzeCERkJMw1B6lWBw,2021-02-24,,,,-35,,
RE,Réunion,Saint-Pierre,,,,,ChIJ5aaMcJBzeCERkJMw1B6lWBw,2021-02-25,,,,-37,,
RE,Réunion,Saint-Pierre,,,,,ChIJ5aaMcJBzeCERkJMw1B6lWBw,2021-02-26,,,,-56,,
RE,Réunion,Saint-Pierre,,,,,ChIJ5aaMcJBzeCERkJMw1B6lWBw,2021-02-27,,,,-48,,
RE,Réunion,Saint-Pierre,,,,,ChIJ5aaMcJBzeCERkJMw1B6lWBw,2021-02-28,,,,-55,,
RE,Réunion,Saint-Pierre,,,,,ChIJ5aaMcJBzeCERkJMw1B6lWBw,2021-03-01,,,,-49,,
RE,Réunion,Saint-Pierre,,,,,ChIJ5aaMcJBzeCERkJMw1B6lWBw,2021-03-02,,,,-48,,
RE,Réunion,Saint-Pierre,,,,,ChIJ5aaMcJBzeCERkJMw1B6lWBw,2021-03-03,,,,-47,,
RE,Réunion,Saint-Pierre,,,,,ChIJ5aaMcJBzeCERkJMw1B6lWBw,2021-03-04,,,,-50,,
RE,Réunion,Saint-Pierre,,,,,ChIJ5aaMcJBzeCERkJMw1B6lWBw,2021-03-05,,,,-59,,
